ISO-10303-21;
HEADER;
FILE_DESCRIPTION(('KiCad electronic assembly'),'2;1');
FILE_NAME('PDU_Resistors_Board.step','2025-03-19T12:11:58',('Pcbnew'),(
    'Kicad'),'Open CASCADE STEP processor 7.8','KiCad to STEP converter'
  ,'Unknown');
FILE_SCHEMA(('AUTOMOTIVE_DESIGN { 1 0 10303 214 1 1 1 1 }'));
ENDSEC;
DATA;
#1 = APPLICATION_PROTOCOL_DEFINITION('international standard',
  'automotive_design',2000,#2);
#2 = APPLICATION_CONTEXT(
  'core data for automotive mechanical design processes');
#3 = SHAPE_DEFINITION_REPRESENTATION(#4,#10);
#4 = PRODUCT_DEFINITION_SHAPE('','',#5);
#5 = PRODUCT_DEFINITION('design','',#6,#9);
#6 = PRODUCT_DEFINITION_FORMATION('','',#7);
#7 = PRODUCT('PDU_Resistors_Board 1','PDU_Resistors_Board 1','',(#8));
#8 = PRODUCT_CONTEXT('',#2,'mechanical');
#9 = PRODUCT_DEFINITION_CONTEXT('part definition',#2,'design');
#10 = SHAPE_REPRESENTATION('',(#11,#15,#19,#23,#27,#31,#35,#39,#43,#47,
    #51,#55,#59,#63,#67,#71,#75,#79,#83,#87,#91,#95,#99,#103,#107,#111,
    #115,#119,#123,#127,#131,#135,#139),#143);
#11 = AXIS2_PLACEMENT_3D('',#12,#13,#14);
#12 = CARTESIAN_POINT('',(0.,0.,0.));
#13 = DIRECTION('',(0.,0.,1.));
#14 = DIRECTION('',(1.,0.,-0.));
#15 = AXIS2_PLACEMENT_3D('',#16,#17,#18);
#16 = CARTESIAN_POINT('',(240.,-121.6,1.65));
#17 = DIRECTION('',(0.,0.,1.));
#18 = DIRECTION('',(-1.,1.224646799147E-16,0.));
#19 = AXIS2_PLACEMENT_3D('',#20,#21,#22);
#20 = CARTESIAN_POINT('',(240.02,-323.63,1.65));
#21 = DIRECTION('',(0.,0.,1.));
#22 = DIRECTION('',(-1.,1.224646799147E-16,0.));
#23 = AXIS2_PLACEMENT_3D('',#24,#25,#26);
#24 = CARTESIAN_POINT('',(240.,-152.7,1.65));
#25 = DIRECTION('',(0.,0.,1.));
#26 = DIRECTION('',(-1.,1.224646799147E-16,0.));
#27 = AXIS2_PLACEMENT_3D('',#28,#29,#30);
#28 = CARTESIAN_POINT('',(240.,-199.35,1.65));
#29 = DIRECTION('',(0.,0.,1.));
#30 = DIRECTION('',(-1.,1.224646799147E-16,0.));
#31 = AXIS2_PLACEMENT_3D('',#32,#33,#34);
#32 = CARTESIAN_POINT('',(240.02,-308.08,1.65));
#33 = DIRECTION('',(0.,0.,1.));
#34 = DIRECTION('',(-1.,1.224646799147E-16,0.));
#35 = AXIS2_PLACEMENT_3D('',#36,#37,#38);
#36 = CARTESIAN_POINT('',(240.02,-292.53,1.65));
#37 = DIRECTION('',(0.,0.,1.));
#38 = DIRECTION('',(-1.,1.224646799147E-16,0.));
#39 = AXIS2_PLACEMENT_3D('',#40,#41,#42);
#40 = CARTESIAN_POINT('',(240.,-106.05,1.65));
#41 = DIRECTION('',(0.,0.,1.));
#42 = DIRECTION('',(-1.,1.224646799147E-16,0.));
#43 = AXIS2_PLACEMENT_3D('',#44,#45,#46);
#44 = CARTESIAN_POINT('',(240.,-214.55,1.65));
#45 = DIRECTION('',(0.,0.,1.));
#46 = DIRECTION('',(-1.,1.224646799147E-16,0.));
#47 = AXIS2_PLACEMENT_3D('',#48,#49,#50);
#48 = CARTESIAN_POINT('',(240.02,-276.98,1.65));
#49 = DIRECTION('',(0.,0.,1.));
#50 = DIRECTION('',(-1.,1.224646799147E-16,0.));
#51 = AXIS2_PLACEMENT_3D('',#52,#53,#54);
#52 = CARTESIAN_POINT('',(240.,-168.25,1.65));
#53 = DIRECTION('',(0.,0.,1.));
#54 = DIRECTION('',(-1.,1.224646799147E-16,0.));
#55 = AXIS2_PLACEMENT_3D('',#56,#57,#58);
#56 = CARTESIAN_POINT('',(240.02,-245.88,1.65));
#57 = DIRECTION('',(0.,0.,1.));
#58 = DIRECTION('',(-1.,1.224646799147E-16,0.));
#59 = AXIS2_PLACEMENT_3D('',#60,#61,#62);
#60 = CARTESIAN_POINT('',(240.,-183.8,1.65));
#61 = DIRECTION('',(0.,0.,1.));
#62 = DIRECTION('',(-1.,1.224646799147E-16,0.));
#63 = AXIS2_PLACEMENT_3D('',#64,#65,#66);
#64 = CARTESIAN_POINT('',(240.,-137.15,1.65));
#65 = DIRECTION('',(0.,0.,1.));
#66 = DIRECTION('',(-1.,1.224646799147E-16,0.));
#67 = AXIS2_PLACEMENT_3D('',#68,#69,#70);
#68 = CARTESIAN_POINT('',(240.02,-230.33,1.65));
#69 = DIRECTION('',(0.,0.,1.));
#70 = DIRECTION('',(-1.,1.224646799147E-16,0.));
#71 = AXIS2_PLACEMENT_3D('',#72,#73,#74);
#72 = CARTESIAN_POINT('',(211.2,-83.,1.65));
#73 = DIRECTION('',(1.,2.334869823773E-16,1.110223024625E-16));
#74 = DIRECTION('',(-2.334869823773E-16,1.,0.));
#75 = AXIS2_PLACEMENT_3D('',#76,#77,#78);
#76 = CARTESIAN_POINT('',(240.02,-261.43,1.65));
#77 = DIRECTION('',(0.,0.,1.));
#78 = DIRECTION('',(-1.,1.224646799147E-16,0.));
#79 = AXIS2_PLACEMENT_3D('',#80,#81,#82);
#80 = CARTESIAN_POINT('',(240.,-191.6,-5.E-02));
#81 = DIRECTION('',(1.499759782662E-32,1.224646799147E-16,-1.));
#82 = DIRECTION('',(-1.,1.224646799147E-16,0.));
#83 = AXIS2_PLACEMENT_3D('',#84,#85,#86);
#84 = CARTESIAN_POINT('',(240.,-129.4,-5.E-02));
#85 = DIRECTION('',(1.499759782662E-32,1.224646799147E-16,-1.));
#86 = DIRECTION('',(-1.,1.224646799147E-16,0.));
#87 = AXIS2_PLACEMENT_3D('',#88,#89,#90);
#88 = CARTESIAN_POINT('',(240.,-284.8,-5.E-02));
#89 = DIRECTION('',(1.499759782662E-32,1.224646799147E-16,-1.));
#90 = DIRECTION('',(-1.,1.224646799147E-16,0.));
#91 = AXIS2_PLACEMENT_3D('',#92,#93,#94);
#92 = CARTESIAN_POINT('',(240.,-113.85,-5.E-02));
#93 = DIRECTION('',(1.499759782662E-32,1.224646799147E-16,-1.));
#94 = DIRECTION('',(-1.,1.224646799147E-16,0.));
#95 = AXIS2_PLACEMENT_3D('',#96,#97,#98);
#96 = CARTESIAN_POINT('',(240.,-144.95,-5.E-02));
#97 = DIRECTION('',(1.499759782662E-32,1.224646799147E-16,-1.));
#98 = DIRECTION('',(-1.,1.224646799147E-16,0.));
#99 = AXIS2_PLACEMENT_3D('',#100,#101,#102);
#100 = CARTESIAN_POINT('',(240.,-160.5,-5.E-02));
#101 = DIRECTION('',(1.499759782662E-32,1.224646799147E-16,-1.));
#102 = DIRECTION('',(-1.,1.224646799147E-16,0.));
#103 = AXIS2_PLACEMENT_3D('',#104,#105,#106);
#104 = CARTESIAN_POINT('',(240.,-238.2,-5.E-02));
#105 = DIRECTION('',(1.499759782662E-32,1.224646799147E-16,-1.));
#106 = DIRECTION('',(-1.,1.224646799147E-16,0.));
#107 = AXIS2_PLACEMENT_3D('',#108,#109,#110);
#108 = CARTESIAN_POINT('',(240.,-98.3,-5.E-02));
#109 = DIRECTION('',(1.499759782662E-32,1.224646799147E-16,-1.));
#110 = DIRECTION('',(-1.,1.224646799147E-16,0.));
#111 = AXIS2_PLACEMENT_3D('',#112,#113,#114);
#112 = CARTESIAN_POINT('',(240.,-253.75,-5.E-02));
#113 = DIRECTION('',(1.499759782662E-32,1.224646799147E-16,-1.));
#114 = DIRECTION('',(-1.,1.224646799147E-16,0.));
#115 = AXIS2_PLACEMENT_3D('',#116,#117,#118);
#116 = CARTESIAN_POINT('',(240.,-222.65,-5.E-02));
#117 = DIRECTION('',(1.499759782662E-32,1.224646799147E-16,-1.));
#118 = DIRECTION('',(-1.,1.224646799147E-16,0.));
#119 = AXIS2_PLACEMENT_3D('',#120,#121,#122);
#120 = CARTESIAN_POINT('',(240.,-315.9,-5.E-02));
#121 = DIRECTION('',(1.499759782662E-32,1.224646799147E-16,-1.));
#122 = DIRECTION('',(-1.,1.224646799147E-16,0.));
#123 = AXIS2_PLACEMENT_3D('',#124,#125,#126);
#124 = CARTESIAN_POINT('',(240.,-176.05,-5.E-02));
#125 = DIRECTION('',(1.499759782662E-32,1.224646799147E-16,-1.));
#126 = DIRECTION('',(-1.,1.224646799147E-16,0.));
#127 = AXIS2_PLACEMENT_3D('',#128,#129,#130);
#128 = CARTESIAN_POINT('',(240.,-300.35,-5.E-02));
#129 = DIRECTION('',(1.499759782662E-32,1.224646799147E-16,-1.));
#130 = DIRECTION('',(-1.,1.224646799147E-16,0.));
#131 = AXIS2_PLACEMENT_3D('',#132,#133,#134);
#132 = CARTESIAN_POINT('',(240.,-269.3,-5.E-02));
#133 = DIRECTION('',(1.499759782662E-32,1.224646799147E-16,-1.));
#134 = DIRECTION('',(-1.,1.224646799147E-16,0.));
#135 = AXIS2_PLACEMENT_3D('',#136,#137,#138);
#136 = CARTESIAN_POINT('',(240.,-207.15,-5.E-02));
#137 = DIRECTION('',(1.499759782662E-32,1.224646799147E-16,-1.));
#138 = DIRECTION('',(-1.,1.224646799147E-16,0.));
#139 = AXIS2_PLACEMENT_3D('',#140,#141,#142);
#140 = CARTESIAN_POINT('',(0.,0.,0.));
#141 = DIRECTION('',(0.,0.,1.));
#142 = DIRECTION('',(1.,0.,-0.));
#143 = ( GEOMETRIC_REPRESENTATION_CONTEXT(3) 
GLOBAL_UNCERTAINTY_ASSIGNED_CONTEXT((#147)) GLOBAL_UNIT_ASSIGNED_CONTEXT
((#144,#145,#146)) REPRESENTATION_CONTEXT('Context #1',
  '3D Context with UNIT and UNCERTAINTY') );
#144 = ( LENGTH_UNIT() NAMED_UNIT(*) SI_UNIT(.MILLI.,.METRE.) );
#145 = ( NAMED_UNIT(*) PLANE_ANGLE_UNIT() SI_UNIT($,.RADIAN.) );
#146 = ( NAMED_UNIT(*) SI_UNIT($,.STERADIAN.) SOLID_ANGLE_UNIT() );
#147 = UNCERTAINTY_MEASURE_WITH_UNIT(LENGTH_MEASURE(1.E-07),#144,
  'distance_accuracy_value','confusion accuracy');
#148 = PRODUCT_RELATED_PRODUCT_CATEGORY('part',$,(#7));
#149 = SHAPE_DEFINITION_REPRESENTATION(#150,#156);
#150 = PRODUCT_DEFINITION_SHAPE('','',#151);
#151 = PRODUCT_DEFINITION('design','',#152,#155);
#152 = PRODUCT_DEFINITION_FORMATION('','',#153);
#153 = PRODUCT('R_Axial_Power_L60.0mm_W14.0mm_P66.04mm',
  'R_Axial_Power_L60.0mm_W14.0mm_P66.04mm','',(#154));
#154 = PRODUCT_CONTEXT('',#2,'mechanical');
#155 = PRODUCT_DEFINITION_CONTEXT('part definition',#2,'design');
#156 = SHAPE_REPRESENTATION('',(#11,#157),#161);
#157 = AXIS2_PLACEMENT_3D('',#158,#159,#160);
#158 = CARTESIAN_POINT('',(0.,0.,0.));
#159 = DIRECTION('',(0.,0.,1.));
#160 = DIRECTION('',(1.,0.,-0.));
#161 = ( GEOMETRIC_REPRESENTATION_CONTEXT(3) 
GLOBAL_UNCERTAINTY_ASSIGNED_CONTEXT((#165)) GLOBAL_UNIT_ASSIGNED_CONTEXT
((#162,#163,#164)) REPRESENTATION_CONTEXT('Context #1',
  '3D Context with UNIT and UNCERTAINTY') );
#162 = ( LENGTH_UNIT() NAMED_UNIT(*) SI_UNIT(.MILLI.,.METRE.) );
#163 = ( NAMED_UNIT(*) PLANE_ANGLE_UNIT() SI_UNIT($,.RADIAN.) );
#164 = ( NAMED_UNIT(*) SI_UNIT($,.STERADIAN.) SOLID_ANGLE_UNIT() );
#165 = UNCERTAINTY_MEASURE_WITH_UNIT(LENGTH_MEASURE(1.E-07),#162,
  'distance_accuracy_value','confusion accuracy');
#166 = CONTEXT_DEPENDENT_SHAPE_REPRESENTATION(#167,#169);
#167 = ( REPRESENTATION_RELATIONSHIP('','',#156,#10) 
REPRESENTATION_RELATIONSHIP_WITH_TRANSFORMATION(#168) 
SHAPE_REPRESENTATION_RELATIONSHIP() );
#168 = ITEM_DEFINED_TRANSFORMATION('','',#11,#15);
#169 = PRODUCT_DEFINITION_SHAPE('Placement','Placement of an item',#170
  );
#170 = NEXT_ASSEMBLY_USAGE_OCCURRENCE('2','R21','',#5,#151,$);
#171 = PRODUCT_RELATED_PRODUCT_CATEGORY('part',$,(#153));
#172 = SHAPE_DEFINITION_REPRESENTATION(#173,#179);
#173 = PRODUCT_DEFINITION_SHAPE('','',#174);
#174 = PRODUCT_DEFINITION('design','',#175,#178);
#175 = PRODUCT_DEFINITION_FORMATION('','',#176);
#176 = PRODUCT('R_Axial_Power_L600mm_W140mm_P6604mm',
  'R_Axial_Power_L600mm_W140mm_P6604mm','',(#177));
#177 = PRODUCT_CONTEXT('',#2,'mechanical');
#178 = PRODUCT_DEFINITION_CONTEXT('part definition',#2,'design');
#179 = ADVANCED_BREP_SHAPE_REPRESENTATION('',(#11,#180),#522);
#180 = MANIFOLD_SOLID_BREP('',#181);
#181 = CLOSED_SHELL('',(#182,#222,#253,#284,#312,#340,#352,#377,#402,
    #428,#454,#479,#504,#513));
#182 = ADVANCED_FACE('',(#183),#217,.F.);
#183 = FACE_BOUND('',#184,.F.);
#184 = EDGE_LOOP('',(#185,#195,#203,#211));
#185 = ORIENTED_EDGE('',*,*,#186,.T.);
#186 = EDGE_CURVE('',#187,#189,#191,.T.);
#187 = VERTEX_POINT('',#188);
#188 = CARTESIAN_POINT('',(3.02,-7.,0.));
#189 = VERTEX_POINT('',#190);
#190 = CARTESIAN_POINT('',(63.02,-7.,0.));
#191 = LINE('',#192,#193);
#192 = CARTESIAN_POINT('',(3.02,-7.,0.));
#193 = VECTOR('',#194,1.);
#194 = DIRECTION('',(1.,0.,0.));
#195 = ORIENTED_EDGE('',*,*,#196,.T.);
#196 = EDGE_CURVE('',#189,#197,#199,.T.);
#197 = VERTEX_POINT('',#198);
#198 = CARTESIAN_POINT('',(63.02,7.,0.));
#199 = LINE('',#200,#201);
#200 = CARTESIAN_POINT('',(63.02,-7.,0.));
#201 = VECTOR('',#202,1.);
#202 = DIRECTION('',(0.,1.,0.));
#203 = ORIENTED_EDGE('',*,*,#204,.F.);
#204 = EDGE_CURVE('',#205,#197,#207,.T.);
#205 = VERTEX_POINT('',#206);
#206 = CARTESIAN_POINT('',(3.02,7.,0.));
#207 = LINE('',#208,#209);
#208 = CARTESIAN_POINT('',(3.02,7.,0.));
#209 = VECTOR('',#210,1.);
#210 = DIRECTION('',(1.,0.,0.));
#211 = ORIENTED_EDGE('',*,*,#212,.F.);
#212 = EDGE_CURVE('',#187,#205,#213,.T.);
#213 = LINE('',#214,#215);
#214 = CARTESIAN_POINT('',(3.02,-7.,0.));
#215 = VECTOR('',#216,1.);
#216 = DIRECTION('',(0.,1.,0.));
#217 = PLANE('',#218);
#218 = AXIS2_PLACEMENT_3D('',#219,#220,#221);
#219 = CARTESIAN_POINT('',(3.02,-7.,0.));
#220 = DIRECTION('',(0.,0.,1.));
#221 = DIRECTION('',(0.,1.,0.));
#222 = ADVANCED_FACE('',(#223),#248,.F.);
#223 = FACE_BOUND('',#224,.F.);
#224 = EDGE_LOOP('',(#225,#235,#241,#242));
#225 = ORIENTED_EDGE('',*,*,#226,.T.);
#226 = EDGE_CURVE('',#227,#229,#231,.T.);
#227 = VERTEX_POINT('',#228);
#228 = CARTESIAN_POINT('',(3.02,-7.,14.));
#229 = VERTEX_POINT('',#230);
#230 = CARTESIAN_POINT('',(63.02,-7.,14.));
#231 = LINE('',#232,#233);
#232 = CARTESIAN_POINT('',(3.02,-7.,14.));
#233 = VECTOR('',#234,1.);
#234 = DIRECTION('',(1.,0.,0.));
#235 = ORIENTED_EDGE('',*,*,#236,.T.);
#236 = EDGE_CURVE('',#229,#189,#237,.T.);
#237 = LINE('',#238,#239);
#238 = CARTESIAN_POINT('',(63.02,-7.,14.));
#239 = VECTOR('',#240,1.);
#240 = DIRECTION('',(0.,0.,-1.));
#241 = ORIENTED_EDGE('',*,*,#186,.F.);
#242 = ORIENTED_EDGE('',*,*,#243,.F.);
#243 = EDGE_CURVE('',#227,#187,#244,.T.);
#244 = LINE('',#245,#246);
#245 = CARTESIAN_POINT('',(3.02,-7.,14.));
#246 = VECTOR('',#247,1.);
#247 = DIRECTION('',(0.,0.,-1.));
#248 = PLANE('',#249);
#249 = AXIS2_PLACEMENT_3D('',#250,#251,#252);
#250 = CARTESIAN_POINT('',(3.02,-7.,14.));
#251 = DIRECTION('',(0.,1.,0.));
#252 = DIRECTION('',(0.,0.,-1.));
#253 = ADVANCED_FACE('',(#254),#279,.F.);
#254 = FACE_BOUND('',#255,.F.);
#255 = EDGE_LOOP('',(#256,#257,#265,#273));
#256 = ORIENTED_EDGE('',*,*,#204,.T.);
#257 = ORIENTED_EDGE('',*,*,#258,.T.);
#258 = EDGE_CURVE('',#197,#259,#261,.T.);
#259 = VERTEX_POINT('',#260);
#260 = CARTESIAN_POINT('',(63.02,7.,14.));
#261 = LINE('',#262,#263);
#262 = CARTESIAN_POINT('',(63.02,7.,0.));
#263 = VECTOR('',#264,1.);
#264 = DIRECTION('',(0.,0.,1.));
#265 = ORIENTED_EDGE('',*,*,#266,.F.);
#266 = EDGE_CURVE('',#267,#259,#269,.T.);
#267 = VERTEX_POINT('',#268);
#268 = CARTESIAN_POINT('',(3.02,7.,14.));
#269 = LINE('',#270,#271);
#270 = CARTESIAN_POINT('',(3.02,7.,14.));
#271 = VECTOR('',#272,1.);
#272 = DIRECTION('',(1.,0.,0.));
#273 = ORIENTED_EDGE('',*,*,#274,.F.);
#274 = EDGE_CURVE('',#205,#267,#275,.T.);
#275 = LINE('',#276,#277);
#276 = CARTESIAN_POINT('',(3.02,7.,0.));
#277 = VECTOR('',#278,1.);
#278 = DIRECTION('',(0.,0.,1.));
#279 = PLANE('',#280);
#280 = AXIS2_PLACEMENT_3D('',#281,#282,#283);
#281 = CARTESIAN_POINT('',(3.02,7.,0.));
#282 = DIRECTION('',(0.,-1.,0.));
#283 = DIRECTION('',(0.,0.,1.));
#284 = ADVANCED_FACE('',(#285,#296),#307,.T.);
#285 = FACE_BOUND('',#286,.T.);
#286 = EDGE_LOOP('',(#287,#288,#289,#295));
#287 = ORIENTED_EDGE('',*,*,#212,.F.);
#288 = ORIENTED_EDGE('',*,*,#243,.F.);
#289 = ORIENTED_EDGE('',*,*,#290,.F.);
#290 = EDGE_CURVE('',#267,#227,#291,.T.);
#291 = LINE('',#292,#293);
#292 = CARTESIAN_POINT('',(3.02,7.,14.));
#293 = VECTOR('',#294,1.);
#294 = DIRECTION('',(0.,-1.,0.));
#295 = ORIENTED_EDGE('',*,*,#274,.F.);
#296 = FACE_BOUND('',#297,.T.);
#297 = EDGE_LOOP('',(#298));
#298 = ORIENTED_EDGE('',*,*,#299,.T.);
#299 = EDGE_CURVE('',#300,#300,#302,.T.);
#300 = VERTEX_POINT('',#301);
#301 = CARTESIAN_POINT('',(3.02,0.,6.6));
#302 = CIRCLE('',#303,0.4);
#303 = AXIS2_PLACEMENT_3D('',#304,#305,#306);
#304 = CARTESIAN_POINT('',(3.02,0.,7.));
#305 = DIRECTION('',(1.,-0.,0.));
#306 = DIRECTION('',(0.,0.,-1.));
#307 = PLANE('',#308);
#308 = AXIS2_PLACEMENT_3D('',#309,#310,#311);
#309 = CARTESIAN_POINT('',(3.02,-7.,0.));
#310 = DIRECTION('',(-1.,0.,0.));
#311 = DIRECTION('',(0.,0.,-1.));
#312 = ADVANCED_FACE('',(#313,#324),#335,.F.);
#313 = FACE_BOUND('',#314,.F.);
#314 = EDGE_LOOP('',(#315,#316,#317,#323));
#315 = ORIENTED_EDGE('',*,*,#196,.F.);
#316 = ORIENTED_EDGE('',*,*,#236,.F.);
#317 = ORIENTED_EDGE('',*,*,#318,.F.);
#318 = EDGE_CURVE('',#259,#229,#319,.T.);
#319 = LINE('',#320,#321);
#320 = CARTESIAN_POINT('',(63.02,7.,14.));
#321 = VECTOR('',#322,1.);
#322 = DIRECTION('',(0.,-1.,0.));
#323 = ORIENTED_EDGE('',*,*,#258,.F.);
#324 = FACE_BOUND('',#325,.F.);
#325 = EDGE_LOOP('',(#326));
#326 = ORIENTED_EDGE('',*,*,#327,.T.);
#327 = EDGE_CURVE('',#328,#328,#330,.T.);
#328 = VERTEX_POINT('',#329);
#329 = CARTESIAN_POINT('',(63.02,0.,6.6));
#330 = CIRCLE('',#331,0.4);
#331 = AXIS2_PLACEMENT_3D('',#332,#333,#334);
#332 = CARTESIAN_POINT('',(63.02,0.,7.));
#333 = DIRECTION('',(1.,-0.,0.));
#334 = DIRECTION('',(0.,0.,-1.));
#335 = PLANE('',#336);
#336 = AXIS2_PLACEMENT_3D('',#337,#338,#339);
#337 = CARTESIAN_POINT('',(63.02,-7.,0.));
#338 = DIRECTION('',(-1.,0.,0.));
#339 = DIRECTION('',(0.,0.,-1.));
#340 = ADVANCED_FACE('',(#341),#347,.F.);
#341 = FACE_BOUND('',#342,.F.);
#342 = EDGE_LOOP('',(#343,#344,#345,#346));
#343 = ORIENTED_EDGE('',*,*,#266,.T.);
#344 = ORIENTED_EDGE('',*,*,#318,.T.);
#345 = ORIENTED_EDGE('',*,*,#226,.F.);
#346 = ORIENTED_EDGE('',*,*,#290,.F.);
#347 = PLANE('',#348);
#348 = AXIS2_PLACEMENT_3D('',#349,#350,#351);
#349 = CARTESIAN_POINT('',(3.02,7.,14.));
#350 = DIRECTION('',(0.,0.,-1.));
#351 = DIRECTION('',(0.,-1.,0.));
#352 = ADVANCED_FACE('',(#353),#372,.T.);
#353 = FACE_BOUND('',#354,.T.);
#354 = EDGE_LOOP('',(#355,#364,#370,#371));
#355 = ORIENTED_EDGE('',*,*,#356,.F.);
#356 = EDGE_CURVE('',#357,#357,#359,.T.);
#357 = VERTEX_POINT('',#358);
#358 = CARTESIAN_POINT('',(1.2,0.,6.6));
#359 = CIRCLE('',#360,0.4);
#360 = AXIS2_PLACEMENT_3D('',#361,#362,#363);
#361 = CARTESIAN_POINT('',(1.2,0.,7.));
#362 = DIRECTION('',(-1.,0.,-1.763574311049E-15));
#363 = DIRECTION('',(-1.763574311049E-15,0.,1.));
#364 = ORIENTED_EDGE('',*,*,#365,.T.);
#365 = EDGE_CURVE('',#357,#300,#366,.T.);
#366 = LINE('',#367,#368);
#367 = CARTESIAN_POINT('',(1.2,0.,6.6));
#368 = VECTOR('',#369,1.);
#369 = DIRECTION('',(1.,0.,0.));
#370 = ORIENTED_EDGE('',*,*,#299,.F.);
#371 = ORIENTED_EDGE('',*,*,#365,.F.);
#372 = CYLINDRICAL_SURFACE('',#373,0.4);
#373 = AXIS2_PLACEMENT_3D('',#374,#375,#376);
#374 = CARTESIAN_POINT('',(1.2,0.,7.));
#375 = DIRECTION('',(1.,0.,0.));
#376 = DIRECTION('',(0.,0.,-1.));
#377 = ADVANCED_FACE('',(#378),#397,.T.);
#378 = FACE_BOUND('',#379,.T.);
#379 = EDGE_LOOP('',(#380,#381,#389,#396));
#380 = ORIENTED_EDGE('',*,*,#327,.T.);
#381 = ORIENTED_EDGE('',*,*,#382,.T.);
#382 = EDGE_CURVE('',#328,#383,#385,.T.);
#383 = VERTEX_POINT('',#384);
#384 = CARTESIAN_POINT('',(64.84,0.,6.6));
#385 = LINE('',#386,#387);
#386 = CARTESIAN_POINT('',(1.2,0.,6.6));
#387 = VECTOR('',#388,1.);
#388 = DIRECTION('',(1.,0.,0.));
#389 = ORIENTED_EDGE('',*,*,#390,.F.);
#390 = EDGE_CURVE('',#383,#383,#391,.T.);
#391 = CIRCLE('',#392,0.4);
#392 = AXIS2_PLACEMENT_3D('',#393,#394,#395);
#393 = CARTESIAN_POINT('',(64.84,0.,7.));
#394 = DIRECTION('',(1.,-0.,0.));
#395 = DIRECTION('',(0.,0.,-1.));
#396 = ORIENTED_EDGE('',*,*,#382,.F.);
#397 = CYLINDRICAL_SURFACE('',#398,0.4);
#398 = AXIS2_PLACEMENT_3D('',#399,#400,#401);
#399 = CARTESIAN_POINT('',(1.2,0.,7.));
#400 = DIRECTION('',(1.,0.,0.));
#401 = DIRECTION('',(0.,0.,-1.));
#402 = ADVANCED_FACE('',(#403),#423,.T.);
#403 = FACE_BOUND('',#404,.T.);
#404 = EDGE_LOOP('',(#405,#414,#415,#416));
#405 = ORIENTED_EDGE('',*,*,#406,.T.);
#406 = EDGE_CURVE('',#407,#357,#409,.T.);
#407 = VERTEX_POINT('',#408);
#408 = CARTESIAN_POINT('',(0.4,0.,5.8));
#409 = CIRCLE('',#410,0.8);
#410 = AXIS2_PLACEMENT_3D('',#411,#412,#413);
#411 = CARTESIAN_POINT('',(1.2,1.469576158977E-16,5.8));
#412 = DIRECTION('',(0.,1.,-0.));
#413 = DIRECTION('',(-1.,0.,2.960594732334E-15));
#414 = ORIENTED_EDGE('',*,*,#356,.T.);
#415 = ORIENTED_EDGE('',*,*,#406,.F.);
#416 = ORIENTED_EDGE('',*,*,#417,.T.);
#417 = EDGE_CURVE('',#407,#407,#418,.T.);
#418 = CIRCLE('',#419,0.4);
#419 = AXIS2_PLACEMENT_3D('',#420,#421,#422);
#420 = CARTESIAN_POINT('',(0.,0.,5.8));
#421 = DIRECTION('',(0.,0.,1.));
#422 = DIRECTION('',(1.,0.,-0.));
#423 = TOROIDAL_SURFACE('',#424,1.2,0.4);
#424 = AXIS2_PLACEMENT_3D('',#425,#426,#427);
#425 = CARTESIAN_POINT('',(1.2,0.,5.8));
#426 = DIRECTION('',(0.,1.,0.));
#427 = DIRECTION('',(-1.,0.,2.960594732334E-15));
#428 = ADVANCED_FACE('',(#429),#449,.T.);
#429 = FACE_BOUND('',#430,.T.);
#430 = EDGE_LOOP('',(#431,#440,#447,#448));
#431 = ORIENTED_EDGE('',*,*,#432,.T.);
#432 = EDGE_CURVE('',#383,#433,#435,.T.);
#433 = VERTEX_POINT('',#434);
#434 = CARTESIAN_POINT('',(65.64,0.,5.8));
#435 = CIRCLE('',#436,0.8);
#436 = AXIS2_PLACEMENT_3D('',#437,#438,#439);
#437 = CARTESIAN_POINT('',(64.84,-5.537384270183E-15,5.8));
#438 = DIRECTION('',(-0.,1.,0.));
#439 = DIRECTION('',(1.184237892933E-14,0.,1.));
#440 = ORIENTED_EDGE('',*,*,#441,.T.);
#441 = EDGE_CURVE('',#433,#433,#442,.T.);
#442 = CIRCLE('',#443,0.4);
#443 = AXIS2_PLACEMENT_3D('',#444,#445,#446);
#444 = CARTESIAN_POINT('',(66.04,0.,5.8));
#445 = DIRECTION('',(-1.175558153268E-14,0.,1.));
#446 = DIRECTION('',(1.,0.,1.175558153268E-14));
#447 = ORIENTED_EDGE('',*,*,#432,.F.);
#448 = ORIENTED_EDGE('',*,*,#390,.T.);
#449 = TOROIDAL_SURFACE('',#450,1.2,0.4);
#450 = AXIS2_PLACEMENT_3D('',#451,#452,#453);
#451 = CARTESIAN_POINT('',(64.84,0.,5.8));
#452 = DIRECTION('',(0.,1.,0.));
#453 = DIRECTION('',(1.184237892933E-14,-0.,1.));
#454 = ADVANCED_FACE('',(#455),#474,.T.);
#455 = FACE_BOUND('',#456,.T.);
#456 = EDGE_LOOP('',(#457,#465,#466,#467));
#457 = ORIENTED_EDGE('',*,*,#458,.T.);
#458 = EDGE_CURVE('',#459,#407,#461,.T.);
#459 = VERTEX_POINT('',#460);
#460 = CARTESIAN_POINT('',(0.4,-9.797174393179E-17,-3.));
#461 = LINE('',#462,#463);
#462 = CARTESIAN_POINT('',(0.4,0.,-3.));
#463 = VECTOR('',#464,1.);
#464 = DIRECTION('',(0.,0.,1.));
#465 = ORIENTED_EDGE('',*,*,#417,.F.);
#466 = ORIENTED_EDGE('',*,*,#458,.F.);
#467 = ORIENTED_EDGE('',*,*,#468,.T.);
#468 = EDGE_CURVE('',#459,#459,#469,.T.);
#469 = CIRCLE('',#470,0.4);
#470 = AXIS2_PLACEMENT_3D('',#471,#472,#473);
#471 = CARTESIAN_POINT('',(0.,0.,-3.));
#472 = DIRECTION('',(0.,0.,1.));
#473 = DIRECTION('',(1.,0.,-0.));
#474 = CYLINDRICAL_SURFACE('',#475,0.4);
#475 = AXIS2_PLACEMENT_3D('',#476,#477,#478);
#476 = CARTESIAN_POINT('',(0.,0.,-3.));
#477 = DIRECTION('',(0.,0.,1.));
#478 = DIRECTION('',(1.,0.,-0.));
#479 = ADVANCED_FACE('',(#480),#499,.T.);
#480 = FACE_BOUND('',#481,.T.);
#481 = EDGE_LOOP('',(#482,#490,#497,#498));
#482 = ORIENTED_EDGE('',*,*,#483,.T.);
#483 = EDGE_CURVE('',#433,#484,#486,.T.);
#484 = VERTEX_POINT('',#485);
#485 = CARTESIAN_POINT('',(65.64,-9.797174393179E-17,-3.));
#486 = LINE('',#487,#488);
#487 = CARTESIAN_POINT('',(65.64,0.,5.8));
#488 = VECTOR('',#489,1.);
#489 = DIRECTION('',(0.,0.,-1.));
#490 = ORIENTED_EDGE('',*,*,#491,.F.);
#491 = EDGE_CURVE('',#484,#484,#492,.T.);
#492 = CIRCLE('',#493,0.4);
#493 = AXIS2_PLACEMENT_3D('',#494,#495,#496);
#494 = CARTESIAN_POINT('',(66.04,0.,-3.));
#495 = DIRECTION('',(0.,0.,-1.));
#496 = DIRECTION('',(-1.,0.,0.));
#497 = ORIENTED_EDGE('',*,*,#483,.F.);
#498 = ORIENTED_EDGE('',*,*,#441,.F.);
#499 = CYLINDRICAL_SURFACE('',#500,0.4);
#500 = AXIS2_PLACEMENT_3D('',#501,#502,#503);
#501 = CARTESIAN_POINT('',(66.04,0.,5.8));
#502 = DIRECTION('',(0.,0.,-1.));
#503 = DIRECTION('',(-1.,0.,0.));
#504 = ADVANCED_FACE('',(#505),#508,.T.);
#505 = FACE_BOUND('',#506,.F.);
#506 = EDGE_LOOP('',(#507));
#507 = ORIENTED_EDGE('',*,*,#468,.T.);
#508 = PLANE('',#509);
#509 = AXIS2_PLACEMENT_3D('',#510,#511,#512);
#510 = CARTESIAN_POINT('',(0.4,0.,-3.));
#511 = DIRECTION('',(0.,0.,-1.));
#512 = DIRECTION('',(-1.,0.,0.));
#513 = ADVANCED_FACE('',(#514),#517,.F.);
#514 = FACE_BOUND('',#515,.T.);
#515 = EDGE_LOOP('',(#516));
#516 = ORIENTED_EDGE('',*,*,#491,.T.);
#517 = PLANE('',#518);
#518 = AXIS2_PLACEMENT_3D('',#519,#520,#521);
#519 = CARTESIAN_POINT('',(65.64,0.,-3.));
#520 = DIRECTION('',(0.,0.,1.));
#521 = DIRECTION('',(1.,0.,-0.));
#522 = ( GEOMETRIC_REPRESENTATION_CONTEXT(3) 
GLOBAL_UNCERTAINTY_ASSIGNED_CONTEXT((#526)) GLOBAL_UNIT_ASSIGNED_CONTEXT
((#523,#524,#525)) REPRESENTATION_CONTEXT('Context #1',
  '3D Context with UNIT and UNCERTAINTY') );
#523 = ( LENGTH_UNIT() NAMED_UNIT(*) SI_UNIT(.MILLI.,.METRE.) );
#524 = ( NAMED_UNIT(*) PLANE_ANGLE_UNIT() SI_UNIT($,.RADIAN.) );
#525 = ( NAMED_UNIT(*) SI_UNIT($,.STERADIAN.) SOLID_ANGLE_UNIT() );
#526 = UNCERTAINTY_MEASURE_WITH_UNIT(LENGTH_MEASURE(1.E-07),#523,
  'distance_accuracy_value','confusion accuracy');
#527 = CONTEXT_DEPENDENT_SHAPE_REPRESENTATION(#528,#530);
#528 = ( REPRESENTATION_RELATIONSHIP('','',#179,#156) 
REPRESENTATION_RELATIONSHIP_WITH_TRANSFORMATION(#529) 
SHAPE_REPRESENTATION_RELATIONSHIP() );
#529 = ITEM_DEFINED_TRANSFORMATION('','',#11,#157);
#530 = PRODUCT_DEFINITION_SHAPE('Placement','Placement of an item',#531
  );
#531 = NEXT_ASSEMBLY_USAGE_OCCURRENCE('1','=>[0:1:1:3]','',#151,#174,$);
#532 = PRODUCT_RELATED_PRODUCT_CATEGORY('part',$,(#176));
#533 = CONTEXT_DEPENDENT_SHAPE_REPRESENTATION(#534,#536);
#534 = ( REPRESENTATION_RELATIONSHIP('','',#156,#10) 
REPRESENTATION_RELATIONSHIP_WITH_TRANSFORMATION(#535) 
SHAPE_REPRESENTATION_RELATIONSHIP() );
#535 = ITEM_DEFINED_TRANSFORMATION('','',#11,#19);
#536 = PRODUCT_DEFINITION_SHAPE('Placement','Placement of an item',#537
  );
#537 = NEXT_ASSEMBLY_USAGE_OCCURRENCE('3','R1','',#5,#151,$);
#538 = CONTEXT_DEPENDENT_SHAPE_REPRESENTATION(#539,#541);
#539 = ( REPRESENTATION_RELATIONSHIP('','',#156,#10) 
REPRESENTATION_RELATIONSHIP_WITH_TRANSFORMATION(#540) 
SHAPE_REPRESENTATION_RELATIONSHIP() );
#540 = ITEM_DEFINED_TRANSFORMATION('','',#11,#23);
#541 = PRODUCT_DEFINITION_SHAPE('Placement','Placement of an item',#542
  );
#542 = NEXT_ASSEMBLY_USAGE_OCCURRENCE('4','R19','',#5,#151,$);
#543 = CONTEXT_DEPENDENT_SHAPE_REPRESENTATION(#544,#546);
#544 = ( REPRESENTATION_RELATIONSHIP('','',#156,#10) 
REPRESENTATION_RELATIONSHIP_WITH_TRANSFORMATION(#545) 
SHAPE_REPRESENTATION_RELATIONSHIP() );
#545 = ITEM_DEFINED_TRANSFORMATION('','',#11,#27);
#546 = PRODUCT_DEFINITION_SHAPE('Placement','Placement of an item',#547
  );
#547 = NEXT_ASSEMBLY_USAGE_OCCURRENCE('5','R16','',#5,#151,$);
#548 = CONTEXT_DEPENDENT_SHAPE_REPRESENTATION(#549,#551);
#549 = ( REPRESENTATION_RELATIONSHIP('','',#156,#10) 
REPRESENTATION_RELATIONSHIP_WITH_TRANSFORMATION(#550) 
SHAPE_REPRESENTATION_RELATIONSHIP() );
#550 = ITEM_DEFINED_TRANSFORMATION('','',#11,#31);
#551 = PRODUCT_DEFINITION_SHAPE('Placement','Placement of an item',#552
  );
#552 = NEXT_ASSEMBLY_USAGE_OCCURRENCE('6','R2','',#5,#151,$);
#553 = CONTEXT_DEPENDENT_SHAPE_REPRESENTATION(#554,#556);
#554 = ( REPRESENTATION_RELATIONSHIP('','',#156,#10) 
REPRESENTATION_RELATIONSHIP_WITH_TRANSFORMATION(#555) 
SHAPE_REPRESENTATION_RELATIONSHIP() );
#555 = ITEM_DEFINED_TRANSFORMATION('','',#11,#35);
#556 = PRODUCT_DEFINITION_SHAPE('Placement','Placement of an item',#557
  );
#557 = NEXT_ASSEMBLY_USAGE_OCCURRENCE('7','R3','',#5,#151,$);
#558 = CONTEXT_DEPENDENT_SHAPE_REPRESENTATION(#559,#561);
#559 = ( REPRESENTATION_RELATIONSHIP('','',#156,#10) 
REPRESENTATION_RELATIONSHIP_WITH_TRANSFORMATION(#560) 
SHAPE_REPRESENTATION_RELATIONSHIP() );
#560 = ITEM_DEFINED_TRANSFORMATION('','',#11,#39);
#561 = PRODUCT_DEFINITION_SHAPE('Placement','Placement of an item',#562
  );
#562 = NEXT_ASSEMBLY_USAGE_OCCURRENCE('8','R22','',#5,#151,$);
#563 = CONTEXT_DEPENDENT_SHAPE_REPRESENTATION(#564,#566);
#564 = ( REPRESENTATION_RELATIONSHIP('','',#156,#10) 
REPRESENTATION_RELATIONSHIP_WITH_TRANSFORMATION(#565) 
SHAPE_REPRESENTATION_RELATIONSHIP() );
#565 = ITEM_DEFINED_TRANSFORMATION('','',#11,#43);
#566 = PRODUCT_DEFINITION_SHAPE('Placement','Placement of an item',#567
  );
#567 = NEXT_ASSEMBLY_USAGE_OCCURRENCE('9','R8','',#5,#151,$);
#568 = CONTEXT_DEPENDENT_SHAPE_REPRESENTATION(#569,#571);
#569 = ( REPRESENTATION_RELATIONSHIP('','',#156,#10) 
REPRESENTATION_RELATIONSHIP_WITH_TRANSFORMATION(#570) 
SHAPE_REPRESENTATION_RELATIONSHIP() );
#570 = ITEM_DEFINED_TRANSFORMATION('','',#11,#47);
#571 = PRODUCT_DEFINITION_SHAPE('Placement','Placement of an item',#572
  );
#572 = NEXT_ASSEMBLY_USAGE_OCCURRENCE('10','R4','',#5,#151,$);
#573 = CONTEXT_DEPENDENT_SHAPE_REPRESENTATION(#574,#576);
#574 = ( REPRESENTATION_RELATIONSHIP('','',#156,#10) 
REPRESENTATION_RELATIONSHIP_WITH_TRANSFORMATION(#575) 
SHAPE_REPRESENTATION_RELATIONSHIP() );
#575 = ITEM_DEFINED_TRANSFORMATION('','',#11,#51);
#576 = PRODUCT_DEFINITION_SHAPE('Placement','Placement of an item',#577
  );
#577 = NEXT_ASSEMBLY_USAGE_OCCURRENCE('11','R18','',#5,#151,$);
#578 = CONTEXT_DEPENDENT_SHAPE_REPRESENTATION(#579,#581);
#579 = ( REPRESENTATION_RELATIONSHIP('','',#156,#10) 
REPRESENTATION_RELATIONSHIP_WITH_TRANSFORMATION(#580) 
SHAPE_REPRESENTATION_RELATIONSHIP() );
#580 = ITEM_DEFINED_TRANSFORMATION('','',#11,#55);
#581 = PRODUCT_DEFINITION_SHAPE('Placement','Placement of an item',#582
  );
#582 = NEXT_ASSEMBLY_USAGE_OCCURRENCE('12','R6','',#5,#151,$);
#583 = CONTEXT_DEPENDENT_SHAPE_REPRESENTATION(#584,#586);
#584 = ( REPRESENTATION_RELATIONSHIP('','',#156,#10) 
REPRESENTATION_RELATIONSHIP_WITH_TRANSFORMATION(#585) 
SHAPE_REPRESENTATION_RELATIONSHIP() );
#585 = ITEM_DEFINED_TRANSFORMATION('','',#11,#59);
#586 = PRODUCT_DEFINITION_SHAPE('Placement','Placement of an item',#587
  );
#587 = NEXT_ASSEMBLY_USAGE_OCCURRENCE('13','R17','',#5,#151,$);
#588 = CONTEXT_DEPENDENT_SHAPE_REPRESENTATION(#589,#591);
#589 = ( REPRESENTATION_RELATIONSHIP('','',#156,#10) 
REPRESENTATION_RELATIONSHIP_WITH_TRANSFORMATION(#590) 
SHAPE_REPRESENTATION_RELATIONSHIP() );
#590 = ITEM_DEFINED_TRANSFORMATION('','',#11,#63);
#591 = PRODUCT_DEFINITION_SHAPE('Placement','Placement of an item',#592
  );
#592 = NEXT_ASSEMBLY_USAGE_OCCURRENCE('14','R20','',#5,#151,$);
#593 = CONTEXT_DEPENDENT_SHAPE_REPRESENTATION(#594,#596);
#594 = ( REPRESENTATION_RELATIONSHIP('','',#156,#10) 
REPRESENTATION_RELATIONSHIP_WITH_TRANSFORMATION(#595) 
SHAPE_REPRESENTATION_RELATIONSHIP() );
#595 = ITEM_DEFINED_TRANSFORMATION('','',#11,#67);
#596 = PRODUCT_DEFINITION_SHAPE('Placement','Placement of an item',#597
  );
#597 = NEXT_ASSEMBLY_USAGE_OCCURRENCE('15','R7','',#5,#151,$);
#598 = SHAPE_DEFINITION_REPRESENTATION(#599,#605);
#599 = PRODUCT_DEFINITION_SHAPE('','',#600);
#600 = PRODUCT_DEFINITION('design','',#601,#604);
#601 = PRODUCT_DEFINITION_FORMATION('','',#602);
#602 = PRODUCT('0039281063','0039281063','',(#603));
#603 = PRODUCT_CONTEXT('',#2,'mechanical');
#604 = PRODUCT_DEFINITION_CONTEXT('part definition',#2,'design');
#605 = SHAPE_REPRESENTATION('',(#11,#606),#610);
#606 = AXIS2_PLACEMENT_3D('',#607,#608,#609);
#607 = CARTESIAN_POINT('',(0.,0.,0.));
#608 = DIRECTION('',(0.,0.,1.));
#609 = DIRECTION('',(1.,0.,-0.));
#610 = ( GEOMETRIC_REPRESENTATION_CONTEXT(3) 
GLOBAL_UNCERTAINTY_ASSIGNED_CONTEXT((#614)) GLOBAL_UNIT_ASSIGNED_CONTEXT
((#611,#612,#613)) REPRESENTATION_CONTEXT('Context #1',
  '3D Context with UNIT and UNCERTAINTY') );
#611 = ( LENGTH_UNIT() NAMED_UNIT(*) SI_UNIT(.MILLI.,.METRE.) );
#612 = ( NAMED_UNIT(*) PLANE_ANGLE_UNIT() SI_UNIT($,.RADIAN.) );
#613 = ( NAMED_UNIT(*) SI_UNIT($,.STERADIAN.) SOLID_ANGLE_UNIT() );
#614 = UNCERTAINTY_MEASURE_WITH_UNIT(LENGTH_MEASURE(1.E-07),#611,
  'distance_accuracy_value','confusion accuracy');
#615 = CONTEXT_DEPENDENT_SHAPE_REPRESENTATION(#616,#618);
#616 = ( REPRESENTATION_RELATIONSHIP('','',#605,#10) 
REPRESENTATION_RELATIONSHIP_WITH_TRANSFORMATION(#617) 
SHAPE_REPRESENTATION_RELATIONSHIP() );
#617 = ITEM_DEFINED_TRANSFORMATION('','',#11,#71);
#618 = PRODUCT_DEFINITION_SHAPE('Placement','Placement of an item',#619
  );
#619 = NEXT_ASSEMBLY_USAGE_OCCURRENCE('17','J1','',#5,#600,$);
#620 = PRODUCT_RELATED_PRODUCT_CATEGORY('part',$,(#602));
#621 = SHAPE_DEFINITION_REPRESENTATION(#622,#628);
#622 = PRODUCT_DEFINITION_SHAPE('','',#623);
#623 = PRODUCT_DEFINITION('design','',#624,#627);
#624 = PRODUCT_DEFINITION_FORMATION('','',#625);
#625 = PRODUCT('0039281063','0039281063','',(#626));
#626 = PRODUCT_CONTEXT('',#2,'mechanical');
#627 = PRODUCT_DEFINITION_CONTEXT('part definition',#2,'design');
#628 = ADVANCED_BREP_SHAPE_REPRESENTATION('',(#11,#629),#6159);
#629 = MANIFOLD_SOLID_BREP('',#630);
#630 = CLOSED_SHELL('',(#631,#673,#729,#785,#816,#847,#935,#975,#1015,
    #1055,#1127,#1167,#1198,#1291,#1315,#1355,#1418,#1481,#1514,#1620,
    #1694,#1844,#1941,#2015,#2039,#2070,#2101,#2132,#2163,#2194,#2225,
    #2249,#2266,#2297,#2314,#2382,#2399,#2428,#2473,#2492,#2532,#2544,
    #2556,#2582,#2608,#2626,#2914,#2945,#2969,#2993,#3010,#3022,#3085,
    #3097,#3109,#3121,#3138,#3208,#3273,#3285,#3297,#3309,#3321,#3333,
    #3345,#3357,#3405,#3453,#3492,#3531,#3612,#3677,#3751,#3841,#3863,
    #3880,#3897,#3914,#3931,#3943,#3965,#3982,#3999,#4011,#4033,#4050,
    #4067,#4079,#4101,#4118,#4135,#4152,#4169,#4181,#4205,#4229,#4253,
    #4270,#4283,#4322,#4361,#4400,#4417,#4434,#4451,#4463,#4480,#4497,
    #4514,#4526,#4543,#4560,#4577,#4589,#4628,#4667,#4706,#4745,#4769,
    #4801,#4840,#4879,#4918,#4935,#4952,#4964,#4981,#4998,#5015,#5027,
    #5044,#5061,#5078,#5090,#5107,#5124,#5141,#5153,#5165,#5177,#5208,
    #5232,#5256,#5273,#5319,#5409,#5431,#5448,#5465,#5482,#5499,#5511,
    #5550,#5589,#5628,#5667,#5691,#5723,#5762,#5801,#5840,#5857,#5874,
    #5886,#5903,#5920,#5937,#5949,#5966,#5983,#6000,#6012,#6029,#6046,
    #6063,#6075,#6087,#6099,#6111,#6123,#6135,#6147));
#631 = ADVANCED_FACE('',(#632),#668,.T.);
#632 = FACE_BOUND('',#633,.T.);
#633 = EDGE_LOOP('',(#634,#644,#653,#661));
#634 = ORIENTED_EDGE('',*,*,#635,.F.);
#635 = EDGE_CURVE('',#636,#638,#640,.T.);
#636 = VERTEX_POINT('',#637);
#637 = CARTESIAN_POINT('',(7.3,12.8,2.6));
#638 = VERTEX_POINT('',#639);
#639 = CARTESIAN_POINT('',(7.3,0.2,2.6));
#640 = LINE('',#641,#642);
#641 = CARTESIAN_POINT('',(7.3,12.8,2.6));
#642 = VECTOR('',#643,1.);
#643 = DIRECTION('',(-0.,-1.,0.));
#644 = ORIENTED_EDGE('',*,*,#645,.T.);
#645 = EDGE_CURVE('',#636,#646,#648,.T.);
#646 = VERTEX_POINT('',#647);
#647 = CARTESIAN_POINT('',(6.9,12.8,3.));
#648 = CIRCLE('',#649,0.4);
#649 = AXIS2_PLACEMENT_3D('',#650,#651,#652);
#650 = CARTESIAN_POINT('',(6.9,12.8,2.6));
#651 = DIRECTION('',(0.,-1.,0.));
#652 = DIRECTION('',(0.,0.,-1.));
#653 = ORIENTED_EDGE('',*,*,#654,.T.);
#654 = EDGE_CURVE('',#646,#655,#657,.T.);
#655 = VERTEX_POINT('',#656);
#656 = CARTESIAN_POINT('',(6.9,0.2,3.));
#657 = LINE('',#658,#659);
#658 = CARTESIAN_POINT('',(6.9,12.8,3.));
#659 = VECTOR('',#660,1.);
#660 = DIRECTION('',(0.,-1.,0.));
#661 = ORIENTED_EDGE('',*,*,#662,.F.);
#662 = EDGE_CURVE('',#638,#655,#663,.T.);
#663 = CIRCLE('',#664,0.4);
#664 = AXIS2_PLACEMENT_3D('',#665,#666,#667);
#665 = CARTESIAN_POINT('',(6.9,0.2,2.6));
#666 = DIRECTION('',(0.,-1.,0.));
#667 = DIRECTION('',(0.,0.,-1.));
#668 = CYLINDRICAL_SURFACE('',#669,0.4);
#669 = AXIS2_PLACEMENT_3D('',#670,#671,#672);
#670 = CARTESIAN_POINT('',(6.9,12.8,2.6));
#671 = DIRECTION('',(0.,1.,-0.));
#672 = DIRECTION('',(1.,0.,0.));
#673 = ADVANCED_FACE('',(#674),#724,.F.);
#674 = FACE_BOUND('',#675,.T.);
#675 = EDGE_LOOP('',(#676,#686,#694,#702,#710,#718));
#676 = ORIENTED_EDGE('',*,*,#677,.F.);
#677 = EDGE_CURVE('',#678,#680,#682,.T.);
#678 = VERTEX_POINT('',#679);
#679 = CARTESIAN_POINT('',(-6.9,0.2,-1.59));
#680 = VERTEX_POINT('',#681);
#681 = CARTESIAN_POINT('',(-6.9,12.8,-1.59));
#682 = LINE('',#683,#684);
#683 = CARTESIAN_POINT('',(-6.9,0.2,-1.59));
#684 = VECTOR('',#685,1.);
#685 = DIRECTION('',(0.,1.,0.));
#686 = ORIENTED_EDGE('',*,*,#687,.T.);
#687 = EDGE_CURVE('',#678,#688,#690,.T.);
#688 = VERTEX_POINT('',#689);
#689 = CARTESIAN_POINT('',(-6.9,0.2,3.8));
#690 = LINE('',#691,#692);
#691 = CARTESIAN_POINT('',(-6.9,0.2,-1.59));
#692 = VECTOR('',#693,1.);
#693 = DIRECTION('',(0.,0.,1.));
#694 = ORIENTED_EDGE('',*,*,#695,.F.);
#695 = EDGE_CURVE('',#696,#688,#698,.T.);
#696 = VERTEX_POINT('',#697);
#697 = CARTESIAN_POINT('',(-6.9,0.,3.8));
#698 = LINE('',#699,#700);
#699 = CARTESIAN_POINT('',(-6.9,0.,3.8));
#700 = VECTOR('',#701,1.);
#701 = DIRECTION('',(0.,1.,0.));
#702 = ORIENTED_EDGE('',*,*,#703,.F.);
#703 = EDGE_CURVE('',#704,#696,#706,.T.);
#704 = VERTEX_POINT('',#705);
#705 = CARTESIAN_POINT('',(-6.9,0.,4.8));
#706 = LINE('',#707,#708);
#707 = CARTESIAN_POINT('',(-6.9,0.,4.8));
#708 = VECTOR('',#709,1.);
#709 = DIRECTION('',(0.,0.,-1.));
#710 = ORIENTED_EDGE('',*,*,#711,.F.);
#711 = EDGE_CURVE('',#712,#704,#714,.T.);
#712 = VERTEX_POINT('',#713);
#713 = CARTESIAN_POINT('',(-6.9,12.8,4.8));
#714 = LINE('',#715,#716);
#715 = CARTESIAN_POINT('',(-6.9,12.8,4.8));
#716 = VECTOR('',#717,1.);
#717 = DIRECTION('',(0.,-1.,0.));
#718 = ORIENTED_EDGE('',*,*,#719,.F.);
#719 = EDGE_CURVE('',#680,#712,#720,.T.);
#720 = LINE('',#721,#722);
#721 = CARTESIAN_POINT('',(-6.9,12.8,-1.59));
#722 = VECTOR('',#723,1.);
#723 = DIRECTION('',(0.,0.,1.));
#724 = PLANE('',#725);
#725 = AXIS2_PLACEMENT_3D('',#726,#727,#728);
#726 = CARTESIAN_POINT('',(-6.9,0.,0.));
#727 = DIRECTION('',(1.,0.,0.));
#728 = DIRECTION('',(-0.,1.,0.));
#729 = ADVANCED_FACE('',(#730),#780,.F.);
#730 = FACE_BOUND('',#731,.T.);
#731 = EDGE_LOOP('',(#732,#742,#750,#758,#766,#774));
#732 = ORIENTED_EDGE('',*,*,#733,.T.);
#733 = EDGE_CURVE('',#734,#736,#738,.T.);
#734 = VERTEX_POINT('',#735);
#735 = CARTESIAN_POINT('',(-6.9,0.2,-3.39));
#736 = VERTEX_POINT('',#737);
#737 = CARTESIAN_POINT('',(-6.9,12.8,-3.39));
#738 = LINE('',#739,#740);
#739 = CARTESIAN_POINT('',(-6.9,0.2,-3.39));
#740 = VECTOR('',#741,1.);
#741 = DIRECTION('',(0.,1.,0.));
#742 = ORIENTED_EDGE('',*,*,#743,.F.);
#743 = EDGE_CURVE('',#744,#736,#746,.T.);
#744 = VERTEX_POINT('',#745);
#745 = CARTESIAN_POINT('',(-6.9,12.8,-4.8));
#746 = LINE('',#747,#748);
#747 = CARTESIAN_POINT('',(-6.9,12.8,-4.8));
#748 = VECTOR('',#749,1.);
#749 = DIRECTION('',(0.,0.,1.));
#750 = ORIENTED_EDGE('',*,*,#751,.F.);
#751 = EDGE_CURVE('',#752,#744,#754,.T.);
#752 = VERTEX_POINT('',#753);
#753 = CARTESIAN_POINT('',(-6.9,0.,-4.8));
#754 = LINE('',#755,#756);
#755 = CARTESIAN_POINT('',(-6.9,0.,-4.8));
#756 = VECTOR('',#757,1.);
#757 = DIRECTION('',(0.,1.,0.));
#758 = ORIENTED_EDGE('',*,*,#759,.F.);
#759 = EDGE_CURVE('',#760,#752,#762,.T.);
#760 = VERTEX_POINT('',#761);
#761 = CARTESIAN_POINT('',(-6.9,0.,-3.8));
#762 = LINE('',#763,#764);
#763 = CARTESIAN_POINT('',(-6.9,0.,-3.8));
#764 = VECTOR('',#765,1.);
#765 = DIRECTION('',(0.,0.,-1.));
#766 = ORIENTED_EDGE('',*,*,#767,.T.);
#767 = EDGE_CURVE('',#760,#768,#770,.T.);
#768 = VERTEX_POINT('',#769);
#769 = CARTESIAN_POINT('',(-6.9,0.2,-3.8));
#770 = LINE('',#771,#772);
#771 = CARTESIAN_POINT('',(-6.9,0.,-3.8));
#772 = VECTOR('',#773,1.);
#773 = DIRECTION('',(0.,1.,0.));
#774 = ORIENTED_EDGE('',*,*,#775,.T.);
#775 = EDGE_CURVE('',#768,#734,#776,.T.);
#776 = LINE('',#777,#778);
#777 = CARTESIAN_POINT('',(-6.9,0.2,-3.8));
#778 = VECTOR('',#779,1.);
#779 = DIRECTION('',(0.,0.,1.));
#780 = PLANE('',#781);
#781 = AXIS2_PLACEMENT_3D('',#782,#783,#784);
#782 = CARTESIAN_POINT('',(-6.9,0.,0.));
#783 = DIRECTION('',(1.,0.,0.));
#784 = DIRECTION('',(-0.,1.,0.));
#785 = ADVANCED_FACE('',(#786),#811,.T.);
#786 = FACE_BOUND('',#787,.T.);
#787 = EDGE_LOOP('',(#788,#798,#804,#805));
#788 = ORIENTED_EDGE('',*,*,#789,.T.);
#789 = EDGE_CURVE('',#790,#792,#794,.T.);
#790 = VERTEX_POINT('',#791);
#791 = CARTESIAN_POINT('',(-7.3,12.8,-1.99));
#792 = VERTEX_POINT('',#793);
#793 = CARTESIAN_POINT('',(-7.3,0.2,-1.99));
#794 = LINE('',#795,#796);
#795 = CARTESIAN_POINT('',(-7.3,12.8,-1.99));
#796 = VECTOR('',#797,1.);
#797 = DIRECTION('',(0.,-1.,0.));
#798 = ORIENTED_EDGE('',*,*,#799,.F.);
#799 = EDGE_CURVE('',#678,#792,#800,.T.);
#800 = LINE('',#801,#802);
#801 = CARTESIAN_POINT('',(-6.9,0.2,-1.59));
#802 = VECTOR('',#803,1.);
#803 = DIRECTION('',(-0.707106781187,0.,-0.707106781187));
#804 = ORIENTED_EDGE('',*,*,#677,.T.);
#805 = ORIENTED_EDGE('',*,*,#806,.T.);
#806 = EDGE_CURVE('',#680,#790,#807,.T.);
#807 = LINE('',#808,#809);
#808 = CARTESIAN_POINT('',(-6.9,12.8,-1.59));
#809 = VECTOR('',#810,1.);
#810 = DIRECTION('',(-0.707106781187,0.,-0.707106781187));
#811 = PLANE('',#812);
#812 = AXIS2_PLACEMENT_3D('',#813,#814,#815);
#813 = CARTESIAN_POINT('',(-6.9,12.8,-1.59));
#814 = DIRECTION('',(-0.707106781187,0.,0.707106781187));
#815 = DIRECTION('',(0.,1.,0.));
#816 = ADVANCED_FACE('',(#817),#842,.T.);
#817 = FACE_BOUND('',#818,.T.);
#818 = EDGE_LOOP('',(#819,#820,#828,#836));
#819 = ORIENTED_EDGE('',*,*,#789,.F.);
#820 = ORIENTED_EDGE('',*,*,#821,.T.);
#821 = EDGE_CURVE('',#790,#822,#824,.T.);
#822 = VERTEX_POINT('',#823);
#823 = CARTESIAN_POINT('',(-7.3,12.8,-2.99));
#824 = LINE('',#825,#826);
#825 = CARTESIAN_POINT('',(-7.3,12.8,-1.99));
#826 = VECTOR('',#827,1.);
#827 = DIRECTION('',(0.,0.,-1.));
#828 = ORIENTED_EDGE('',*,*,#829,.T.);
#829 = EDGE_CURVE('',#822,#830,#832,.T.);
#830 = VERTEX_POINT('',#831);
#831 = CARTESIAN_POINT('',(-7.3,0.2,-2.99));
#832 = LINE('',#833,#834);
#833 = CARTESIAN_POINT('',(-7.3,12.8,-2.99));
#834 = VECTOR('',#835,1.);
#835 = DIRECTION('',(0.,-1.,0.));
#836 = ORIENTED_EDGE('',*,*,#837,.F.);
#837 = EDGE_CURVE('',#792,#830,#838,.T.);
#838 = LINE('',#839,#840);
#839 = CARTESIAN_POINT('',(-7.3,0.2,-1.99));
#840 = VECTOR('',#841,1.);
#841 = DIRECTION('',(0.,0.,-1.));
#842 = PLANE('',#843);
#843 = AXIS2_PLACEMENT_3D('',#844,#845,#846);
#844 = CARTESIAN_POINT('',(-7.3,12.8,-1.99));
#845 = DIRECTION('',(-1.,0.,0.));
#846 = DIRECTION('',(0.,0.,1.));
#847 = ADVANCED_FACE('',(#848),#930,.T.);
#848 = FACE_BOUND('',#849,.T.);
#849 = EDGE_LOOP('',(#850,#860,#868,#876,#884,#892,#900,#908,#915,#916,
    #924));
#850 = ORIENTED_EDGE('',*,*,#851,.F.);
#851 = EDGE_CURVE('',#852,#854,#856,.T.);
#852 = VERTEX_POINT('',#853);
#853 = CARTESIAN_POINT('',(5.5,0.2,0.5));
#854 = VERTEX_POINT('',#855);
#855 = CARTESIAN_POINT('',(5.5,0.2,3.8));
#856 = LINE('',#857,#858);
#857 = CARTESIAN_POINT('',(5.5,0.2,0.5));
#858 = VECTOR('',#859,1.);
#859 = DIRECTION('',(0.,0.,1.));
#860 = ORIENTED_EDGE('',*,*,#861,.T.);
#861 = EDGE_CURVE('',#852,#862,#864,.T.);
#862 = VERTEX_POINT('',#863);
#863 = CARTESIAN_POINT('',(5.9,0.2,0.5));
#864 = LINE('',#865,#866);
#865 = CARTESIAN_POINT('',(5.5,0.2,0.5));
#866 = VECTOR('',#867,1.);
#867 = DIRECTION('',(1.,0.,0.));
#868 = ORIENTED_EDGE('',*,*,#869,.T.);
#869 = EDGE_CURVE('',#862,#870,#872,.T.);
#870 = VERTEX_POINT('',#871);
#871 = CARTESIAN_POINT('',(5.9,0.2,-0.5));
#872 = LINE('',#873,#874);
#873 = CARTESIAN_POINT('',(5.9,0.2,0.5));
#874 = VECTOR('',#875,1.);
#875 = DIRECTION('',(0.,0.,-1.));
#876 = ORIENTED_EDGE('',*,*,#877,.T.);
#877 = EDGE_CURVE('',#870,#878,#880,.T.);
#878 = VERTEX_POINT('',#879);
#879 = CARTESIAN_POINT('',(5.5,0.2,-0.5));
#880 = LINE('',#881,#882);
#881 = CARTESIAN_POINT('',(5.9,0.2,-0.5));
#882 = VECTOR('',#883,1.);
#883 = DIRECTION('',(-1.,0.,0.));
#884 = ORIENTED_EDGE('',*,*,#885,.F.);
#885 = EDGE_CURVE('',#886,#878,#888,.T.);
#886 = VERTEX_POINT('',#887);
#887 = CARTESIAN_POINT('',(5.5,0.2,-3.8));
#888 = LINE('',#889,#890);
#889 = CARTESIAN_POINT('',(5.5,0.2,-3.8));
#890 = VECTOR('',#891,1.);
#891 = DIRECTION('',(0.,0.,1.));
#892 = ORIENTED_EDGE('',*,*,#893,.T.);
#893 = EDGE_CURVE('',#886,#894,#896,.T.);
#894 = VERTEX_POINT('',#895);
#895 = CARTESIAN_POINT('',(6.9,0.2,-3.8));
#896 = LINE('',#897,#898);
#897 = CARTESIAN_POINT('',(5.5,0.2,-3.8));
#898 = VECTOR('',#899,1.);
#899 = DIRECTION('',(1.,0.,0.));
#900 = ORIENTED_EDGE('',*,*,#901,.T.);
#901 = EDGE_CURVE('',#894,#902,#904,.T.);
#902 = VERTEX_POINT('',#903);
#903 = CARTESIAN_POINT('',(6.9,0.2,2.2));
#904 = LINE('',#905,#906);
#905 = CARTESIAN_POINT('',(6.9,0.2,-3.8));
#906 = VECTOR('',#907,1.);
#907 = DIRECTION('',(0.,0.,1.));
#908 = ORIENTED_EDGE('',*,*,#909,.T.);
#909 = EDGE_CURVE('',#902,#638,#910,.T.);
#910 = CIRCLE('',#911,0.4);
#911 = AXIS2_PLACEMENT_3D('',#912,#913,#914);
#912 = CARTESIAN_POINT('',(6.9,0.2,2.6));
#913 = DIRECTION('',(0.,-1.,0.));
#914 = DIRECTION('',(0.,0.,-1.));
#915 = ORIENTED_EDGE('',*,*,#662,.T.);
#916 = ORIENTED_EDGE('',*,*,#917,.T.);
#917 = EDGE_CURVE('',#655,#918,#920,.T.);
#918 = VERTEX_POINT('',#919);
#919 = CARTESIAN_POINT('',(6.9,0.2,3.8));
#920 = LINE('',#921,#922);
#921 = CARTESIAN_POINT('',(6.9,0.2,3.));
#922 = VECTOR('',#923,1.);
#923 = DIRECTION('',(0.,0.,1.));
#924 = ORIENTED_EDGE('',*,*,#925,.T.);
#925 = EDGE_CURVE('',#918,#854,#926,.T.);
#926 = LINE('',#927,#928);
#927 = CARTESIAN_POINT('',(6.9,0.2,3.8));
#928 = VECTOR('',#929,1.);
#929 = DIRECTION('',(-1.,0.,0.));
#930 = PLANE('',#931);
#931 = AXIS2_PLACEMENT_3D('',#932,#933,#934);
#932 = CARTESIAN_POINT('',(-6.9,0.2,0.));
#933 = DIRECTION('',(0.,-1.,0.));
#934 = DIRECTION('',(0.,0.,-1.));
#935 = ADVANCED_FACE('',(#936),#970,.T.);
#936 = FACE_BOUND('',#937,.T.);
#937 = EDGE_LOOP('',(#938,#948,#956,#964));
#938 = ORIENTED_EDGE('',*,*,#939,.T.);
#939 = EDGE_CURVE('',#940,#942,#944,.T.);
#940 = VERTEX_POINT('',#941);
#941 = CARTESIAN_POINT('',(1.3,0.2,3.8));
#942 = VERTEX_POINT('',#943);
#943 = CARTESIAN_POINT('',(1.3,0.2,0.5));
#944 = LINE('',#945,#946);
#945 = CARTESIAN_POINT('',(1.3,0.2,3.8));
#946 = VECTOR('',#947,1.);
#947 = DIRECTION('',(0.,0.,-1.));
#948 = ORIENTED_EDGE('',*,*,#949,.T.);
#949 = EDGE_CURVE('',#942,#950,#952,.T.);
#950 = VERTEX_POINT('',#951);
#951 = CARTESIAN_POINT('',(2.9,0.2,0.5));
#952 = LINE('',#953,#954);
#953 = CARTESIAN_POINT('',(1.3,0.2,0.5));
#954 = VECTOR('',#955,1.);
#955 = DIRECTION('',(1.,0.,0.));
#956 = ORIENTED_EDGE('',*,*,#957,.T.);
#957 = EDGE_CURVE('',#950,#958,#960,.T.);
#958 = VERTEX_POINT('',#959);
#959 = CARTESIAN_POINT('',(2.9,0.2,3.8));
#960 = LINE('',#961,#962);
#961 = CARTESIAN_POINT('',(2.9,0.2,0.5));
#962 = VECTOR('',#963,1.);
#963 = DIRECTION('',(0.,0.,1.));
#964 = ORIENTED_EDGE('',*,*,#965,.T.);
#965 = EDGE_CURVE('',#958,#940,#966,.T.);
#966 = LINE('',#967,#968);
#967 = CARTESIAN_POINT('',(2.9,0.2,3.8));
#968 = VECTOR('',#969,1.);
#969 = DIRECTION('',(-1.,0.,0.));
#970 = PLANE('',#971);
#971 = AXIS2_PLACEMENT_3D('',#972,#973,#974);
#972 = CARTESIAN_POINT('',(-6.9,0.2,0.));
#973 = DIRECTION('',(0.,-1.,0.));
#974 = DIRECTION('',(0.,0.,-1.));
#975 = ADVANCED_FACE('',(#976),#1010,.T.);
#976 = FACE_BOUND('',#977,.T.);
#977 = EDGE_LOOP('',(#978,#988,#996,#1004));
#978 = ORIENTED_EDGE('',*,*,#979,.F.);
#979 = EDGE_CURVE('',#980,#982,#984,.T.);
#980 = VERTEX_POINT('',#981);
#981 = CARTESIAN_POINT('',(1.3,0.2,-3.8));
#982 = VERTEX_POINT('',#983);
#983 = CARTESIAN_POINT('',(1.3,0.2,-0.5));
#984 = LINE('',#985,#986);
#985 = CARTESIAN_POINT('',(1.3,0.2,-3.8));
#986 = VECTOR('',#987,1.);
#987 = DIRECTION('',(0.,0.,1.));
#988 = ORIENTED_EDGE('',*,*,#989,.T.);
#989 = EDGE_CURVE('',#980,#990,#992,.T.);
#990 = VERTEX_POINT('',#991);
#991 = CARTESIAN_POINT('',(2.9,0.2,-3.8));
#992 = LINE('',#993,#994);
#993 = CARTESIAN_POINT('',(1.3,0.2,-3.8));
#994 = VECTOR('',#995,1.);
#995 = DIRECTION('',(1.,0.,0.));
#996 = ORIENTED_EDGE('',*,*,#997,.T.);
#997 = EDGE_CURVE('',#990,#998,#1000,.T.);
#998 = VERTEX_POINT('',#999);
#999 = CARTESIAN_POINT('',(2.9,0.2,-0.5));
#1000 = LINE('',#1001,#1002);
#1001 = CARTESIAN_POINT('',(2.9,0.2,-3.8));
#1002 = VECTOR('',#1003,1.);
#1003 = DIRECTION('',(0.,0.,1.));
#1004 = ORIENTED_EDGE('',*,*,#1005,.T.);
#1005 = EDGE_CURVE('',#998,#982,#1006,.T.);
#1006 = LINE('',#1007,#1008);
#1007 = CARTESIAN_POINT('',(2.9,0.2,-0.5));
#1008 = VECTOR('',#1009,1.);
#1009 = DIRECTION('',(-1.,0.,0.));
#1010 = PLANE('',#1011);
#1011 = AXIS2_PLACEMENT_3D('',#1012,#1013,#1014);
#1012 = CARTESIAN_POINT('',(-6.9,0.2,0.));
#1013 = DIRECTION('',(0.,-1.,0.));
#1014 = DIRECTION('',(0.,0.,-1.));
#1015 = ADVANCED_FACE('',(#1016),#1050,.T.);
#1016 = FACE_BOUND('',#1017,.T.);
#1017 = EDGE_LOOP('',(#1018,#1028,#1036,#1044));
#1018 = ORIENTED_EDGE('',*,*,#1019,.T.);
#1019 = EDGE_CURVE('',#1020,#1022,#1024,.T.);
#1020 = VERTEX_POINT('',#1021);
#1021 = CARTESIAN_POINT('',(-2.9,0.2,3.8));
#1022 = VERTEX_POINT('',#1023);
#1023 = CARTESIAN_POINT('',(-2.9,0.2,0.5));
#1024 = LINE('',#1025,#1026);
#1025 = CARTESIAN_POINT('',(-2.9,0.2,3.8));
#1026 = VECTOR('',#1027,1.);
#1027 = DIRECTION('',(0.,0.,-1.));
#1028 = ORIENTED_EDGE('',*,*,#1029,.T.);
#1029 = EDGE_CURVE('',#1022,#1030,#1032,.T.);
#1030 = VERTEX_POINT('',#1031);
#1031 = CARTESIAN_POINT('',(-1.3,0.2,0.5));
#1032 = LINE('',#1033,#1034);
#1033 = CARTESIAN_POINT('',(-2.9,0.2,0.5));
#1034 = VECTOR('',#1035,1.);
#1035 = DIRECTION('',(1.,0.,0.));
#1036 = ORIENTED_EDGE('',*,*,#1037,.F.);
#1037 = EDGE_CURVE('',#1038,#1030,#1040,.T.);
#1038 = VERTEX_POINT('',#1039);
#1039 = CARTESIAN_POINT('',(-1.3,0.2,3.8));
#1040 = LINE('',#1041,#1042);
#1041 = CARTESIAN_POINT('',(-1.3,0.2,3.8));
#1042 = VECTOR('',#1043,1.);
#1043 = DIRECTION('',(0.,0.,-1.));
#1044 = ORIENTED_EDGE('',*,*,#1045,.T.);
#1045 = EDGE_CURVE('',#1038,#1020,#1046,.T.);
#1046 = LINE('',#1047,#1048);
#1047 = CARTESIAN_POINT('',(-1.3,0.2,3.8));
#1048 = VECTOR('',#1049,1.);
#1049 = DIRECTION('',(-1.,0.,0.));
#1050 = PLANE('',#1051);
#1051 = AXIS2_PLACEMENT_3D('',#1052,#1053,#1054);
#1052 = CARTESIAN_POINT('',(-6.9,0.2,0.));
#1053 = DIRECTION('',(0.,-1.,0.));
#1054 = DIRECTION('',(0.,0.,-1.));
#1055 = ADVANCED_FACE('',(#1056),#1122,.T.);
#1056 = FACE_BOUND('',#1057,.T.);
#1057 = EDGE_LOOP('',(#1058,#1068,#1074,#1075,#1076,#1077,#1083,#1084,
    #1092,#1100,#1108,#1116));
#1058 = ORIENTED_EDGE('',*,*,#1059,.F.);
#1059 = EDGE_CURVE('',#1060,#1062,#1064,.T.);
#1060 = VERTEX_POINT('',#1061);
#1061 = CARTESIAN_POINT('',(-5.5,0.2,3.8));
#1062 = VERTEX_POINT('',#1063);
#1063 = CARTESIAN_POINT('',(-5.5,0.2,0.5));
#1064 = LINE('',#1065,#1066);
#1065 = CARTESIAN_POINT('',(-5.5,0.2,3.8));
#1066 = VECTOR('',#1067,1.);
#1067 = DIRECTION('',(0.,0.,-1.));
#1068 = ORIENTED_EDGE('',*,*,#1069,.T.);
#1069 = EDGE_CURVE('',#1060,#688,#1070,.T.);
#1070 = LINE('',#1071,#1072);
#1071 = CARTESIAN_POINT('',(-5.5,0.2,3.8));
#1072 = VECTOR('',#1073,1.);
#1073 = DIRECTION('',(-1.,0.,0.));
#1074 = ORIENTED_EDGE('',*,*,#687,.F.);
#1075 = ORIENTED_EDGE('',*,*,#799,.T.);
#1076 = ORIENTED_EDGE('',*,*,#837,.T.);
#1077 = ORIENTED_EDGE('',*,*,#1078,.T.);
#1078 = EDGE_CURVE('',#830,#734,#1079,.T.);
#1079 = LINE('',#1080,#1081);
#1080 = CARTESIAN_POINT('',(-7.3,0.2,-2.99));
#1081 = VECTOR('',#1082,1.);
#1082 = DIRECTION('',(0.707106781187,0.,-0.707106781187));
#1083 = ORIENTED_EDGE('',*,*,#775,.F.);
#1084 = ORIENTED_EDGE('',*,*,#1085,.T.);
#1085 = EDGE_CURVE('',#768,#1086,#1088,.T.);
#1086 = VERTEX_POINT('',#1087);
#1087 = CARTESIAN_POINT('',(-5.5,0.2,-3.8));
#1088 = LINE('',#1089,#1090);
#1089 = CARTESIAN_POINT('',(-6.9,0.2,-3.8));
#1090 = VECTOR('',#1091,1.);
#1091 = DIRECTION('',(1.,0.,0.));
#1092 = ORIENTED_EDGE('',*,*,#1093,.T.);
#1093 = EDGE_CURVE('',#1086,#1094,#1096,.T.);
#1094 = VERTEX_POINT('',#1095);
#1095 = CARTESIAN_POINT('',(-5.5,0.2,-0.5));
#1096 = LINE('',#1097,#1098);
#1097 = CARTESIAN_POINT('',(-5.5,0.2,-3.8));
#1098 = VECTOR('',#1099,1.);
#1099 = DIRECTION('',(0.,0.,1.));
#1100 = ORIENTED_EDGE('',*,*,#1101,.T.);
#1101 = EDGE_CURVE('',#1094,#1102,#1104,.T.);
#1102 = VERTEX_POINT('',#1103);
#1103 = CARTESIAN_POINT('',(-5.9,0.2,-0.5));
#1104 = LINE('',#1105,#1106);
#1105 = CARTESIAN_POINT('',(-5.5,0.2,-0.5));
#1106 = VECTOR('',#1107,1.);
#1107 = DIRECTION('',(-1.,0.,0.));
#1108 = ORIENTED_EDGE('',*,*,#1109,.T.);
#1109 = EDGE_CURVE('',#1102,#1110,#1112,.T.);
#1110 = VERTEX_POINT('',#1111);
#1111 = CARTESIAN_POINT('',(-5.9,0.2,0.5));
#1112 = LINE('',#1113,#1114);
#1113 = CARTESIAN_POINT('',(-5.9,0.2,-0.5));
#1114 = VECTOR('',#1115,1.);
#1115 = DIRECTION('',(0.,0.,1.));
#1116 = ORIENTED_EDGE('',*,*,#1117,.T.);
#1117 = EDGE_CURVE('',#1110,#1062,#1118,.T.);
#1118 = LINE('',#1119,#1120);
#1119 = CARTESIAN_POINT('',(-5.9,0.2,0.5));
#1120 = VECTOR('',#1121,1.);
#1121 = DIRECTION('',(1.,0.,0.));
#1122 = PLANE('',#1123);
#1123 = AXIS2_PLACEMENT_3D('',#1124,#1125,#1126);
#1124 = CARTESIAN_POINT('',(-6.9,0.2,0.));
#1125 = DIRECTION('',(0.,-1.,0.));
#1126 = DIRECTION('',(0.,0.,-1.));
#1127 = ADVANCED_FACE('',(#1128),#1162,.T.);
#1128 = FACE_BOUND('',#1129,.T.);
#1129 = EDGE_LOOP('',(#1130,#1140,#1148,#1156));
#1130 = ORIENTED_EDGE('',*,*,#1131,.F.);
#1131 = EDGE_CURVE('',#1132,#1134,#1136,.T.);
#1132 = VERTEX_POINT('',#1133);
#1133 = CARTESIAN_POINT('',(-2.9,0.2,-3.8));
#1134 = VERTEX_POINT('',#1135);
#1135 = CARTESIAN_POINT('',(-2.9,0.2,-0.5));
#1136 = LINE('',#1137,#1138);
#1137 = CARTESIAN_POINT('',(-2.9,0.2,-3.8));
#1138 = VECTOR('',#1139,1.);
#1139 = DIRECTION('',(0.,0.,1.));
#1140 = ORIENTED_EDGE('',*,*,#1141,.T.);
#1141 = EDGE_CURVE('',#1132,#1142,#1144,.T.);
#1142 = VERTEX_POINT('',#1143);
#1143 = CARTESIAN_POINT('',(-1.3,0.2,-3.8));
#1144 = LINE('',#1145,#1146);
#1145 = CARTESIAN_POINT('',(-2.9,0.2,-3.8));
#1146 = VECTOR('',#1147,1.);
#1147 = DIRECTION('',(1.,0.,0.));
#1148 = ORIENTED_EDGE('',*,*,#1149,.T.);
#1149 = EDGE_CURVE('',#1142,#1150,#1152,.T.);
#1150 = VERTEX_POINT('',#1151);
#1151 = CARTESIAN_POINT('',(-1.3,0.2,-0.5));
#1152 = LINE('',#1153,#1154);
#1153 = CARTESIAN_POINT('',(-1.3,0.2,-3.8));
#1154 = VECTOR('',#1155,1.);
#1155 = DIRECTION('',(0.,0.,1.));
#1156 = ORIENTED_EDGE('',*,*,#1157,.T.);
#1157 = EDGE_CURVE('',#1150,#1134,#1158,.T.);
#1158 = LINE('',#1159,#1160);
#1159 = CARTESIAN_POINT('',(-1.3,0.2,-0.5));
#1160 = VECTOR('',#1161,1.);
#1161 = DIRECTION('',(-1.,0.,0.));
#1162 = PLANE('',#1163);
#1163 = AXIS2_PLACEMENT_3D('',#1164,#1165,#1166);
#1164 = CARTESIAN_POINT('',(-6.9,0.2,0.));
#1165 = DIRECTION('',(0.,-1.,0.));
#1166 = DIRECTION('',(0.,0.,-1.));
#1167 = ADVANCED_FACE('',(#1168),#1193,.F.);
#1168 = FACE_BOUND('',#1169,.T.);
#1169 = EDGE_LOOP('',(#1170,#1171,#1179,#1187));
#1170 = ORIENTED_EDGE('',*,*,#851,.T.);
#1171 = ORIENTED_EDGE('',*,*,#1172,.T.);
#1172 = EDGE_CURVE('',#854,#1173,#1175,.T.);
#1173 = VERTEX_POINT('',#1174);
#1174 = CARTESIAN_POINT('',(5.5,0.8,3.8));
#1175 = LINE('',#1176,#1177);
#1176 = CARTESIAN_POINT('',(5.5,0.2,3.8));
#1177 = VECTOR('',#1178,1.);
#1178 = DIRECTION('',(0.,1.,0.));
#1179 = ORIENTED_EDGE('',*,*,#1180,.F.);
#1180 = EDGE_CURVE('',#1181,#1173,#1183,.T.);
#1181 = VERTEX_POINT('',#1182);
#1182 = CARTESIAN_POINT('',(5.5,0.8,0.5));
#1183 = LINE('',#1184,#1185);
#1184 = CARTESIAN_POINT('',(5.5,0.8,0.5));
#1185 = VECTOR('',#1186,1.);
#1186 = DIRECTION('',(0.,0.,1.));
#1187 = ORIENTED_EDGE('',*,*,#1188,.F.);
#1188 = EDGE_CURVE('',#852,#1181,#1189,.T.);
#1189 = LINE('',#1190,#1191);
#1190 = CARTESIAN_POINT('',(5.5,0.2,0.5));
#1191 = VECTOR('',#1192,1.);
#1192 = DIRECTION('',(0.,1.,0.));
#1193 = PLANE('',#1194);
#1194 = AXIS2_PLACEMENT_3D('',#1195,#1196,#1197);
#1195 = CARTESIAN_POINT('',(5.5,0.,0.5));
#1196 = DIRECTION('',(1.,0.,0.));
#1197 = DIRECTION('',(-0.,1.,0.));
#1198 = ADVANCED_FACE('',(#1199),#1286,.F.);
#1199 = FACE_BOUND('',#1200,.T.);
#1200 = EDGE_LOOP('',(#1201,#1202,#1210,#1218,#1224,#1225,#1226,#1234,
    #1240,#1241,#1249,#1257,#1263,#1264,#1272,#1280));
#1201 = ORIENTED_EDGE('',*,*,#1117,.F.);
#1202 = ORIENTED_EDGE('',*,*,#1203,.F.);
#1203 = EDGE_CURVE('',#1204,#1110,#1206,.T.);
#1204 = VERTEX_POINT('',#1205);
#1205 = CARTESIAN_POINT('',(-5.9,0.,0.5));
#1206 = LINE('',#1207,#1208);
#1207 = CARTESIAN_POINT('',(-5.9,0.,0.5));
#1208 = VECTOR('',#1209,1.);
#1209 = DIRECTION('',(0.,1.,0.));
#1210 = ORIENTED_EDGE('',*,*,#1211,.T.);
#1211 = EDGE_CURVE('',#1204,#1212,#1214,.T.);
#1212 = VERTEX_POINT('',#1213);
#1213 = CARTESIAN_POINT('',(5.9,0.,0.5));
#1214 = LINE('',#1215,#1216);
#1215 = CARTESIAN_POINT('',(-5.9,0.,0.5));
#1216 = VECTOR('',#1217,1.);
#1217 = DIRECTION('',(1.,0.,0.));
#1218 = ORIENTED_EDGE('',*,*,#1219,.T.);
#1219 = EDGE_CURVE('',#1212,#862,#1220,.T.);
#1220 = LINE('',#1221,#1222);
#1221 = CARTESIAN_POINT('',(5.9,0.,0.5));
#1222 = VECTOR('',#1223,1.);
#1223 = DIRECTION('',(0.,1.,0.));
#1224 = ORIENTED_EDGE('',*,*,#861,.F.);
#1225 = ORIENTED_EDGE('',*,*,#1188,.T.);
#1226 = ORIENTED_EDGE('',*,*,#1227,.F.);
#1227 = EDGE_CURVE('',#1228,#1181,#1230,.T.);
#1228 = VERTEX_POINT('',#1229);
#1229 = CARTESIAN_POINT('',(2.9,0.8,0.5));
#1230 = LINE('',#1231,#1232);
#1231 = CARTESIAN_POINT('',(2.9,0.8,0.5));
#1232 = VECTOR('',#1233,1.);
#1233 = DIRECTION('',(1.,0.,0.));
#1234 = ORIENTED_EDGE('',*,*,#1235,.F.);
#1235 = EDGE_CURVE('',#950,#1228,#1236,.T.);
#1236 = LINE('',#1237,#1238);
#1237 = CARTESIAN_POINT('',(2.9,0.2,0.5));
#1238 = VECTOR('',#1239,1.);
#1239 = DIRECTION('',(0.,1.,0.));
#1240 = ORIENTED_EDGE('',*,*,#949,.F.);
#1241 = ORIENTED_EDGE('',*,*,#1242,.T.);
#1242 = EDGE_CURVE('',#942,#1243,#1245,.T.);
#1243 = VERTEX_POINT('',#1244);
#1244 = CARTESIAN_POINT('',(1.3,0.8,0.5));
#1245 = LINE('',#1246,#1247);
#1246 = CARTESIAN_POINT('',(1.3,0.2,0.5));
#1247 = VECTOR('',#1248,1.);
#1248 = DIRECTION('',(0.,1.,0.));
#1249 = ORIENTED_EDGE('',*,*,#1250,.F.);
#1250 = EDGE_CURVE('',#1251,#1243,#1253,.T.);
#1251 = VERTEX_POINT('',#1252);
#1252 = CARTESIAN_POINT('',(-1.3,0.8,0.5));
#1253 = LINE('',#1254,#1255);
#1254 = CARTESIAN_POINT('',(-1.3,0.8,0.5));
#1255 = VECTOR('',#1256,1.);
#1256 = DIRECTION('',(1.,0.,0.));
#1257 = ORIENTED_EDGE('',*,*,#1258,.F.);
#1258 = EDGE_CURVE('',#1030,#1251,#1259,.T.);
#1259 = LINE('',#1260,#1261);
#1260 = CARTESIAN_POINT('',(-1.3,0.2,0.5));
#1261 = VECTOR('',#1262,1.);
#1262 = DIRECTION('',(0.,1.,0.));
#1263 = ORIENTED_EDGE('',*,*,#1029,.F.);
#1264 = ORIENTED_EDGE('',*,*,#1265,.T.);
#1265 = EDGE_CURVE('',#1022,#1266,#1268,.T.);
#1266 = VERTEX_POINT('',#1267);
#1267 = CARTESIAN_POINT('',(-2.9,0.8,0.5));
#1268 = LINE('',#1269,#1270);
#1269 = CARTESIAN_POINT('',(-2.9,0.2,0.5));
#1270 = VECTOR('',#1271,1.);
#1271 = DIRECTION('',(0.,1.,0.));
#1272 = ORIENTED_EDGE('',*,*,#1273,.F.);
#1273 = EDGE_CURVE('',#1274,#1266,#1276,.T.);
#1274 = VERTEX_POINT('',#1275);
#1275 = CARTESIAN_POINT('',(-5.5,0.8,0.5));
#1276 = LINE('',#1277,#1278);
#1277 = CARTESIAN_POINT('',(-5.5,0.8,0.5));
#1278 = VECTOR('',#1279,1.);
#1279 = DIRECTION('',(1.,0.,0.));
#1280 = ORIENTED_EDGE('',*,*,#1281,.F.);
#1281 = EDGE_CURVE('',#1062,#1274,#1282,.T.);
#1282 = LINE('',#1283,#1284);
#1283 = CARTESIAN_POINT('',(-5.5,0.2,0.5));
#1284 = VECTOR('',#1285,1.);
#1285 = DIRECTION('',(0.,1.,0.));
#1286 = PLANE('',#1287);
#1287 = AXIS2_PLACEMENT_3D('',#1288,#1289,#1290);
#1288 = CARTESIAN_POINT('',(2.9,0.,0.5));
#1289 = DIRECTION('',(0.,0.,-1.));
#1290 = DIRECTION('',(0.,-1.,0.));
#1291 = ADVANCED_FACE('',(#1292),#1310,.F.);
#1292 = FACE_BOUND('',#1293,.T.);
#1293 = EDGE_LOOP('',(#1294,#1295,#1296,#1304));
#1294 = ORIENTED_EDGE('',*,*,#1059,.T.);
#1295 = ORIENTED_EDGE('',*,*,#1281,.T.);
#1296 = ORIENTED_EDGE('',*,*,#1297,.F.);
#1297 = EDGE_CURVE('',#1298,#1274,#1300,.T.);
#1298 = VERTEX_POINT('',#1299);
#1299 = CARTESIAN_POINT('',(-5.5,0.8,3.8));
#1300 = LINE('',#1301,#1302);
#1301 = CARTESIAN_POINT('',(-5.5,0.8,3.8));
#1302 = VECTOR('',#1303,1.);
#1303 = DIRECTION('',(0.,0.,-1.));
#1304 = ORIENTED_EDGE('',*,*,#1305,.F.);
#1305 = EDGE_CURVE('',#1060,#1298,#1306,.T.);
#1306 = LINE('',#1307,#1308);
#1307 = CARTESIAN_POINT('',(-5.5,0.2,3.8));
#1308 = VECTOR('',#1309,1.);
#1309 = DIRECTION('',(0.,1.,0.));
#1310 = PLANE('',#1311);
#1311 = AXIS2_PLACEMENT_3D('',#1312,#1313,#1314);
#1312 = CARTESIAN_POINT('',(-5.5,0.,3.8));
#1313 = DIRECTION('',(-1.,0.,0.));
#1314 = DIRECTION('',(0.,0.,1.));
#1315 = ADVANCED_FACE('',(#1316),#1350,.F.);
#1316 = FACE_BOUND('',#1317,.T.);
#1317 = EDGE_LOOP('',(#1318,#1319,#1327,#1335,#1343,#1349));
#1318 = ORIENTED_EDGE('',*,*,#925,.F.);
#1319 = ORIENTED_EDGE('',*,*,#1320,.F.);
#1320 = EDGE_CURVE('',#1321,#918,#1323,.T.);
#1321 = VERTEX_POINT('',#1322);
#1322 = CARTESIAN_POINT('',(6.9,0.,3.8));
#1323 = LINE('',#1324,#1325);
#1324 = CARTESIAN_POINT('',(6.9,0.,3.8));
#1325 = VECTOR('',#1326,1.);
#1326 = DIRECTION('',(0.,1.,0.));
#1327 = ORIENTED_EDGE('',*,*,#1328,.F.);
#1328 = EDGE_CURVE('',#1329,#1321,#1331,.T.);
#1329 = VERTEX_POINT('',#1330);
#1330 = CARTESIAN_POINT('',(5.2,0.,3.8));
#1331 = LINE('',#1332,#1333);
#1332 = CARTESIAN_POINT('',(5.2,0.,3.8));
#1333 = VECTOR('',#1334,1.);
#1334 = DIRECTION('',(1.,0.,0.));
#1335 = ORIENTED_EDGE('',*,*,#1336,.F.);
#1336 = EDGE_CURVE('',#1337,#1329,#1339,.T.);
#1337 = VERTEX_POINT('',#1338);
#1338 = CARTESIAN_POINT('',(5.2,0.8,3.8));
#1339 = LINE('',#1340,#1341);
#1340 = CARTESIAN_POINT('',(5.2,0.8,3.8));
#1341 = VECTOR('',#1342,1.);
#1342 = DIRECTION('',(0.,-1.,0.));
#1343 = ORIENTED_EDGE('',*,*,#1344,.F.);
#1344 = EDGE_CURVE('',#1173,#1337,#1345,.T.);
#1345 = LINE('',#1346,#1347);
#1346 = CARTESIAN_POINT('',(5.5,0.8,3.8));
#1347 = VECTOR('',#1348,1.);
#1348 = DIRECTION('',(-1.,0.,0.));
#1349 = ORIENTED_EDGE('',*,*,#1172,.F.);
#1350 = PLANE('',#1351);
#1351 = AXIS2_PLACEMENT_3D('',#1352,#1353,#1354);
#1352 = CARTESIAN_POINT('',(3.2,0.,3.8));
#1353 = DIRECTION('',(0.,0.,1.));
#1354 = DIRECTION('',(1.,0.,-0.));
#1355 = ADVANCED_FACE('',(#1356),#1413,.F.);
#1356 = FACE_BOUND('',#1357,.T.);
#1357 = EDGE_LOOP('',(#1358,#1359,#1367,#1375,#1383,#1391,#1399,#1407));
#1358 = ORIENTED_EDGE('',*,*,#965,.F.);
#1359 = ORIENTED_EDGE('',*,*,#1360,.T.);
#1360 = EDGE_CURVE('',#958,#1361,#1363,.T.);
#1361 = VERTEX_POINT('',#1362);
#1362 = CARTESIAN_POINT('',(2.9,0.8,3.8));
#1363 = LINE('',#1364,#1365);
#1364 = CARTESIAN_POINT('',(2.9,0.2,3.8));
#1365 = VECTOR('',#1366,1.);
#1366 = DIRECTION('',(0.,1.,0.));
#1367 = ORIENTED_EDGE('',*,*,#1368,.F.);
#1368 = EDGE_CURVE('',#1369,#1361,#1371,.T.);
#1369 = VERTEX_POINT('',#1370);
#1370 = CARTESIAN_POINT('',(3.2,0.8,3.8));
#1371 = LINE('',#1372,#1373);
#1372 = CARTESIAN_POINT('',(3.2,0.8,3.8));
#1373 = VECTOR('',#1374,1.);
#1374 = DIRECTION('',(-1.,0.,0.));
#1375 = ORIENTED_EDGE('',*,*,#1376,.F.);
#1376 = EDGE_CURVE('',#1377,#1369,#1379,.T.);
#1377 = VERTEX_POINT('',#1378);
#1378 = CARTESIAN_POINT('',(3.2,0.,3.8));
#1379 = LINE('',#1380,#1381);
#1380 = CARTESIAN_POINT('',(3.2,0.,3.8));
#1381 = VECTOR('',#1382,1.);
#1382 = DIRECTION('',(0.,1.,0.));
#1383 = ORIENTED_EDGE('',*,*,#1384,.F.);
#1384 = EDGE_CURVE('',#1385,#1377,#1387,.T.);
#1385 = VERTEX_POINT('',#1386);
#1386 = CARTESIAN_POINT('',(1.,0.,3.8));
#1387 = LINE('',#1388,#1389);
#1388 = CARTESIAN_POINT('',(1.,0.,3.8));
#1389 = VECTOR('',#1390,1.);
#1390 = DIRECTION('',(1.,0.,0.));
#1391 = ORIENTED_EDGE('',*,*,#1392,.F.);
#1392 = EDGE_CURVE('',#1393,#1385,#1395,.T.);
#1393 = VERTEX_POINT('',#1394);
#1394 = CARTESIAN_POINT('',(1.,0.8,3.8));
#1395 = LINE('',#1396,#1397);
#1396 = CARTESIAN_POINT('',(1.,0.8,3.8));
#1397 = VECTOR('',#1398,1.);
#1398 = DIRECTION('',(0.,-1.,0.));
#1399 = ORIENTED_EDGE('',*,*,#1400,.F.);
#1400 = EDGE_CURVE('',#1401,#1393,#1403,.T.);
#1401 = VERTEX_POINT('',#1402);
#1402 = CARTESIAN_POINT('',(1.3,0.8,3.8));
#1403 = LINE('',#1404,#1405);
#1404 = CARTESIAN_POINT('',(1.3,0.8,3.8));
#1405 = VECTOR('',#1406,1.);
#1406 = DIRECTION('',(-1.,0.,0.));
#1407 = ORIENTED_EDGE('',*,*,#1408,.F.);
#1408 = EDGE_CURVE('',#940,#1401,#1409,.T.);
#1409 = LINE('',#1410,#1411);
#1410 = CARTESIAN_POINT('',(1.3,0.2,3.8));
#1411 = VECTOR('',#1412,1.);
#1412 = DIRECTION('',(0.,1.,0.));
#1413 = PLANE('',#1414);
#1414 = AXIS2_PLACEMENT_3D('',#1415,#1416,#1417);
#1415 = CARTESIAN_POINT('',(3.2,0.,3.8));
#1416 = DIRECTION('',(0.,0.,1.));
#1417 = DIRECTION('',(1.,0.,-0.));
#1418 = ADVANCED_FACE('',(#1419),#1476,.F.);
#1419 = FACE_BOUND('',#1420,.T.);
#1420 = EDGE_LOOP('',(#1421,#1422,#1430,#1438,#1446,#1454,#1462,#1470));
#1421 = ORIENTED_EDGE('',*,*,#1045,.F.);
#1422 = ORIENTED_EDGE('',*,*,#1423,.T.);
#1423 = EDGE_CURVE('',#1038,#1424,#1426,.T.);
#1424 = VERTEX_POINT('',#1425);
#1425 = CARTESIAN_POINT('',(-1.3,0.8,3.8));
#1426 = LINE('',#1427,#1428);
#1427 = CARTESIAN_POINT('',(-1.3,0.2,3.8));
#1428 = VECTOR('',#1429,1.);
#1429 = DIRECTION('',(0.,1.,0.));
#1430 = ORIENTED_EDGE('',*,*,#1431,.F.);
#1431 = EDGE_CURVE('',#1432,#1424,#1434,.T.);
#1432 = VERTEX_POINT('',#1433);
#1433 = CARTESIAN_POINT('',(-1.,0.8,3.8));
#1434 = LINE('',#1435,#1436);
#1435 = CARTESIAN_POINT('',(-1.,0.8,3.8));
#1436 = VECTOR('',#1437,1.);
#1437 = DIRECTION('',(-1.,0.,0.));
#1438 = ORIENTED_EDGE('',*,*,#1439,.F.);
#1439 = EDGE_CURVE('',#1440,#1432,#1442,.T.);
#1440 = VERTEX_POINT('',#1441);
#1441 = CARTESIAN_POINT('',(-1.,0.,3.8));
#1442 = LINE('',#1443,#1444);
#1443 = CARTESIAN_POINT('',(-1.,0.,3.8));
#1444 = VECTOR('',#1445,1.);
#1445 = DIRECTION('',(0.,1.,0.));
#1446 = ORIENTED_EDGE('',*,*,#1447,.F.);
#1447 = EDGE_CURVE('',#1448,#1440,#1450,.T.);
#1448 = VERTEX_POINT('',#1449);
#1449 = CARTESIAN_POINT('',(-3.2,0.,3.8));
#1450 = LINE('',#1451,#1452);
#1451 = CARTESIAN_POINT('',(-3.2,0.,3.8));
#1452 = VECTOR('',#1453,1.);
#1453 = DIRECTION('',(1.,0.,0.));
#1454 = ORIENTED_EDGE('',*,*,#1455,.F.);
#1455 = EDGE_CURVE('',#1456,#1448,#1458,.T.);
#1456 = VERTEX_POINT('',#1457);
#1457 = CARTESIAN_POINT('',(-3.2,0.8,3.8));
#1458 = LINE('',#1459,#1460);
#1459 = CARTESIAN_POINT('',(-3.2,0.8,3.8));
#1460 = VECTOR('',#1461,1.);
#1461 = DIRECTION('',(0.,-1.,0.));
#1462 = ORIENTED_EDGE('',*,*,#1463,.F.);
#1463 = EDGE_CURVE('',#1464,#1456,#1466,.T.);
#1464 = VERTEX_POINT('',#1465);
#1465 = CARTESIAN_POINT('',(-2.9,0.8,3.8));
#1466 = LINE('',#1467,#1468);
#1467 = CARTESIAN_POINT('',(-2.9,0.8,3.8));
#1468 = VECTOR('',#1469,1.);
#1469 = DIRECTION('',(-1.,0.,0.));
#1470 = ORIENTED_EDGE('',*,*,#1471,.F.);
#1471 = EDGE_CURVE('',#1020,#1464,#1472,.T.);
#1472 = LINE('',#1473,#1474);
#1473 = CARTESIAN_POINT('',(-2.9,0.2,3.8));
#1474 = VECTOR('',#1475,1.);
#1475 = DIRECTION('',(0.,1.,0.));
#1476 = PLANE('',#1477);
#1477 = AXIS2_PLACEMENT_3D('',#1478,#1479,#1480);
#1478 = CARTESIAN_POINT('',(3.2,0.,3.8));
#1479 = DIRECTION('',(0.,0.,1.));
#1480 = DIRECTION('',(1.,0.,-0.));
#1481 = ADVANCED_FACE('',(#1482),#1509,.F.);
#1482 = FACE_BOUND('',#1483,.T.);
#1483 = EDGE_LOOP('',(#1484,#1494,#1500,#1501,#1502,#1503));
#1484 = ORIENTED_EDGE('',*,*,#1485,.F.);
#1485 = EDGE_CURVE('',#1486,#1488,#1490,.T.);
#1486 = VERTEX_POINT('',#1487);
#1487 = CARTESIAN_POINT('',(-5.2,0.,3.8));
#1488 = VERTEX_POINT('',#1489);
#1489 = CARTESIAN_POINT('',(-5.2,0.8,3.8));
#1490 = LINE('',#1491,#1492);
#1491 = CARTESIAN_POINT('',(-5.2,0.,3.8));
#1492 = VECTOR('',#1493,1.);
#1493 = DIRECTION('',(0.,1.,0.));
#1494 = ORIENTED_EDGE('',*,*,#1495,.F.);
#1495 = EDGE_CURVE('',#696,#1486,#1496,.T.);
#1496 = LINE('',#1497,#1498);
#1497 = CARTESIAN_POINT('',(-6.9,0.,3.8));
#1498 = VECTOR('',#1499,1.);
#1499 = DIRECTION('',(1.,0.,0.));
#1500 = ORIENTED_EDGE('',*,*,#695,.T.);
#1501 = ORIENTED_EDGE('',*,*,#1069,.F.);
#1502 = ORIENTED_EDGE('',*,*,#1305,.T.);
#1503 = ORIENTED_EDGE('',*,*,#1504,.F.);
#1504 = EDGE_CURVE('',#1488,#1298,#1505,.T.);
#1505 = LINE('',#1506,#1507);
#1506 = CARTESIAN_POINT('',(-5.2,0.8,3.8));
#1507 = VECTOR('',#1508,1.);
#1508 = DIRECTION('',(-1.,0.,0.));
#1509 = PLANE('',#1510);
#1510 = AXIS2_PLACEMENT_3D('',#1511,#1512,#1513);
#1511 = CARTESIAN_POINT('',(3.2,0.,3.8));
#1512 = DIRECTION('',(0.,0.,1.));
#1513 = DIRECTION('',(1.,0.,-0.));
#1514 = ADVANCED_FACE('',(#1515,#1581),#1615,.T.);
#1515 = FACE_BOUND('',#1516,.T.);
#1516 = EDGE_LOOP('',(#1517,#1527,#1535,#1543,#1551,#1559,#1567,#1575));
#1517 = ORIENTED_EDGE('',*,*,#1518,.T.);
#1518 = EDGE_CURVE('',#1519,#1521,#1523,.T.);
#1519 = VERTEX_POINT('',#1520);
#1520 = CARTESIAN_POINT('',(3.2,0.8,-4.8));
#1521 = VERTEX_POINT('',#1522);
#1522 = CARTESIAN_POINT('',(5.2,0.8,-4.8));
#1523 = LINE('',#1524,#1525);
#1524 = CARTESIAN_POINT('',(3.2,0.8,-4.8));
#1525 = VECTOR('',#1526,1.);
#1526 = DIRECTION('',(1.,0.,0.));
#1527 = ORIENTED_EDGE('',*,*,#1528,.T.);
#1528 = EDGE_CURVE('',#1521,#1529,#1531,.T.);
#1529 = VERTEX_POINT('',#1530);
#1530 = CARTESIAN_POINT('',(5.2,0.8,-3.8));
#1531 = LINE('',#1532,#1533);
#1532 = CARTESIAN_POINT('',(5.2,0.8,-4.8));
#1533 = VECTOR('',#1534,1.);
#1534 = DIRECTION('',(0.,0.,1.));
#1535 = ORIENTED_EDGE('',*,*,#1536,.T.);
#1536 = EDGE_CURVE('',#1529,#1537,#1539,.T.);
#1537 = VERTEX_POINT('',#1538);
#1538 = CARTESIAN_POINT('',(5.5,0.8,-3.8));
#1539 = LINE('',#1540,#1541);
#1540 = CARTESIAN_POINT('',(5.2,0.8,-3.8));
#1541 = VECTOR('',#1542,1.);
#1542 = DIRECTION('',(1.,0.,0.));
#1543 = ORIENTED_EDGE('',*,*,#1544,.T.);
#1544 = EDGE_CURVE('',#1537,#1545,#1547,.T.);
#1545 = VERTEX_POINT('',#1546);
#1546 = CARTESIAN_POINT('',(5.5,0.8,-0.5));
#1547 = LINE('',#1548,#1549);
#1548 = CARTESIAN_POINT('',(5.5,0.8,-3.8));
#1549 = VECTOR('',#1550,1.);
#1550 = DIRECTION('',(0.,0.,1.));
#1551 = ORIENTED_EDGE('',*,*,#1552,.T.);
#1552 = EDGE_CURVE('',#1545,#1553,#1555,.T.);
#1553 = VERTEX_POINT('',#1554);
#1554 = CARTESIAN_POINT('',(2.9,0.8,-0.5));
#1555 = LINE('',#1556,#1557);
#1556 = CARTESIAN_POINT('',(5.5,0.8,-0.5));
#1557 = VECTOR('',#1558,1.);
#1558 = DIRECTION('',(-1.,0.,0.));
#1559 = ORIENTED_EDGE('',*,*,#1560,.T.);
#1560 = EDGE_CURVE('',#1553,#1561,#1563,.T.);
#1561 = VERTEX_POINT('',#1562);
#1562 = CARTESIAN_POINT('',(2.9,0.8,-3.8));
#1563 = LINE('',#1564,#1565);
#1564 = CARTESIAN_POINT('',(2.9,0.8,-0.5));
#1565 = VECTOR('',#1566,1.);
#1566 = DIRECTION('',(0.,0.,-1.));
#1567 = ORIENTED_EDGE('',*,*,#1568,.T.);
#1568 = EDGE_CURVE('',#1561,#1569,#1571,.T.);
#1569 = VERTEX_POINT('',#1570);
#1570 = CARTESIAN_POINT('',(3.2,0.8,-3.8));
#1571 = LINE('',#1572,#1573);
#1572 = CARTESIAN_POINT('',(2.9,0.8,-3.8));
#1573 = VECTOR('',#1574,1.);
#1574 = DIRECTION('',(1.,0.,0.));
#1575 = ORIENTED_EDGE('',*,*,#1576,.T.);
#1576 = EDGE_CURVE('',#1569,#1519,#1577,.T.);
#1577 = LINE('',#1578,#1579);
#1578 = CARTESIAN_POINT('',(3.2,0.8,-3.8));
#1579 = VECTOR('',#1580,1.);
#1580 = DIRECTION('',(0.,0.,-1.));
#1581 = FACE_BOUND('',#1582,.T.);
#1582 = EDGE_LOOP('',(#1583,#1593,#1601,#1609));
#1583 = ORIENTED_EDGE('',*,*,#1584,.F.);
#1584 = EDGE_CURVE('',#1585,#1587,#1589,.T.);
#1585 = VERTEX_POINT('',#1586);
#1586 = CARTESIAN_POINT('',(4.77,0.8,-3.25));
#1587 = VERTEX_POINT('',#1588);
#1588 = CARTESIAN_POINT('',(4.77,0.8,-2.65));
#1589 = LINE('',#1590,#1591);
#1590 = CARTESIAN_POINT('',(4.77,0.8,-3.25));
#1591 = VECTOR('',#1592,1.);
#1592 = DIRECTION('',(0.,0.,1.));
#1593 = ORIENTED_EDGE('',*,*,#1594,.T.);
#1594 = EDGE_CURVE('',#1585,#1595,#1597,.T.);
#1595 = VERTEX_POINT('',#1596);
#1596 = CARTESIAN_POINT('',(3.63,0.8,-3.25));
#1597 = LINE('',#1598,#1599);
#1598 = CARTESIAN_POINT('',(4.77,0.8,-3.25));
#1599 = VECTOR('',#1600,1.);
#1600 = DIRECTION('',(-1.,0.,0.));
#1601 = ORIENTED_EDGE('',*,*,#1602,.T.);
#1602 = EDGE_CURVE('',#1595,#1603,#1605,.T.);
#1603 = VERTEX_POINT('',#1604);
#1604 = CARTESIAN_POINT('',(3.63,0.8,-2.65));
#1605 = LINE('',#1606,#1607);
#1606 = CARTESIAN_POINT('',(3.63,0.8,-3.25));
#1607 = VECTOR('',#1608,1.);
#1608 = DIRECTION('',(0.,0.,1.));
#1609 = ORIENTED_EDGE('',*,*,#1610,.F.);
#1610 = EDGE_CURVE('',#1587,#1603,#1611,.T.);
#1611 = LINE('',#1612,#1613);
#1612 = CARTESIAN_POINT('',(4.77,0.8,-2.65));
#1613 = VECTOR('',#1614,1.);
#1614 = DIRECTION('',(-1.,0.,0.));
#1615 = PLANE('',#1616);
#1616 = AXIS2_PLACEMENT_3D('',#1617,#1618,#1619);
#1617 = CARTESIAN_POINT('',(-6.9,0.8,4.8));
#1618 = DIRECTION('',(0.,-1.,0.));
#1619 = DIRECTION('',(0.,0.,-1.));
#1620 = ADVANCED_FACE('',(#1621,#1655),#1689,.T.);
#1621 = FACE_BOUND('',#1622,.T.);
#1622 = EDGE_LOOP('',(#1623,#1633,#1639,#1640,#1646,#1647,#1648,#1649));
#1623 = ORIENTED_EDGE('',*,*,#1624,.F.);
#1624 = EDGE_CURVE('',#1625,#1627,#1629,.T.);
#1625 = VERTEX_POINT('',#1626);
#1626 = CARTESIAN_POINT('',(3.2,0.8,4.8));
#1627 = VERTEX_POINT('',#1628);
#1628 = CARTESIAN_POINT('',(5.2,0.8,4.8));
#1629 = LINE('',#1630,#1631);
#1630 = CARTESIAN_POINT('',(3.2,0.8,4.8));
#1631 = VECTOR('',#1632,1.);
#1632 = DIRECTION('',(1.,0.,0.));
#1633 = ORIENTED_EDGE('',*,*,#1634,.T.);
#1634 = EDGE_CURVE('',#1625,#1369,#1635,.T.);
#1635 = LINE('',#1636,#1637);
#1636 = CARTESIAN_POINT('',(3.2,0.8,4.8));
#1637 = VECTOR('',#1638,1.);
#1638 = DIRECTION('',(0.,0.,-1.));
#1639 = ORIENTED_EDGE('',*,*,#1368,.T.);
#1640 = ORIENTED_EDGE('',*,*,#1641,.T.);
#1641 = EDGE_CURVE('',#1361,#1228,#1642,.T.);
#1642 = LINE('',#1643,#1644);
#1643 = CARTESIAN_POINT('',(2.9,0.8,3.8));
#1644 = VECTOR('',#1645,1.);
#1645 = DIRECTION('',(0.,0.,-1.));
#1646 = ORIENTED_EDGE('',*,*,#1227,.T.);
#1647 = ORIENTED_EDGE('',*,*,#1180,.T.);
#1648 = ORIENTED_EDGE('',*,*,#1344,.T.);
#1649 = ORIENTED_EDGE('',*,*,#1650,.T.);
#1650 = EDGE_CURVE('',#1337,#1627,#1651,.T.);
#1651 = LINE('',#1652,#1653);
#1652 = CARTESIAN_POINT('',(5.2,0.8,3.8));
#1653 = VECTOR('',#1654,1.);
#1654 = DIRECTION('',(0.,0.,1.));
#1655 = FACE_BOUND('',#1656,.T.);
#1656 = EDGE_LOOP('',(#1657,#1667,#1675,#1683));
#1657 = ORIENTED_EDGE('',*,*,#1658,.F.);
#1658 = EDGE_CURVE('',#1659,#1661,#1663,.T.);
#1659 = VERTEX_POINT('',#1660);
#1660 = CARTESIAN_POINT('',(4.77,0.8,2.25));
#1661 = VERTEX_POINT('',#1662);
#1662 = CARTESIAN_POINT('',(4.77,0.8,2.85));
#1663 = LINE('',#1664,#1665);
#1664 = CARTESIAN_POINT('',(4.77,0.8,2.25));
#1665 = VECTOR('',#1666,1.);
#1666 = DIRECTION('',(0.,0.,1.));
#1667 = ORIENTED_EDGE('',*,*,#1668,.T.);
#1668 = EDGE_CURVE('',#1659,#1669,#1671,.T.);
#1669 = VERTEX_POINT('',#1670);
#1670 = CARTESIAN_POINT('',(3.63,0.8,2.25));
#1671 = LINE('',#1672,#1673);
#1672 = CARTESIAN_POINT('',(4.77,0.8,2.25));
#1673 = VECTOR('',#1674,1.);
#1674 = DIRECTION('',(-1.,0.,0.));
#1675 = ORIENTED_EDGE('',*,*,#1676,.T.);
#1676 = EDGE_CURVE('',#1669,#1677,#1679,.T.);
#1677 = VERTEX_POINT('',#1678);
#1678 = CARTESIAN_POINT('',(3.63,0.8,2.85));
#1679 = LINE('',#1680,#1681);
#1680 = CARTESIAN_POINT('',(3.63,0.8,2.25));
#1681 = VECTOR('',#1682,1.);
#1682 = DIRECTION('',(0.,0.,1.));
#1683 = ORIENTED_EDGE('',*,*,#1684,.F.);
#1684 = EDGE_CURVE('',#1661,#1677,#1685,.T.);
#1685 = LINE('',#1686,#1687);
#1686 = CARTESIAN_POINT('',(4.77,0.8,2.85));
#1687 = VECTOR('',#1688,1.);
#1688 = DIRECTION('',(-1.,0.,0.));
#1689 = PLANE('',#1690);
#1690 = AXIS2_PLACEMENT_3D('',#1691,#1692,#1693);
#1691 = CARTESIAN_POINT('',(-6.9,0.8,4.8));
#1692 = DIRECTION('',(0.,-1.,0.));
#1693 = DIRECTION('',(0.,0.,-1.));
#1694 = ADVANCED_FACE('',(#1695),#1839,.T.);
#1695 = FACE_BOUND('',#1696,.T.);
#1696 = EDGE_LOOP('',(#1697,#1707,#1715,#1721,#1722,#1730,#1738,#1746,
    #1754,#1762,#1770,#1778,#1784,#1785,#1793,#1801,#1809,#1817,#1825,
    #1833));
#1697 = ORIENTED_EDGE('',*,*,#1698,.F.);
#1698 = EDGE_CURVE('',#1699,#1701,#1703,.T.);
#1699 = VERTEX_POINT('',#1700);
#1700 = CARTESIAN_POINT('',(-5.2,0.8,-4.8));
#1701 = VERTEX_POINT('',#1702);
#1702 = CARTESIAN_POINT('',(-3.2,0.8,-4.8));
#1703 = LINE('',#1704,#1705);
#1704 = CARTESIAN_POINT('',(-5.2,0.8,-4.8));
#1705 = VECTOR('',#1706,1.);
#1706 = DIRECTION('',(1.,0.,0.));
#1707 = ORIENTED_EDGE('',*,*,#1708,.F.);
#1708 = EDGE_CURVE('',#1709,#1699,#1711,.T.);
#1709 = VERTEX_POINT('',#1710);
#1710 = CARTESIAN_POINT('',(-5.2,0.,-4.8));
#1711 = LINE('',#1712,#1713);
#1712 = CARTESIAN_POINT('',(-5.2,0.,-4.8));
#1713 = VECTOR('',#1714,1.);
#1714 = DIRECTION('',(0.,1.,0.));
#1715 = ORIENTED_EDGE('',*,*,#1716,.F.);
#1716 = EDGE_CURVE('',#752,#1709,#1717,.T.);
#1717 = LINE('',#1718,#1719);
#1718 = CARTESIAN_POINT('',(-6.9,0.,-4.8));
#1719 = VECTOR('',#1720,1.);
#1720 = DIRECTION('',(1.,0.,0.));
#1721 = ORIENTED_EDGE('',*,*,#751,.T.);
#1722 = ORIENTED_EDGE('',*,*,#1723,.T.);
#1723 = EDGE_CURVE('',#744,#1724,#1726,.T.);
#1724 = VERTEX_POINT('',#1725);
#1725 = CARTESIAN_POINT('',(-1.7,12.8,-4.8));
#1726 = LINE('',#1727,#1728);
#1727 = CARTESIAN_POINT('',(-6.9,12.8,-4.8));
#1728 = VECTOR('',#1729,1.);
#1729 = DIRECTION('',(1.,0.,0.));
#1730 = ORIENTED_EDGE('',*,*,#1731,.T.);
#1731 = EDGE_CURVE('',#1724,#1732,#1734,.T.);
#1732 = VERTEX_POINT('',#1733);
#1733 = CARTESIAN_POINT('',(-1.7,9.75,-4.8));
#1734 = LINE('',#1735,#1736);
#1735 = CARTESIAN_POINT('',(-1.7,12.8,-4.8));
#1736 = VECTOR('',#1737,1.);
#1737 = DIRECTION('',(0.,-1.,0.));
#1738 = ORIENTED_EDGE('',*,*,#1739,.T.);
#1739 = EDGE_CURVE('',#1732,#1740,#1742,.T.);
#1740 = VERTEX_POINT('',#1741);
#1741 = CARTESIAN_POINT('',(1.7,9.75,-4.8));
#1742 = LINE('',#1743,#1744);
#1743 = CARTESIAN_POINT('',(-1.7,9.75,-4.8));
#1744 = VECTOR('',#1745,1.);
#1745 = DIRECTION('',(1.,0.,0.));
#1746 = ORIENTED_EDGE('',*,*,#1747,.F.);
#1747 = EDGE_CURVE('',#1748,#1740,#1750,.T.);
#1748 = VERTEX_POINT('',#1749);
#1749 = CARTESIAN_POINT('',(1.7,12.8,-4.8));
#1750 = LINE('',#1751,#1752);
#1751 = CARTESIAN_POINT('',(1.7,12.8,-4.8));
#1752 = VECTOR('',#1753,1.);
#1753 = DIRECTION('',(0.,-1.,0.));
#1754 = ORIENTED_EDGE('',*,*,#1755,.T.);
#1755 = EDGE_CURVE('',#1748,#1756,#1758,.T.);
#1756 = VERTEX_POINT('',#1757);
#1757 = CARTESIAN_POINT('',(6.9,12.8,-4.8));
#1758 = LINE('',#1759,#1760);
#1759 = CARTESIAN_POINT('',(1.7,12.8,-4.8));
#1760 = VECTOR('',#1761,1.);
#1761 = DIRECTION('',(1.,0.,0.));
#1762 = ORIENTED_EDGE('',*,*,#1763,.F.);
#1763 = EDGE_CURVE('',#1764,#1756,#1766,.T.);
#1764 = VERTEX_POINT('',#1765);
#1765 = CARTESIAN_POINT('',(6.9,0.,-4.8));
#1766 = LINE('',#1767,#1768);
#1767 = CARTESIAN_POINT('',(6.9,0.,-4.8));
#1768 = VECTOR('',#1769,1.);
#1769 = DIRECTION('',(0.,1.,0.));
#1770 = ORIENTED_EDGE('',*,*,#1771,.F.);
#1771 = EDGE_CURVE('',#1772,#1764,#1774,.T.);
#1772 = VERTEX_POINT('',#1773);
#1773 = CARTESIAN_POINT('',(5.2,0.,-4.8));
#1774 = LINE('',#1775,#1776);
#1775 = CARTESIAN_POINT('',(5.2,0.,-4.8));
#1776 = VECTOR('',#1777,1.);
#1777 = DIRECTION('',(1.,0.,0.));
#1778 = ORIENTED_EDGE('',*,*,#1779,.T.);
#1779 = EDGE_CURVE('',#1772,#1521,#1780,.T.);
#1780 = LINE('',#1781,#1782);
#1781 = CARTESIAN_POINT('',(5.2,0.,-4.8));
#1782 = VECTOR('',#1783,1.);
#1783 = DIRECTION('',(0.,1.,0.));
#1784 = ORIENTED_EDGE('',*,*,#1518,.F.);
#1785 = ORIENTED_EDGE('',*,*,#1786,.F.);
#1786 = EDGE_CURVE('',#1787,#1519,#1789,.T.);
#1787 = VERTEX_POINT('',#1788);
#1788 = CARTESIAN_POINT('',(3.2,0.,-4.8));
#1789 = LINE('',#1790,#1791);
#1790 = CARTESIAN_POINT('',(3.2,0.,-4.8));
#1791 = VECTOR('',#1792,1.);
#1792 = DIRECTION('',(0.,1.,0.));
#1793 = ORIENTED_EDGE('',*,*,#1794,.F.);
#1794 = EDGE_CURVE('',#1795,#1787,#1797,.T.);
#1795 = VERTEX_POINT('',#1796);
#1796 = CARTESIAN_POINT('',(1.,0.,-4.8));
#1797 = LINE('',#1798,#1799);
#1798 = CARTESIAN_POINT('',(1.,0.,-4.8));
#1799 = VECTOR('',#1800,1.);
#1800 = DIRECTION('',(1.,0.,0.));
#1801 = ORIENTED_EDGE('',*,*,#1802,.T.);
#1802 = EDGE_CURVE('',#1795,#1803,#1805,.T.);
#1803 = VERTEX_POINT('',#1804);
#1804 = CARTESIAN_POINT('',(1.,0.8,-4.8));
#1805 = LINE('',#1806,#1807);
#1806 = CARTESIAN_POINT('',(1.,0.,-4.8));
#1807 = VECTOR('',#1808,1.);
#1808 = DIRECTION('',(0.,1.,0.));
#1809 = ORIENTED_EDGE('',*,*,#1810,.F.);
#1810 = EDGE_CURVE('',#1811,#1803,#1813,.T.);
#1811 = VERTEX_POINT('',#1812);
#1812 = CARTESIAN_POINT('',(-1.,0.8,-4.8));
#1813 = LINE('',#1814,#1815);
#1814 = CARTESIAN_POINT('',(-1.,0.8,-4.8));
#1815 = VECTOR('',#1816,1.);
#1816 = DIRECTION('',(1.,0.,0.));
#1817 = ORIENTED_EDGE('',*,*,#1818,.F.);
#1818 = EDGE_CURVE('',#1819,#1811,#1821,.T.);
#1819 = VERTEX_POINT('',#1820);
#1820 = CARTESIAN_POINT('',(-1.,0.,-4.8));
#1821 = LINE('',#1822,#1823);
#1822 = CARTESIAN_POINT('',(-1.,0.,-4.8));
#1823 = VECTOR('',#1824,1.);
#1824 = DIRECTION('',(0.,1.,0.));
#1825 = ORIENTED_EDGE('',*,*,#1826,.F.);
#1826 = EDGE_CURVE('',#1827,#1819,#1829,.T.);
#1827 = VERTEX_POINT('',#1828);
#1828 = CARTESIAN_POINT('',(-3.2,0.,-4.8));
#1829 = LINE('',#1830,#1831);
#1830 = CARTESIAN_POINT('',(-3.2,0.,-4.8));
#1831 = VECTOR('',#1832,1.);
#1832 = DIRECTION('',(1.,0.,0.));
#1833 = ORIENTED_EDGE('',*,*,#1834,.T.);
#1834 = EDGE_CURVE('',#1827,#1701,#1835,.T.);
#1835 = LINE('',#1836,#1837);
#1836 = CARTESIAN_POINT('',(-3.2,0.,-4.8));
#1837 = VECTOR('',#1838,1.);
#1838 = DIRECTION('',(0.,1.,0.));
#1839 = PLANE('',#1840);
#1840 = AXIS2_PLACEMENT_3D('',#1841,#1842,#1843);
#1841 = CARTESIAN_POINT('',(-6.9,0.,-4.8));
#1842 = DIRECTION('',(0.,0.,-1.));
#1843 = DIRECTION('',(0.,-1.,0.));
#1844 = ADVANCED_FACE('',(#1845,#1902),#1936,.T.);
#1845 = FACE_BOUND('',#1846,.T.);
#1846 = EDGE_LOOP('',(#1847,#1848,#1856,#1864,#1872,#1880,#1888,#1896));
#1847 = ORIENTED_EDGE('',*,*,#1698,.T.);
#1848 = ORIENTED_EDGE('',*,*,#1849,.T.);
#1849 = EDGE_CURVE('',#1701,#1850,#1852,.T.);
#1850 = VERTEX_POINT('',#1851);
#1851 = CARTESIAN_POINT('',(-3.2,0.8,-3.8));
#1852 = LINE('',#1853,#1854);
#1853 = CARTESIAN_POINT('',(-3.2,0.8,-4.8));
#1854 = VECTOR('',#1855,1.);
#1855 = DIRECTION('',(0.,0.,1.));
#1856 = ORIENTED_EDGE('',*,*,#1857,.T.);
#1857 = EDGE_CURVE('',#1850,#1858,#1860,.T.);
#1858 = VERTEX_POINT('',#1859);
#1859 = CARTESIAN_POINT('',(-2.9,0.8,-3.8));
#1860 = LINE('',#1861,#1862);
#1861 = CARTESIAN_POINT('',(-3.2,0.8,-3.8));
#1862 = VECTOR('',#1863,1.);
#1863 = DIRECTION('',(1.,0.,0.));
#1864 = ORIENTED_EDGE('',*,*,#1865,.T.);
#1865 = EDGE_CURVE('',#1858,#1866,#1868,.T.);
#1866 = VERTEX_POINT('',#1867);
#1867 = CARTESIAN_POINT('',(-2.9,0.8,-0.5));
#1868 = LINE('',#1869,#1870);
#1869 = CARTESIAN_POINT('',(-2.9,0.8,-3.8));
#1870 = VECTOR('',#1871,1.);
#1871 = DIRECTION('',(0.,0.,1.));
#1872 = ORIENTED_EDGE('',*,*,#1873,.T.);
#1873 = EDGE_CURVE('',#1866,#1874,#1876,.T.);
#1874 = VERTEX_POINT('',#1875);
#1875 = CARTESIAN_POINT('',(-5.5,0.8,-0.5));
#1876 = LINE('',#1877,#1878);
#1877 = CARTESIAN_POINT('',(-2.9,0.8,-0.5));
#1878 = VECTOR('',#1879,1.);
#1879 = DIRECTION('',(-1.,0.,0.));
#1880 = ORIENTED_EDGE('',*,*,#1881,.T.);
#1881 = EDGE_CURVE('',#1874,#1882,#1884,.T.);
#1882 = VERTEX_POINT('',#1883);
#1883 = CARTESIAN_POINT('',(-5.5,0.8,-3.8));
#1884 = LINE('',#1885,#1886);
#1885 = CARTESIAN_POINT('',(-5.5,0.8,-0.5));
#1886 = VECTOR('',#1887,1.);
#1887 = DIRECTION('',(0.,0.,-1.));
#1888 = ORIENTED_EDGE('',*,*,#1889,.T.);
#1889 = EDGE_CURVE('',#1882,#1890,#1892,.T.);
#1890 = VERTEX_POINT('',#1891);
#1891 = CARTESIAN_POINT('',(-5.2,0.8,-3.8));
#1892 = LINE('',#1893,#1894);
#1893 = CARTESIAN_POINT('',(-5.5,0.8,-3.8));
#1894 = VECTOR('',#1895,1.);
#1895 = DIRECTION('',(1.,0.,0.));
#1896 = ORIENTED_EDGE('',*,*,#1897,.T.);
#1897 = EDGE_CURVE('',#1890,#1699,#1898,.T.);
#1898 = LINE('',#1899,#1900);
#1899 = CARTESIAN_POINT('',(-5.2,0.8,-3.8));
#1900 = VECTOR('',#1901,1.);
#1901 = DIRECTION('',(0.,0.,-1.));
#1902 = FACE_BOUND('',#1903,.T.);
#1903 = EDGE_LOOP('',(#1904,#1914,#1922,#1930));
#1904 = ORIENTED_EDGE('',*,*,#1905,.F.);
#1905 = EDGE_CURVE('',#1906,#1908,#1910,.T.);
#1906 = VERTEX_POINT('',#1907);
#1907 = CARTESIAN_POINT('',(-3.63,0.8,-3.25));
#1908 = VERTEX_POINT('',#1909);
#1909 = CARTESIAN_POINT('',(-3.63,0.8,-2.65));
#1910 = LINE('',#1911,#1912);
#1911 = CARTESIAN_POINT('',(-3.63,0.8,-3.25));
#1912 = VECTOR('',#1913,1.);
#1913 = DIRECTION('',(0.,0.,1.));
#1914 = ORIENTED_EDGE('',*,*,#1915,.T.);
#1915 = EDGE_CURVE('',#1906,#1916,#1918,.T.);
#1916 = VERTEX_POINT('',#1917);
#1917 = CARTESIAN_POINT('',(-4.77,0.8,-3.25));
#1918 = LINE('',#1919,#1920);
#1919 = CARTESIAN_POINT('',(-3.63,0.8,-3.25));
#1920 = VECTOR('',#1921,1.);
#1921 = DIRECTION('',(-1.,0.,0.));
#1922 = ORIENTED_EDGE('',*,*,#1923,.T.);
#1923 = EDGE_CURVE('',#1916,#1924,#1926,.T.);
#1924 = VERTEX_POINT('',#1925);
#1925 = CARTESIAN_POINT('',(-4.77,0.8,-2.65));
#1926 = LINE('',#1927,#1928);
#1927 = CARTESIAN_POINT('',(-4.77,0.8,-3.25));
#1928 = VECTOR('',#1929,1.);
#1929 = DIRECTION('',(0.,0.,1.));
#1930 = ORIENTED_EDGE('',*,*,#1931,.F.);
#1931 = EDGE_CURVE('',#1908,#1924,#1932,.T.);
#1932 = LINE('',#1933,#1934);
#1933 = CARTESIAN_POINT('',(-3.63,0.8,-2.65));
#1934 = VECTOR('',#1935,1.);
#1935 = DIRECTION('',(-1.,0.,0.));
#1936 = PLANE('',#1937);
#1937 = AXIS2_PLACEMENT_3D('',#1938,#1939,#1940);
#1938 = CARTESIAN_POINT('',(-6.9,0.8,4.8));
#1939 = DIRECTION('',(0.,-1.,0.));
#1940 = DIRECTION('',(0.,0.,-1.));
#1941 = ADVANCED_FACE('',(#1942,#1976),#2010,.T.);
#1942 = FACE_BOUND('',#1943,.T.);
#1943 = EDGE_LOOP('',(#1944,#1954,#1960,#1961,#1962,#1963,#1969,#1970));
#1944 = ORIENTED_EDGE('',*,*,#1945,.F.);
#1945 = EDGE_CURVE('',#1946,#1948,#1950,.T.);
#1946 = VERTEX_POINT('',#1947);
#1947 = CARTESIAN_POINT('',(-5.2,0.8,4.8));
#1948 = VERTEX_POINT('',#1949);
#1949 = CARTESIAN_POINT('',(-3.2,0.8,4.8));
#1950 = LINE('',#1951,#1952);
#1951 = CARTESIAN_POINT('',(-5.2,0.8,4.8));
#1952 = VECTOR('',#1953,1.);
#1953 = DIRECTION('',(1.,0.,0.));
#1954 = ORIENTED_EDGE('',*,*,#1955,.T.);
#1955 = EDGE_CURVE('',#1946,#1488,#1956,.T.);
#1956 = LINE('',#1957,#1958);
#1957 = CARTESIAN_POINT('',(-5.2,0.8,4.8));
#1958 = VECTOR('',#1959,1.);
#1959 = DIRECTION('',(0.,0.,-1.));
#1960 = ORIENTED_EDGE('',*,*,#1504,.T.);
#1961 = ORIENTED_EDGE('',*,*,#1297,.T.);
#1962 = ORIENTED_EDGE('',*,*,#1273,.T.);
#1963 = ORIENTED_EDGE('',*,*,#1964,.T.);
#1964 = EDGE_CURVE('',#1266,#1464,#1965,.T.);
#1965 = LINE('',#1966,#1967);
#1966 = CARTESIAN_POINT('',(-2.9,0.8,0.5));
#1967 = VECTOR('',#1968,1.);
#1968 = DIRECTION('',(0.,0.,1.));
#1969 = ORIENTED_EDGE('',*,*,#1463,.T.);
#1970 = ORIENTED_EDGE('',*,*,#1971,.T.);
#1971 = EDGE_CURVE('',#1456,#1948,#1972,.T.);
#1972 = LINE('',#1973,#1974);
#1973 = CARTESIAN_POINT('',(-3.2,0.8,3.8));
#1974 = VECTOR('',#1975,1.);
#1975 = DIRECTION('',(0.,0.,1.));
#1976 = FACE_BOUND('',#1977,.T.);
#1977 = EDGE_LOOP('',(#1978,#1988,#1996,#2004));
#1978 = ORIENTED_EDGE('',*,*,#1979,.F.);
#1979 = EDGE_CURVE('',#1980,#1982,#1984,.T.);
#1980 = VERTEX_POINT('',#1981);
#1981 = CARTESIAN_POINT('',(-3.63,0.8,2.25));
#1982 = VERTEX_POINT('',#1983);
#1983 = CARTESIAN_POINT('',(-3.63,0.8,2.85));
#1984 = LINE('',#1985,#1986);
#1985 = CARTESIAN_POINT('',(-3.63,0.8,2.25));
#1986 = VECTOR('',#1987,1.);
#1987 = DIRECTION('',(0.,0.,1.));
#1988 = ORIENTED_EDGE('',*,*,#1989,.T.);
#1989 = EDGE_CURVE('',#1980,#1990,#1992,.T.);
#1990 = VERTEX_POINT('',#1991);
#1991 = CARTESIAN_POINT('',(-4.77,0.8,2.25));
#1992 = LINE('',#1993,#1994);
#1993 = CARTESIAN_POINT('',(-3.63,0.8,2.25));
#1994 = VECTOR('',#1995,1.);
#1995 = DIRECTION('',(-1.,0.,0.));
#1996 = ORIENTED_EDGE('',*,*,#1997,.T.);
#1997 = EDGE_CURVE('',#1990,#1998,#2000,.T.);
#1998 = VERTEX_POINT('',#1999);
#1999 = CARTESIAN_POINT('',(-4.77,0.8,2.85));
#2000 = LINE('',#2001,#2002);
#2001 = CARTESIAN_POINT('',(-4.77,0.8,2.25));
#2002 = VECTOR('',#2003,1.);
#2003 = DIRECTION('',(0.,0.,1.));
#2004 = ORIENTED_EDGE('',*,*,#2005,.F.);
#2005 = EDGE_CURVE('',#1982,#1998,#2006,.T.);
#2006 = LINE('',#2007,#2008);
#2007 = CARTESIAN_POINT('',(-3.63,0.8,2.85));
#2008 = VECTOR('',#2009,1.);
#2009 = DIRECTION('',(-1.,0.,0.));
#2010 = PLANE('',#2011);
#2011 = AXIS2_PLACEMENT_3D('',#2012,#2013,#2014);
#2012 = CARTESIAN_POINT('',(-6.9,0.8,4.8));
#2013 = DIRECTION('',(0.,-1.,0.));
#2014 = DIRECTION('',(0.,0.,-1.));
#2015 = ADVANCED_FACE('',(#2016),#2034,.F.);
#2016 = FACE_BOUND('',#2017,.T.);
#2017 = EDGE_LOOP('',(#2018,#2026,#2027,#2028));
#2018 = ORIENTED_EDGE('',*,*,#2019,.F.);
#2019 = EDGE_CURVE('',#1709,#2020,#2022,.T.);
#2020 = VERTEX_POINT('',#2021);
#2021 = CARTESIAN_POINT('',(-5.2,0.,-3.8));
#2022 = LINE('',#2023,#2024);
#2023 = CARTESIAN_POINT('',(-5.2,0.,-4.8));
#2024 = VECTOR('',#2025,1.);
#2025 = DIRECTION('',(0.,0.,1.));
#2026 = ORIENTED_EDGE('',*,*,#1708,.T.);
#2027 = ORIENTED_EDGE('',*,*,#1897,.F.);
#2028 = ORIENTED_EDGE('',*,*,#2029,.T.);
#2029 = EDGE_CURVE('',#1890,#2020,#2030,.T.);
#2030 = LINE('',#2031,#2032);
#2031 = CARTESIAN_POINT('',(-5.2,0.8,-3.8));
#2032 = VECTOR('',#2033,1.);
#2033 = DIRECTION('',(0.,-1.,0.));
#2034 = PLANE('',#2035);
#2035 = AXIS2_PLACEMENT_3D('',#2036,#2037,#2038);
#2036 = CARTESIAN_POINT('',(-5.2,0.,-3.8));
#2037 = DIRECTION('',(-1.,0.,0.));
#2038 = DIRECTION('',(0.,0.,1.));
#2039 = ADVANCED_FACE('',(#2040),#2065,.T.);
#2040 = FACE_BOUND('',#2041,.T.);
#2041 = EDGE_LOOP('',(#2042,#2043,#2051,#2059));
#2042 = ORIENTED_EDGE('',*,*,#1211,.F.);
#2043 = ORIENTED_EDGE('',*,*,#2044,.F.);
#2044 = EDGE_CURVE('',#2045,#1204,#2047,.T.);
#2045 = VERTEX_POINT('',#2046);
#2046 = CARTESIAN_POINT('',(-5.9,0.,-0.5));
#2047 = LINE('',#2048,#2049);
#2048 = CARTESIAN_POINT('',(-5.9,0.,-0.5));
#2049 = VECTOR('',#2050,1.);
#2050 = DIRECTION('',(0.,0.,1.));
#2051 = ORIENTED_EDGE('',*,*,#2052,.F.);
#2052 = EDGE_CURVE('',#2053,#2045,#2055,.T.);
#2053 = VERTEX_POINT('',#2054);
#2054 = CARTESIAN_POINT('',(5.9,0.,-0.5));
#2055 = LINE('',#2056,#2057);
#2056 = CARTESIAN_POINT('',(5.9,0.,-0.5));
#2057 = VECTOR('',#2058,1.);
#2058 = DIRECTION('',(-1.,0.,0.));
#2059 = ORIENTED_EDGE('',*,*,#2060,.F.);
#2060 = EDGE_CURVE('',#1212,#2053,#2061,.T.);
#2061 = LINE('',#2062,#2063);
#2062 = CARTESIAN_POINT('',(5.9,0.,0.5));
#2063 = VECTOR('',#2064,1.);
#2064 = DIRECTION('',(0.,0.,-1.));
#2065 = PLANE('',#2066);
#2066 = AXIS2_PLACEMENT_3D('',#2067,#2068,#2069);
#2067 = CARTESIAN_POINT('',(-6.9,0.,4.8));
#2068 = DIRECTION('',(0.,-1.,0.));
#2069 = DIRECTION('',(0.,0.,-1.));
#2070 = ADVANCED_FACE('',(#2071),#2096,.T.);
#2071 = FACE_BOUND('',#2072,.T.);
#2072 = EDGE_LOOP('',(#2073,#2083,#2089,#2090));
#2073 = ORIENTED_EDGE('',*,*,#2074,.F.);
#2074 = EDGE_CURVE('',#2075,#2077,#2079,.T.);
#2075 = VERTEX_POINT('',#2076);
#2076 = CARTESIAN_POINT('',(5.2,0.,4.8));
#2077 = VERTEX_POINT('',#2078);
#2078 = CARTESIAN_POINT('',(6.9,0.,4.8));
#2079 = LINE('',#2080,#2081);
#2080 = CARTESIAN_POINT('',(5.2,0.,4.8));
#2081 = VECTOR('',#2082,1.);
#2082 = DIRECTION('',(1.,0.,0.));
#2083 = ORIENTED_EDGE('',*,*,#2084,.T.);
#2084 = EDGE_CURVE('',#2075,#1329,#2085,.T.);
#2085 = LINE('',#2086,#2087);
#2086 = CARTESIAN_POINT('',(5.2,0.,4.8));
#2087 = VECTOR('',#2088,1.);
#2088 = DIRECTION('',(0.,0.,-1.));
#2089 = ORIENTED_EDGE('',*,*,#1328,.T.);
#2090 = ORIENTED_EDGE('',*,*,#2091,.F.);
#2091 = EDGE_CURVE('',#2077,#1321,#2092,.T.);
#2092 = LINE('',#2093,#2094);
#2093 = CARTESIAN_POINT('',(6.9,0.,4.8));
#2094 = VECTOR('',#2095,1.);
#2095 = DIRECTION('',(0.,0.,-1.));
#2096 = PLANE('',#2097);
#2097 = AXIS2_PLACEMENT_3D('',#2098,#2099,#2100);
#2098 = CARTESIAN_POINT('',(-6.9,0.,4.8));
#2099 = DIRECTION('',(0.,-1.,0.));
#2100 = DIRECTION('',(0.,0.,-1.));
#2101 = ADVANCED_FACE('',(#2102),#2127,.T.);
#2102 = FACE_BOUND('',#2103,.T.);
#2103 = EDGE_LOOP('',(#2104,#2105,#2113,#2121));
#2104 = ORIENTED_EDGE('',*,*,#1771,.T.);
#2105 = ORIENTED_EDGE('',*,*,#2106,.F.);
#2106 = EDGE_CURVE('',#2107,#1764,#2109,.T.);
#2107 = VERTEX_POINT('',#2108);
#2108 = CARTESIAN_POINT('',(6.9,0.,-3.8));
#2109 = LINE('',#2110,#2111);
#2110 = CARTESIAN_POINT('',(6.9,0.,-3.8));
#2111 = VECTOR('',#2112,1.);
#2112 = DIRECTION('',(0.,0.,-1.));
#2113 = ORIENTED_EDGE('',*,*,#2114,.F.);
#2114 = EDGE_CURVE('',#2115,#2107,#2117,.T.);
#2115 = VERTEX_POINT('',#2116);
#2116 = CARTESIAN_POINT('',(5.2,0.,-3.8));
#2117 = LINE('',#2118,#2119);
#2118 = CARTESIAN_POINT('',(5.2,0.,-3.8));
#2119 = VECTOR('',#2120,1.);
#2120 = DIRECTION('',(1.,0.,0.));
#2121 = ORIENTED_EDGE('',*,*,#2122,.F.);
#2122 = EDGE_CURVE('',#1772,#2115,#2123,.T.);
#2123 = LINE('',#2124,#2125);
#2124 = CARTESIAN_POINT('',(5.2,0.,-4.8));
#2125 = VECTOR('',#2126,1.);
#2126 = DIRECTION('',(0.,0.,1.));
#2127 = PLANE('',#2128);
#2128 = AXIS2_PLACEMENT_3D('',#2129,#2130,#2131);
#2129 = CARTESIAN_POINT('',(-6.9,0.,4.8));
#2130 = DIRECTION('',(0.,-1.,0.));
#2131 = DIRECTION('',(0.,0.,-1.));
#2132 = ADVANCED_FACE('',(#2133),#2158,.T.);
#2133 = FACE_BOUND('',#2134,.T.);
#2134 = EDGE_LOOP('',(#2135,#2143,#2144,#2152));
#2135 = ORIENTED_EDGE('',*,*,#2136,.T.);
#2136 = EDGE_CURVE('',#2137,#1385,#2139,.T.);
#2137 = VERTEX_POINT('',#2138);
#2138 = CARTESIAN_POINT('',(1.,0.,4.8));
#2139 = LINE('',#2140,#2141);
#2140 = CARTESIAN_POINT('',(1.,0.,4.8));
#2141 = VECTOR('',#2142,1.);
#2142 = DIRECTION('',(0.,0.,-1.));
#2143 = ORIENTED_EDGE('',*,*,#1384,.T.);
#2144 = ORIENTED_EDGE('',*,*,#2145,.F.);
#2145 = EDGE_CURVE('',#2146,#1377,#2148,.T.);
#2146 = VERTEX_POINT('',#2147);
#2147 = CARTESIAN_POINT('',(3.2,0.,4.8));
#2148 = LINE('',#2149,#2150);
#2149 = CARTESIAN_POINT('',(3.2,0.,4.8));
#2150 = VECTOR('',#2151,1.);
#2151 = DIRECTION('',(0.,0.,-1.));
#2152 = ORIENTED_EDGE('',*,*,#2153,.F.);
#2153 = EDGE_CURVE('',#2137,#2146,#2154,.T.);
#2154 = LINE('',#2155,#2156);
#2155 = CARTESIAN_POINT('',(1.,0.,4.8));
#2156 = VECTOR('',#2157,1.);
#2157 = DIRECTION('',(1.,0.,0.));
#2158 = PLANE('',#2159);
#2159 = AXIS2_PLACEMENT_3D('',#2160,#2161,#2162);
#2160 = CARTESIAN_POINT('',(-6.9,0.,4.8));
#2161 = DIRECTION('',(0.,-1.,0.));
#2162 = DIRECTION('',(0.,0.,-1.));
#2163 = ADVANCED_FACE('',(#2164),#2189,.T.);
#2164 = FACE_BOUND('',#2165,.T.);
#2165 = EDGE_LOOP('',(#2166,#2174,#2175,#2183));
#2166 = ORIENTED_EDGE('',*,*,#2167,.F.);
#2167 = EDGE_CURVE('',#1795,#2168,#2170,.T.);
#2168 = VERTEX_POINT('',#2169);
#2169 = CARTESIAN_POINT('',(1.,0.,-3.8));
#2170 = LINE('',#2171,#2172);
#2171 = CARTESIAN_POINT('',(1.,0.,-4.8));
#2172 = VECTOR('',#2173,1.);
#2173 = DIRECTION('',(0.,0.,1.));
#2174 = ORIENTED_EDGE('',*,*,#1794,.T.);
#2175 = ORIENTED_EDGE('',*,*,#2176,.T.);
#2176 = EDGE_CURVE('',#1787,#2177,#2179,.T.);
#2177 = VERTEX_POINT('',#2178);
#2178 = CARTESIAN_POINT('',(3.2,0.,-3.8));
#2179 = LINE('',#2180,#2181);
#2180 = CARTESIAN_POINT('',(3.2,0.,-4.8));
#2181 = VECTOR('',#2182,1.);
#2182 = DIRECTION('',(0.,0.,1.));
#2183 = ORIENTED_EDGE('',*,*,#2184,.F.);
#2184 = EDGE_CURVE('',#2168,#2177,#2185,.T.);
#2185 = LINE('',#2186,#2187);
#2186 = CARTESIAN_POINT('',(1.,0.,-3.8));
#2187 = VECTOR('',#2188,1.);
#2188 = DIRECTION('',(1.,0.,0.));
#2189 = PLANE('',#2190);
#2190 = AXIS2_PLACEMENT_3D('',#2191,#2192,#2193);
#2191 = CARTESIAN_POINT('',(-6.9,0.,4.8));
#2192 = DIRECTION('',(0.,-1.,0.));
#2193 = DIRECTION('',(0.,0.,-1.));
#2194 = ADVANCED_FACE('',(#2195),#2220,.T.);
#2195 = FACE_BOUND('',#2196,.T.);
#2196 = EDGE_LOOP('',(#2197,#2205,#2206,#2214));
#2197 = ORIENTED_EDGE('',*,*,#2198,.T.);
#2198 = EDGE_CURVE('',#2199,#1448,#2201,.T.);
#2199 = VERTEX_POINT('',#2200);
#2200 = CARTESIAN_POINT('',(-3.2,0.,4.8));
#2201 = LINE('',#2202,#2203);
#2202 = CARTESIAN_POINT('',(-3.2,0.,4.8));
#2203 = VECTOR('',#2204,1.);
#2204 = DIRECTION('',(0.,0.,-1.));
#2205 = ORIENTED_EDGE('',*,*,#1447,.T.);
#2206 = ORIENTED_EDGE('',*,*,#2207,.F.);
#2207 = EDGE_CURVE('',#2208,#1440,#2210,.T.);
#2208 = VERTEX_POINT('',#2209);
#2209 = CARTESIAN_POINT('',(-1.,0.,4.8));
#2210 = LINE('',#2211,#2212);
#2211 = CARTESIAN_POINT('',(-1.,0.,4.8));
#2212 = VECTOR('',#2213,1.);
#2213 = DIRECTION('',(0.,0.,-1.));
#2214 = ORIENTED_EDGE('',*,*,#2215,.F.);
#2215 = EDGE_CURVE('',#2199,#2208,#2216,.T.);
#2216 = LINE('',#2217,#2218);
#2217 = CARTESIAN_POINT('',(-3.2,0.,4.8));
#2218 = VECTOR('',#2219,1.);
#2219 = DIRECTION('',(1.,0.,0.));
#2220 = PLANE('',#2221);
#2221 = AXIS2_PLACEMENT_3D('',#2222,#2223,#2224);
#2222 = CARTESIAN_POINT('',(-6.9,0.,4.8));
#2223 = DIRECTION('',(0.,-1.,0.));
#2224 = DIRECTION('',(0.,0.,-1.));
#2225 = ADVANCED_FACE('',(#2226),#2244,.T.);
#2226 = FACE_BOUND('',#2227,.T.);
#2227 = EDGE_LOOP('',(#2228,#2236,#2242,#2243));
#2228 = ORIENTED_EDGE('',*,*,#2229,.F.);
#2229 = EDGE_CURVE('',#2230,#1486,#2232,.T.);
#2230 = VERTEX_POINT('',#2231);
#2231 = CARTESIAN_POINT('',(-5.2,0.,4.8));
#2232 = LINE('',#2233,#2234);
#2233 = CARTESIAN_POINT('',(-5.2,0.,4.8));
#2234 = VECTOR('',#2235,1.);
#2235 = DIRECTION('',(0.,0.,-1.));
#2236 = ORIENTED_EDGE('',*,*,#2237,.F.);
#2237 = EDGE_CURVE('',#704,#2230,#2238,.T.);
#2238 = LINE('',#2239,#2240);
#2239 = CARTESIAN_POINT('',(-6.9,0.,4.8));
#2240 = VECTOR('',#2241,1.);
#2241 = DIRECTION('',(1.,0.,0.));
#2242 = ORIENTED_EDGE('',*,*,#703,.T.);
#2243 = ORIENTED_EDGE('',*,*,#1495,.T.);
#2244 = PLANE('',#2245);
#2245 = AXIS2_PLACEMENT_3D('',#2246,#2247,#2248);
#2246 = CARTESIAN_POINT('',(-6.9,0.,4.8));
#2247 = DIRECTION('',(0.,-1.,0.));
#2248 = DIRECTION('',(0.,0.,-1.));
#2249 = ADVANCED_FACE('',(#2250),#2261,.T.);
#2250 = FACE_BOUND('',#2251,.T.);
#2251 = EDGE_LOOP('',(#2252,#2253,#2259,#2260));
#2252 = ORIENTED_EDGE('',*,*,#2019,.T.);
#2253 = ORIENTED_EDGE('',*,*,#2254,.F.);
#2254 = EDGE_CURVE('',#760,#2020,#2255,.T.);
#2255 = LINE('',#2256,#2257);
#2256 = CARTESIAN_POINT('',(-6.9,0.,-3.8));
#2257 = VECTOR('',#2258,1.);
#2258 = DIRECTION('',(1.,0.,0.));
#2259 = ORIENTED_EDGE('',*,*,#759,.T.);
#2260 = ORIENTED_EDGE('',*,*,#1716,.T.);
#2261 = PLANE('',#2262);
#2262 = AXIS2_PLACEMENT_3D('',#2263,#2264,#2265);
#2263 = CARTESIAN_POINT('',(-6.9,0.,4.8));
#2264 = DIRECTION('',(0.,-1.,0.));
#2265 = DIRECTION('',(0.,0.,-1.));
#2266 = ADVANCED_FACE('',(#2267),#2292,.T.);
#2267 = FACE_BOUND('',#2268,.T.);
#2268 = EDGE_LOOP('',(#2269,#2277,#2278,#2286));
#2269 = ORIENTED_EDGE('',*,*,#2270,.F.);
#2270 = EDGE_CURVE('',#1827,#2271,#2273,.T.);
#2271 = VERTEX_POINT('',#2272);
#2272 = CARTESIAN_POINT('',(-3.2,0.,-3.8));
#2273 = LINE('',#2274,#2275);
#2274 = CARTESIAN_POINT('',(-3.2,0.,-4.8));
#2275 = VECTOR('',#2276,1.);
#2276 = DIRECTION('',(0.,0.,1.));
#2277 = ORIENTED_EDGE('',*,*,#1826,.T.);
#2278 = ORIENTED_EDGE('',*,*,#2279,.T.);
#2279 = EDGE_CURVE('',#1819,#2280,#2282,.T.);
#2280 = VERTEX_POINT('',#2281);
#2281 = CARTESIAN_POINT('',(-1.,0.,-3.8));
#2282 = LINE('',#2283,#2284);
#2283 = CARTESIAN_POINT('',(-1.,0.,-4.8));
#2284 = VECTOR('',#2285,1.);
#2285 = DIRECTION('',(0.,0.,1.));
#2286 = ORIENTED_EDGE('',*,*,#2287,.F.);
#2287 = EDGE_CURVE('',#2271,#2280,#2288,.T.);
#2288 = LINE('',#2289,#2290);
#2289 = CARTESIAN_POINT('',(-3.2,0.,-3.8));
#2290 = VECTOR('',#2291,1.);
#2291 = DIRECTION('',(1.,0.,0.));
#2292 = PLANE('',#2293);
#2293 = AXIS2_PLACEMENT_3D('',#2294,#2295,#2296);
#2294 = CARTESIAN_POINT('',(-6.9,0.,4.8));
#2295 = DIRECTION('',(0.,-1.,0.));
#2296 = DIRECTION('',(0.,0.,-1.));
#2297 = ADVANCED_FACE('',(#2298),#2309,.F.);
#2298 = FACE_BOUND('',#2299,.T.);
#2299 = EDGE_LOOP('',(#2300,#2301,#2307,#2308));
#2300 = ORIENTED_EDGE('',*,*,#2060,.T.);
#2301 = ORIENTED_EDGE('',*,*,#2302,.T.);
#2302 = EDGE_CURVE('',#2053,#870,#2303,.T.);
#2303 = LINE('',#2304,#2305);
#2304 = CARTESIAN_POINT('',(5.9,0.,-0.5));
#2305 = VECTOR('',#2306,1.);
#2306 = DIRECTION('',(0.,1.,0.));
#2307 = ORIENTED_EDGE('',*,*,#869,.F.);
#2308 = ORIENTED_EDGE('',*,*,#1219,.F.);
#2309 = PLANE('',#2310);
#2310 = AXIS2_PLACEMENT_3D('',#2311,#2312,#2313);
#2311 = CARTESIAN_POINT('',(5.9,0.,0.5));
#2312 = DIRECTION('',(-1.,0.,0.));
#2313 = DIRECTION('',(0.,0.,1.));
#2314 = ADVANCED_FACE('',(#2315),#2377,.F.);
#2315 = FACE_BOUND('',#2316,.T.);
#2316 = EDGE_LOOP('',(#2317,#2318,#2326,#2334,#2340,#2341,#2347,#2348,
    #2354,#2355,#2356,#2357,#2363,#2364,#2370,#2371));
#2317 = ORIENTED_EDGE('',*,*,#1157,.F.);
#2318 = ORIENTED_EDGE('',*,*,#2319,.T.);
#2319 = EDGE_CURVE('',#1150,#2320,#2322,.T.);
#2320 = VERTEX_POINT('',#2321);
#2321 = CARTESIAN_POINT('',(-1.3,0.8,-0.5));
#2322 = LINE('',#2323,#2324);
#2323 = CARTESIAN_POINT('',(-1.3,0.2,-0.5));
#2324 = VECTOR('',#2325,1.);
#2325 = DIRECTION('',(0.,1.,0.));
#2326 = ORIENTED_EDGE('',*,*,#2327,.F.);
#2327 = EDGE_CURVE('',#2328,#2320,#2330,.T.);
#2328 = VERTEX_POINT('',#2329);
#2329 = CARTESIAN_POINT('',(1.3,0.8,-0.5));
#2330 = LINE('',#2331,#2332);
#2331 = CARTESIAN_POINT('',(1.3,0.8,-0.5));
#2332 = VECTOR('',#2333,1.);
#2333 = DIRECTION('',(-1.,0.,0.));
#2334 = ORIENTED_EDGE('',*,*,#2335,.F.);
#2335 = EDGE_CURVE('',#982,#2328,#2336,.T.);
#2336 = LINE('',#2337,#2338);
#2337 = CARTESIAN_POINT('',(1.3,0.2,-0.5));
#2338 = VECTOR('',#2339,1.);
#2339 = DIRECTION('',(0.,1.,0.));
#2340 = ORIENTED_EDGE('',*,*,#1005,.F.);
#2341 = ORIENTED_EDGE('',*,*,#2342,.T.);
#2342 = EDGE_CURVE('',#998,#1553,#2343,.T.);
#2343 = LINE('',#2344,#2345);
#2344 = CARTESIAN_POINT('',(2.9,0.2,-0.5));
#2345 = VECTOR('',#2346,1.);
#2346 = DIRECTION('',(0.,1.,0.));
#2347 = ORIENTED_EDGE('',*,*,#1552,.F.);
#2348 = ORIENTED_EDGE('',*,*,#2349,.F.);
#2349 = EDGE_CURVE('',#878,#1545,#2350,.T.);
#2350 = LINE('',#2351,#2352);
#2351 = CARTESIAN_POINT('',(5.5,0.2,-0.5));
#2352 = VECTOR('',#2353,1.);
#2353 = DIRECTION('',(0.,1.,0.));
#2354 = ORIENTED_EDGE('',*,*,#877,.F.);
#2355 = ORIENTED_EDGE('',*,*,#2302,.F.);
#2356 = ORIENTED_EDGE('',*,*,#2052,.T.);
#2357 = ORIENTED_EDGE('',*,*,#2358,.T.);
#2358 = EDGE_CURVE('',#2045,#1102,#2359,.T.);
#2359 = LINE('',#2360,#2361);
#2360 = CARTESIAN_POINT('',(-5.9,0.,-0.5));
#2361 = VECTOR('',#2362,1.);
#2362 = DIRECTION('',(0.,1.,0.));
#2363 = ORIENTED_EDGE('',*,*,#1101,.F.);
#2364 = ORIENTED_EDGE('',*,*,#2365,.T.);
#2365 = EDGE_CURVE('',#1094,#1874,#2366,.T.);
#2366 = LINE('',#2367,#2368);
#2367 = CARTESIAN_POINT('',(-5.5,0.2,-0.5));
#2368 = VECTOR('',#2369,1.);
#2369 = DIRECTION('',(0.,1.,0.));
#2370 = ORIENTED_EDGE('',*,*,#1873,.F.);
#2371 = ORIENTED_EDGE('',*,*,#2372,.F.);
#2372 = EDGE_CURVE('',#1134,#1866,#2373,.T.);
#2373 = LINE('',#2374,#2375);
#2374 = CARTESIAN_POINT('',(-2.9,0.2,-0.5));
#2375 = VECTOR('',#2376,1.);
#2376 = DIRECTION('',(0.,1.,0.));
#2377 = PLANE('',#2378);
#2378 = AXIS2_PLACEMENT_3D('',#2379,#2380,#2381);
#2379 = CARTESIAN_POINT('',(5.5,0.,-0.5));
#2380 = DIRECTION('',(0.,0.,1.));
#2381 = DIRECTION('',(1.,0.,-0.));
#2382 = ADVANCED_FACE('',(#2383),#2394,.F.);
#2383 = FACE_BOUND('',#2384,.T.);
#2384 = EDGE_LOOP('',(#2385,#2386,#2387,#2388));
#2385 = ORIENTED_EDGE('',*,*,#1131,.T.);
#2386 = ORIENTED_EDGE('',*,*,#2372,.T.);
#2387 = ORIENTED_EDGE('',*,*,#1865,.F.);
#2388 = ORIENTED_EDGE('',*,*,#2389,.F.);
#2389 = EDGE_CURVE('',#1132,#1858,#2390,.T.);
#2390 = LINE('',#2391,#2392);
#2391 = CARTESIAN_POINT('',(-2.9,0.2,-3.8));
#2392 = VECTOR('',#2393,1.);
#2393 = DIRECTION('',(0.,1.,0.));
#2394 = PLANE('',#2395);
#2395 = AXIS2_PLACEMENT_3D('',#2396,#2397,#2398);
#2396 = CARTESIAN_POINT('',(-2.9,0.,-3.8));
#2397 = DIRECTION('',(1.,0.,0.));
#2398 = DIRECTION('',(-0.,1.,0.));
#2399 = ADVANCED_FACE('',(#2400),#2423,.F.);
#2400 = FACE_BOUND('',#2401,.T.);
#2401 = EDGE_LOOP('',(#2402,#2408,#2409,#2415,#2416,#2422));
#2402 = ORIENTED_EDGE('',*,*,#2403,.F.);
#2403 = EDGE_CURVE('',#2115,#1529,#2404,.T.);
#2404 = LINE('',#2405,#2406);
#2405 = CARTESIAN_POINT('',(5.2,0.,-3.8));
#2406 = VECTOR('',#2407,1.);
#2407 = DIRECTION('',(0.,1.,0.));
#2408 = ORIENTED_EDGE('',*,*,#2114,.T.);
#2409 = ORIENTED_EDGE('',*,*,#2410,.T.);
#2410 = EDGE_CURVE('',#2107,#894,#2411,.T.);
#2411 = LINE('',#2412,#2413);
#2412 = CARTESIAN_POINT('',(6.9,0.,-3.8));
#2413 = VECTOR('',#2414,1.);
#2414 = DIRECTION('',(0.,1.,0.));
#2415 = ORIENTED_EDGE('',*,*,#893,.F.);
#2416 = ORIENTED_EDGE('',*,*,#2417,.T.);
#2417 = EDGE_CURVE('',#886,#1537,#2418,.T.);
#2418 = LINE('',#2419,#2420);
#2419 = CARTESIAN_POINT('',(5.5,0.2,-3.8));
#2420 = VECTOR('',#2421,1.);
#2421 = DIRECTION('',(0.,1.,0.));
#2422 = ORIENTED_EDGE('',*,*,#1536,.F.);
#2423 = PLANE('',#2424);
#2424 = AXIS2_PLACEMENT_3D('',#2425,#2426,#2427);
#2425 = CARTESIAN_POINT('',(2.9,0.,-3.8));
#2426 = DIRECTION('',(0.,0.,-1.));
#2427 = DIRECTION('',(0.,-1.,0.));
#2428 = ADVANCED_FACE('',(#2429),#2468,.F.);
#2429 = FACE_BOUND('',#2430,.T.);
#2430 = EDGE_LOOP('',(#2431,#2439,#2440,#2446,#2447,#2453,#2454,#2462));
#2431 = ORIENTED_EDGE('',*,*,#2432,.F.);
#2432 = EDGE_CURVE('',#2168,#2433,#2435,.T.);
#2433 = VERTEX_POINT('',#2434);
#2434 = CARTESIAN_POINT('',(1.,0.8,-3.8));
#2435 = LINE('',#2436,#2437);
#2436 = CARTESIAN_POINT('',(1.,0.,-3.8));
#2437 = VECTOR('',#2438,1.);
#2438 = DIRECTION('',(0.,1.,0.));
#2439 = ORIENTED_EDGE('',*,*,#2184,.T.);
#2440 = ORIENTED_EDGE('',*,*,#2441,.F.);
#2441 = EDGE_CURVE('',#1569,#2177,#2442,.T.);
#2442 = LINE('',#2443,#2444);
#2443 = CARTESIAN_POINT('',(3.2,0.8,-3.8));
#2444 = VECTOR('',#2445,1.);
#2445 = DIRECTION('',(0.,-1.,0.));
#2446 = ORIENTED_EDGE('',*,*,#1568,.F.);
#2447 = ORIENTED_EDGE('',*,*,#2448,.F.);
#2448 = EDGE_CURVE('',#990,#1561,#2449,.T.);
#2449 = LINE('',#2450,#2451);
#2450 = CARTESIAN_POINT('',(2.9,0.2,-3.8));
#2451 = VECTOR('',#2452,1.);
#2452 = DIRECTION('',(0.,1.,0.));
#2453 = ORIENTED_EDGE('',*,*,#989,.F.);
#2454 = ORIENTED_EDGE('',*,*,#2455,.T.);
#2455 = EDGE_CURVE('',#980,#2456,#2458,.T.);
#2456 = VERTEX_POINT('',#2457);
#2457 = CARTESIAN_POINT('',(1.3,0.8,-3.8));
#2458 = LINE('',#2459,#2460);
#2459 = CARTESIAN_POINT('',(1.3,0.2,-3.8));
#2460 = VECTOR('',#2461,1.);
#2461 = DIRECTION('',(0.,1.,0.));
#2462 = ORIENTED_EDGE('',*,*,#2463,.F.);
#2463 = EDGE_CURVE('',#2433,#2456,#2464,.T.);
#2464 = LINE('',#2465,#2466);
#2465 = CARTESIAN_POINT('',(1.,0.8,-3.8));
#2466 = VECTOR('',#2467,1.);
#2467 = DIRECTION('',(1.,0.,0.));
#2468 = PLANE('',#2469);
#2469 = AXIS2_PLACEMENT_3D('',#2470,#2471,#2472);
#2470 = CARTESIAN_POINT('',(2.9,0.,-3.8));
#2471 = DIRECTION('',(0.,0.,-1.));
#2472 = DIRECTION('',(0.,-1.,0.));
#2473 = ADVANCED_FACE('',(#2474),#2487,.F.);
#2474 = FACE_BOUND('',#2475,.T.);
#2475 = EDGE_LOOP('',(#2476,#2477,#2478,#2479,#2480,#2481));
#2476 = ORIENTED_EDGE('',*,*,#1085,.F.);
#2477 = ORIENTED_EDGE('',*,*,#767,.F.);
#2478 = ORIENTED_EDGE('',*,*,#2254,.T.);
#2479 = ORIENTED_EDGE('',*,*,#2029,.F.);
#2480 = ORIENTED_EDGE('',*,*,#1889,.F.);
#2481 = ORIENTED_EDGE('',*,*,#2482,.F.);
#2482 = EDGE_CURVE('',#1086,#1882,#2483,.T.);
#2483 = LINE('',#2484,#2485);
#2484 = CARTESIAN_POINT('',(-5.5,0.2,-3.8));
#2485 = VECTOR('',#2486,1.);
#2486 = DIRECTION('',(0.,1.,0.));
#2487 = PLANE('',#2488);
#2488 = AXIS2_PLACEMENT_3D('',#2489,#2490,#2491);
#2489 = CARTESIAN_POINT('',(2.9,0.,-3.8));
#2490 = DIRECTION('',(0.,0.,-1.));
#2491 = DIRECTION('',(0.,-1.,0.));
#2492 = ADVANCED_FACE('',(#2493),#2527,.F.);
#2493 = FACE_BOUND('',#2494,.T.);
#2494 = EDGE_LOOP('',(#2495,#2501,#2502,#2510,#2518,#2524,#2525,#2526));
#2495 = ORIENTED_EDGE('',*,*,#2496,.F.);
#2496 = EDGE_CURVE('',#2271,#1850,#2497,.T.);
#2497 = LINE('',#2498,#2499);
#2498 = CARTESIAN_POINT('',(-3.2,0.,-3.8));
#2499 = VECTOR('',#2500,1.);
#2500 = DIRECTION('',(0.,1.,0.));
#2501 = ORIENTED_EDGE('',*,*,#2287,.T.);
#2502 = ORIENTED_EDGE('',*,*,#2503,.F.);
#2503 = EDGE_CURVE('',#2504,#2280,#2506,.T.);
#2504 = VERTEX_POINT('',#2505);
#2505 = CARTESIAN_POINT('',(-1.,0.8,-3.8));
#2506 = LINE('',#2507,#2508);
#2507 = CARTESIAN_POINT('',(-1.,0.8,-3.8));
#2508 = VECTOR('',#2509,1.);
#2509 = DIRECTION('',(0.,-1.,0.));
#2510 = ORIENTED_EDGE('',*,*,#2511,.F.);
#2511 = EDGE_CURVE('',#2512,#2504,#2514,.T.);
#2512 = VERTEX_POINT('',#2513);
#2513 = CARTESIAN_POINT('',(-1.3,0.8,-3.8));
#2514 = LINE('',#2515,#2516);
#2515 = CARTESIAN_POINT('',(-1.3,0.8,-3.8));
#2516 = VECTOR('',#2517,1.);
#2517 = DIRECTION('',(1.,0.,0.));
#2518 = ORIENTED_EDGE('',*,*,#2519,.F.);
#2519 = EDGE_CURVE('',#1142,#2512,#2520,.T.);
#2520 = LINE('',#2521,#2522);
#2521 = CARTESIAN_POINT('',(-1.3,0.2,-3.8));
#2522 = VECTOR('',#2523,1.);
#2523 = DIRECTION('',(0.,1.,0.));
#2524 = ORIENTED_EDGE('',*,*,#1141,.F.);
#2525 = ORIENTED_EDGE('',*,*,#2389,.T.);
#2526 = ORIENTED_EDGE('',*,*,#1857,.F.);
#2527 = PLANE('',#2528);
#2528 = AXIS2_PLACEMENT_3D('',#2529,#2530,#2531);
#2529 = CARTESIAN_POINT('',(2.9,0.,-3.8));
#2530 = DIRECTION('',(0.,0.,-1.));
#2531 = DIRECTION('',(0.,-1.,0.));
#2532 = ADVANCED_FACE('',(#2533),#2539,.F.);
#2533 = FACE_BOUND('',#2534,.T.);
#2534 = EDGE_LOOP('',(#2535,#2536,#2537,#2538));
#2535 = ORIENTED_EDGE('',*,*,#2122,.T.);
#2536 = ORIENTED_EDGE('',*,*,#2403,.T.);
#2537 = ORIENTED_EDGE('',*,*,#1528,.F.);
#2538 = ORIENTED_EDGE('',*,*,#1779,.F.);
#2539 = PLANE('',#2540);
#2540 = AXIS2_PLACEMENT_3D('',#2541,#2542,#2543);
#2541 = CARTESIAN_POINT('',(5.2,0.,-4.8));
#2542 = DIRECTION('',(1.,0.,0.));
#2543 = DIRECTION('',(-0.,1.,0.));
#2544 = ADVANCED_FACE('',(#2545),#2551,.F.);
#2545 = FACE_BOUND('',#2546,.T.);
#2546 = EDGE_LOOP('',(#2547,#2548,#2549,#2550));
#2547 = ORIENTED_EDGE('',*,*,#885,.T.);
#2548 = ORIENTED_EDGE('',*,*,#2349,.T.);
#2549 = ORIENTED_EDGE('',*,*,#1544,.F.);
#2550 = ORIENTED_EDGE('',*,*,#2417,.F.);
#2551 = PLANE('',#2552);
#2552 = AXIS2_PLACEMENT_3D('',#2553,#2554,#2555);
#2553 = CARTESIAN_POINT('',(5.5,0.,-3.8));
#2554 = DIRECTION('',(1.,0.,0.));
#2555 = DIRECTION('',(-0.,1.,0.));
#2556 = ADVANCED_FACE('',(#2557),#2577,.T.);
#2557 = FACE_BOUND('',#2558,.T.);
#2558 = EDGE_LOOP('',(#2559,#2567,#2568,#2569,#2570,#2571));
#2559 = ORIENTED_EDGE('',*,*,#2560,.T.);
#2560 = EDGE_CURVE('',#2561,#902,#2563,.T.);
#2561 = VERTEX_POINT('',#2562);
#2562 = CARTESIAN_POINT('',(6.9,12.8,2.2));
#2563 = LINE('',#2564,#2565);
#2564 = CARTESIAN_POINT('',(6.9,12.8,2.2));
#2565 = VECTOR('',#2566,1.);
#2566 = DIRECTION('',(0.,-1.,0.));
#2567 = ORIENTED_EDGE('',*,*,#901,.F.);
#2568 = ORIENTED_EDGE('',*,*,#2410,.F.);
#2569 = ORIENTED_EDGE('',*,*,#2106,.T.);
#2570 = ORIENTED_EDGE('',*,*,#1763,.T.);
#2571 = ORIENTED_EDGE('',*,*,#2572,.T.);
#2572 = EDGE_CURVE('',#1756,#2561,#2573,.T.);
#2573 = LINE('',#2574,#2575);
#2574 = CARTESIAN_POINT('',(6.9,12.8,-4.8));
#2575 = VECTOR('',#2576,1.);
#2576 = DIRECTION('',(0.,0.,1.));
#2577 = PLANE('',#2578);
#2578 = AXIS2_PLACEMENT_3D('',#2579,#2580,#2581);
#2579 = CARTESIAN_POINT('',(6.9,0.,0.));
#2580 = DIRECTION('',(1.,0.,0.));
#2581 = DIRECTION('',(-0.,1.,0.));
#2582 = ADVANCED_FACE('',(#2583),#2603,.T.);
#2583 = FACE_BOUND('',#2584,.T.);
#2584 = EDGE_LOOP('',(#2585,#2586,#2594,#2600,#2601,#2602));
#2585 = ORIENTED_EDGE('',*,*,#654,.F.);
#2586 = ORIENTED_EDGE('',*,*,#2587,.T.);
#2587 = EDGE_CURVE('',#646,#2588,#2590,.T.);
#2588 = VERTEX_POINT('',#2589);
#2589 = CARTESIAN_POINT('',(6.9,12.8,4.8));
#2590 = LINE('',#2591,#2592);
#2591 = CARTESIAN_POINT('',(6.9,12.8,3.));
#2592 = VECTOR('',#2593,1.);
#2593 = DIRECTION('',(0.,0.,1.));
#2594 = ORIENTED_EDGE('',*,*,#2595,.T.);
#2595 = EDGE_CURVE('',#2588,#2077,#2596,.T.);
#2596 = LINE('',#2597,#2598);
#2597 = CARTESIAN_POINT('',(6.9,12.8,4.8));
#2598 = VECTOR('',#2599,1.);
#2599 = DIRECTION('',(0.,-1.,0.));
#2600 = ORIENTED_EDGE('',*,*,#2091,.T.);
#2601 = ORIENTED_EDGE('',*,*,#1320,.T.);
#2602 = ORIENTED_EDGE('',*,*,#917,.F.);
#2603 = PLANE('',#2604);
#2604 = AXIS2_PLACEMENT_3D('',#2605,#2606,#2607);
#2605 = CARTESIAN_POINT('',(6.9,0.,0.));
#2606 = DIRECTION('',(1.,0.,0.));
#2607 = DIRECTION('',(-0.,1.,0.));
#2608 = ADVANCED_FACE('',(#2609),#2621,.T.);
#2609 = FACE_BOUND('',#2610,.T.);
#2610 = EDGE_LOOP('',(#2611,#2612,#2613,#2614));
#2611 = ORIENTED_EDGE('',*,*,#635,.T.);
#2612 = ORIENTED_EDGE('',*,*,#909,.F.);
#2613 = ORIENTED_EDGE('',*,*,#2560,.F.);
#2614 = ORIENTED_EDGE('',*,*,#2615,.T.);
#2615 = EDGE_CURVE('',#2561,#636,#2616,.T.);
#2616 = CIRCLE('',#2617,0.4);
#2617 = AXIS2_PLACEMENT_3D('',#2618,#2619,#2620);
#2618 = CARTESIAN_POINT('',(6.9,12.8,2.6));
#2619 = DIRECTION('',(0.,-1.,0.));
#2620 = DIRECTION('',(0.,0.,-1.));
#2621 = CYLINDRICAL_SURFACE('',#2622,0.4);
#2622 = AXIS2_PLACEMENT_3D('',#2623,#2624,#2625);
#2623 = CARTESIAN_POINT('',(6.9,12.8,2.6));
#2624 = DIRECTION('',(0.,1.,-0.));
#2625 = DIRECTION('',(1.,0.,0.));
#2626 = ADVANCED_FACE('',(#2627,#2657,#2691,#2741,#2775,#2825,#2875),
  #2909,.T.);
#2627 = FACE_BOUND('',#2628,.T.);
#2628 = EDGE_LOOP('',(#2629,#2635,#2636,#2637,#2643,#2644,#2645,#2646,
    #2652,#2653,#2654,#2655,#2656));
#2629 = ORIENTED_EDGE('',*,*,#2630,.F.);
#2630 = EDGE_CURVE('',#1724,#1748,#2631,.T.);
#2631 = LINE('',#2632,#2633);
#2632 = CARTESIAN_POINT('',(-1.7,12.8,-4.8));
#2633 = VECTOR('',#2634,1.);
#2634 = DIRECTION('',(1.,0.,0.));
#2635 = ORIENTED_EDGE('',*,*,#1723,.F.);
#2636 = ORIENTED_EDGE('',*,*,#743,.T.);
#2637 = ORIENTED_EDGE('',*,*,#2638,.F.);
#2638 = EDGE_CURVE('',#822,#736,#2639,.T.);
#2639 = LINE('',#2640,#2641);
#2640 = CARTESIAN_POINT('',(-7.3,12.8,-2.99));
#2641 = VECTOR('',#2642,1.);
#2642 = DIRECTION('',(0.707106781187,0.,-0.707106781187));
#2643 = ORIENTED_EDGE('',*,*,#821,.F.);
#2644 = ORIENTED_EDGE('',*,*,#806,.F.);
#2645 = ORIENTED_EDGE('',*,*,#719,.T.);
#2646 = ORIENTED_EDGE('',*,*,#2647,.T.);
#2647 = EDGE_CURVE('',#712,#2588,#2648,.T.);
#2648 = LINE('',#2649,#2650);
#2649 = CARTESIAN_POINT('',(-6.9,12.8,4.8));
#2650 = VECTOR('',#2651,1.);
#2651 = DIRECTION('',(1.,0.,0.));
#2652 = ORIENTED_EDGE('',*,*,#2587,.F.);
#2653 = ORIENTED_EDGE('',*,*,#645,.F.);
#2654 = ORIENTED_EDGE('',*,*,#2615,.F.);
#2655 = ORIENTED_EDGE('',*,*,#2572,.F.);
#2656 = ORIENTED_EDGE('',*,*,#1755,.F.);
#2657 = FACE_BOUND('',#2658,.T.);
#2658 = EDGE_LOOP('',(#2659,#2669,#2677,#2685));
#2659 = ORIENTED_EDGE('',*,*,#2660,.F.);
#2660 = EDGE_CURVE('',#2661,#2663,#2665,.T.);
#2661 = VERTEX_POINT('',#2662);
#2662 = CARTESIAN_POINT('',(6.,12.8,3.9));
#2663 = VERTEX_POINT('',#2664);
#2664 = CARTESIAN_POINT('',(6.,12.8,0.3));
#2665 = LINE('',#2666,#2667);
#2666 = CARTESIAN_POINT('',(6.,12.8,3.9));
#2667 = VECTOR('',#2668,1.);
#2668 = DIRECTION('',(0.,0.,-1.));
#2669 = ORIENTED_EDGE('',*,*,#2670,.F.);
#2670 = EDGE_CURVE('',#2671,#2661,#2673,.T.);
#2671 = VERTEX_POINT('',#2672);
#2672 = CARTESIAN_POINT('',(2.4,12.8,3.9));
#2673 = LINE('',#2674,#2675);
#2674 = CARTESIAN_POINT('',(2.4,12.8,3.9));
#2675 = VECTOR('',#2676,1.);
#2676 = DIRECTION('',(1.,0.,0.));
#2677 = ORIENTED_EDGE('',*,*,#2678,.F.);
#2678 = EDGE_CURVE('',#2679,#2671,#2681,.T.);
#2679 = VERTEX_POINT('',#2680);
#2680 = CARTESIAN_POINT('',(2.4,12.8,0.3));
#2681 = LINE('',#2682,#2683);
#2682 = CARTESIAN_POINT('',(2.4,12.8,0.3));
#2683 = VECTOR('',#2684,1.);
#2684 = DIRECTION('',(0.,0.,1.));
#2685 = ORIENTED_EDGE('',*,*,#2686,.F.);
#2686 = EDGE_CURVE('',#2663,#2679,#2687,.T.);
#2687 = LINE('',#2688,#2689);
#2688 = CARTESIAN_POINT('',(6.,12.8,0.3));
#2689 = VECTOR('',#2690,1.);
#2690 = DIRECTION('',(-1.,0.,0.));
#2691 = FACE_BOUND('',#2692,.T.);
#2692 = EDGE_LOOP('',(#2693,#2703,#2711,#2719,#2727,#2735));
#2693 = ORIENTED_EDGE('',*,*,#2694,.F.);
#2694 = EDGE_CURVE('',#2695,#2697,#2699,.T.);
#2695 = VERTEX_POINT('',#2696);
#2696 = CARTESIAN_POINT('',(6.,12.8,-1.2));
#2697 = VERTEX_POINT('',#2698);
#2698 = CARTESIAN_POINT('',(6.,12.8,-3.9));
#2699 = LINE('',#2700,#2701);
#2700 = CARTESIAN_POINT('',(6.,12.8,-1.2));
#2701 = VECTOR('',#2702,1.);
#2702 = DIRECTION('',(0.,0.,-1.));
#2703 = ORIENTED_EDGE('',*,*,#2704,.F.);
#2704 = EDGE_CURVE('',#2705,#2695,#2707,.T.);
#2705 = VERTEX_POINT('',#2706);
#2706 = CARTESIAN_POINT('',(5.1,12.8,-0.3));
#2707 = LINE('',#2708,#2709);
#2708 = CARTESIAN_POINT('',(5.1,12.8,-0.3));
#2709 = VECTOR('',#2710,1.);
#2710 = DIRECTION('',(0.707106781187,0.,-0.707106781187));
#2711 = ORIENTED_EDGE('',*,*,#2712,.F.);
#2712 = EDGE_CURVE('',#2713,#2705,#2715,.T.);
#2713 = VERTEX_POINT('',#2714);
#2714 = CARTESIAN_POINT('',(3.3,12.8,-0.3));
#2715 = LINE('',#2716,#2717);
#2716 = CARTESIAN_POINT('',(3.3,12.8,-0.3));
#2717 = VECTOR('',#2718,1.);
#2718 = DIRECTION('',(1.,0.,0.));
#2719 = ORIENTED_EDGE('',*,*,#2720,.F.);
#2720 = EDGE_CURVE('',#2721,#2713,#2723,.T.);
#2721 = VERTEX_POINT('',#2722);
#2722 = CARTESIAN_POINT('',(2.4,12.8,-1.2));
#2723 = LINE('',#2724,#2725);
#2724 = CARTESIAN_POINT('',(2.4,12.8,-1.2));
#2725 = VECTOR('',#2726,1.);
#2726 = DIRECTION('',(0.707106781187,0.,0.707106781187));
#2727 = ORIENTED_EDGE('',*,*,#2728,.F.);
#2728 = EDGE_CURVE('',#2729,#2721,#2731,.T.);
#2729 = VERTEX_POINT('',#2730);
#2730 = CARTESIAN_POINT('',(2.4,12.8,-3.9));
#2731 = LINE('',#2732,#2733);
#2732 = CARTESIAN_POINT('',(2.4,12.8,-3.9));
#2733 = VECTOR('',#2734,1.);
#2734 = DIRECTION('',(0.,0.,1.));
#2735 = ORIENTED_EDGE('',*,*,#2736,.F.);
#2736 = EDGE_CURVE('',#2697,#2729,#2737,.T.);
#2737 = LINE('',#2738,#2739);
#2738 = CARTESIAN_POINT('',(6.,12.8,-3.9));
#2739 = VECTOR('',#2740,1.);
#2740 = DIRECTION('',(-1.,0.,0.));
#2741 = FACE_BOUND('',#2742,.T.);
#2742 = EDGE_LOOP('',(#2743,#2753,#2761,#2769));
#2743 = ORIENTED_EDGE('',*,*,#2744,.F.);
#2744 = EDGE_CURVE('',#2745,#2747,#2749,.T.);
#2745 = VERTEX_POINT('',#2746);
#2746 = CARTESIAN_POINT('',(-6.,12.8,-3.9));
#2747 = VERTEX_POINT('',#2748);
#2748 = CARTESIAN_POINT('',(-6.,12.8,-0.3));
#2749 = LINE('',#2750,#2751);
#2750 = CARTESIAN_POINT('',(-6.,12.8,-3.9));
#2751 = VECTOR('',#2752,1.);
#2752 = DIRECTION('',(0.,0.,1.));
#2753 = ORIENTED_EDGE('',*,*,#2754,.F.);
#2754 = EDGE_CURVE('',#2755,#2745,#2757,.T.);
#2755 = VERTEX_POINT('',#2756);
#2756 = CARTESIAN_POINT('',(-2.4,12.8,-3.9));
#2757 = LINE('',#2758,#2759);
#2758 = CARTESIAN_POINT('',(-2.4,12.8,-3.9));
#2759 = VECTOR('',#2760,1.);
#2760 = DIRECTION('',(-1.,0.,0.));
#2761 = ORIENTED_EDGE('',*,*,#2762,.F.);
#2762 = EDGE_CURVE('',#2763,#2755,#2765,.T.);
#2763 = VERTEX_POINT('',#2764);
#2764 = CARTESIAN_POINT('',(-2.4,12.8,-0.3));
#2765 = LINE('',#2766,#2767);
#2766 = CARTESIAN_POINT('',(-2.4,12.8,-0.3));
#2767 = VECTOR('',#2768,1.);
#2768 = DIRECTION('',(0.,0.,-1.));
#2769 = ORIENTED_EDGE('',*,*,#2770,.F.);
#2770 = EDGE_CURVE('',#2747,#2763,#2771,.T.);
#2771 = LINE('',#2772,#2773);
#2772 = CARTESIAN_POINT('',(-6.,12.8,-0.3));
#2773 = VECTOR('',#2774,1.);
#2774 = DIRECTION('',(1.,0.,0.));
#2775 = FACE_BOUND('',#2776,.T.);
#2776 = EDGE_LOOP('',(#2777,#2787,#2795,#2803,#2811,#2819));
#2777 = ORIENTED_EDGE('',*,*,#2778,.F.);
#2778 = EDGE_CURVE('',#2779,#2781,#2783,.T.);
#2779 = VERTEX_POINT('',#2780);
#2780 = CARTESIAN_POINT('',(-6.,12.8,0.3));
#2781 = VERTEX_POINT('',#2782);
#2782 = CARTESIAN_POINT('',(-6.,12.8,3.));
#2783 = LINE('',#2784,#2785);
#2784 = CARTESIAN_POINT('',(-6.,12.8,0.3));
#2785 = VECTOR('',#2786,1.);
#2786 = DIRECTION('',(0.,0.,1.));
#2787 = ORIENTED_EDGE('',*,*,#2788,.F.);
#2788 = EDGE_CURVE('',#2789,#2779,#2791,.T.);
#2789 = VERTEX_POINT('',#2790);
#2790 = CARTESIAN_POINT('',(-2.4,12.8,0.3));
#2791 = LINE('',#2792,#2793);
#2792 = CARTESIAN_POINT('',(-2.4,12.8,0.3));
#2793 = VECTOR('',#2794,1.);
#2794 = DIRECTION('',(-1.,0.,0.));
#2795 = ORIENTED_EDGE('',*,*,#2796,.F.);
#2796 = EDGE_CURVE('',#2797,#2789,#2799,.T.);
#2797 = VERTEX_POINT('',#2798);
#2798 = CARTESIAN_POINT('',(-2.4,12.8,3.));
#2799 = LINE('',#2800,#2801);
#2800 = CARTESIAN_POINT('',(-2.4,12.8,3.));
#2801 = VECTOR('',#2802,1.);
#2802 = DIRECTION('',(0.,0.,-1.));
#2803 = ORIENTED_EDGE('',*,*,#2804,.F.);
#2804 = EDGE_CURVE('',#2805,#2797,#2807,.T.);
#2805 = VERTEX_POINT('',#2806);
#2806 = CARTESIAN_POINT('',(-3.3,12.8,3.9));
#2807 = LINE('',#2808,#2809);
#2808 = CARTESIAN_POINT('',(-3.3,12.8,3.9));
#2809 = VECTOR('',#2810,1.);
#2810 = DIRECTION('',(0.707106781187,0.,-0.707106781187));
#2811 = ORIENTED_EDGE('',*,*,#2812,.F.);
#2812 = EDGE_CURVE('',#2813,#2805,#2815,.T.);
#2813 = VERTEX_POINT('',#2814);
#2814 = CARTESIAN_POINT('',(-5.1,12.8,3.9));
#2815 = LINE('',#2816,#2817);
#2816 = CARTESIAN_POINT('',(-5.1,12.8,3.9));
#2817 = VECTOR('',#2818,1.);
#2818 = DIRECTION('',(1.,0.,0.));
#2819 = ORIENTED_EDGE('',*,*,#2820,.F.);
#2820 = EDGE_CURVE('',#2781,#2813,#2821,.T.);
#2821 = LINE('',#2822,#2823);
#2822 = CARTESIAN_POINT('',(-6.,12.8,3.));
#2823 = VECTOR('',#2824,1.);
#2824 = DIRECTION('',(0.707106781187,0.,0.707106781187));
#2825 = FACE_BOUND('',#2826,.T.);
#2826 = EDGE_LOOP('',(#2827,#2837,#2845,#2853,#2861,#2869));
#2827 = ORIENTED_EDGE('',*,*,#2828,.F.);
#2828 = EDGE_CURVE('',#2829,#2831,#2833,.T.);
#2829 = VERTEX_POINT('',#2830);
#2830 = CARTESIAN_POINT('',(1.8,12.8,3.));
#2831 = VERTEX_POINT('',#2832);
#2832 = CARTESIAN_POINT('',(1.8,12.8,0.3));
#2833 = LINE('',#2834,#2835);
#2834 = CARTESIAN_POINT('',(1.8,12.8,3.));
#2835 = VECTOR('',#2836,1.);
#2836 = DIRECTION('',(0.,0.,-1.));
#2837 = ORIENTED_EDGE('',*,*,#2838,.F.);
#2838 = EDGE_CURVE('',#2839,#2829,#2841,.T.);
#2839 = VERTEX_POINT('',#2840);
#2840 = CARTESIAN_POINT('',(0.9,12.8,3.9));
#2841 = LINE('',#2842,#2843);
#2842 = CARTESIAN_POINT('',(0.9,12.8,3.9));
#2843 = VECTOR('',#2844,1.);
#2844 = DIRECTION('',(0.707106781187,0.,-0.707106781187));
#2845 = ORIENTED_EDGE('',*,*,#2846,.F.);
#2846 = EDGE_CURVE('',#2847,#2839,#2849,.T.);
#2847 = VERTEX_POINT('',#2848);
#2848 = CARTESIAN_POINT('',(-0.9,12.8,3.9));
#2849 = LINE('',#2850,#2851);
#2850 = CARTESIAN_POINT('',(-0.9,12.8,3.9));
#2851 = VECTOR('',#2852,1.);
#2852 = DIRECTION('',(1.,0.,0.));
#2853 = ORIENTED_EDGE('',*,*,#2854,.F.);
#2854 = EDGE_CURVE('',#2855,#2847,#2857,.T.);
#2855 = VERTEX_POINT('',#2856);
#2856 = CARTESIAN_POINT('',(-1.8,12.8,3.));
#2857 = LINE('',#2858,#2859);
#2858 = CARTESIAN_POINT('',(-1.8,12.8,3.));
#2859 = VECTOR('',#2860,1.);
#2860 = DIRECTION('',(0.707106781187,0.,0.707106781186));
#2861 = ORIENTED_EDGE('',*,*,#2862,.F.);
#2862 = EDGE_CURVE('',#2863,#2855,#2865,.T.);
#2863 = VERTEX_POINT('',#2864);
#2864 = CARTESIAN_POINT('',(-1.8,12.8,0.3));
#2865 = LINE('',#2866,#2867);
#2866 = CARTESIAN_POINT('',(-1.8,12.8,0.3));
#2867 = VECTOR('',#2868,1.);
#2868 = DIRECTION('',(0.,0.,1.));
#2869 = ORIENTED_EDGE('',*,*,#2870,.F.);
#2870 = EDGE_CURVE('',#2831,#2863,#2871,.T.);
#2871 = LINE('',#2872,#2873);
#2872 = CARTESIAN_POINT('',(1.8,12.8,0.3));
#2873 = VECTOR('',#2874,1.);
#2874 = DIRECTION('',(-1.,0.,0.));
#2875 = FACE_BOUND('',#2876,.T.);
#2876 = EDGE_LOOP('',(#2877,#2887,#2895,#2903));
#2877 = ORIENTED_EDGE('',*,*,#2878,.F.);
#2878 = EDGE_CURVE('',#2879,#2881,#2883,.T.);
#2879 = VERTEX_POINT('',#2880);
#2880 = CARTESIAN_POINT('',(1.8,12.8,-0.3));
#2881 = VERTEX_POINT('',#2882);
#2882 = CARTESIAN_POINT('',(1.8,12.8,-3.9));
#2883 = LINE('',#2884,#2885);
#2884 = CARTESIAN_POINT('',(1.8,12.8,-0.3));
#2885 = VECTOR('',#2886,1.);
#2886 = DIRECTION('',(0.,0.,-1.));
#2887 = ORIENTED_EDGE('',*,*,#2888,.F.);
#2888 = EDGE_CURVE('',#2889,#2879,#2891,.T.);
#2889 = VERTEX_POINT('',#2890);
#2890 = CARTESIAN_POINT('',(-1.8,12.8,-0.3));
#2891 = LINE('',#2892,#2893);
#2892 = CARTESIAN_POINT('',(-1.8,12.8,-0.3));
#2893 = VECTOR('',#2894,1.);
#2894 = DIRECTION('',(1.,0.,0.));
#2895 = ORIENTED_EDGE('',*,*,#2896,.F.);
#2896 = EDGE_CURVE('',#2897,#2889,#2899,.T.);
#2897 = VERTEX_POINT('',#2898);
#2898 = CARTESIAN_POINT('',(-1.8,12.8,-3.9));
#2899 = LINE('',#2900,#2901);
#2900 = CARTESIAN_POINT('',(-1.8,12.8,-3.9));
#2901 = VECTOR('',#2902,1.);
#2902 = DIRECTION('',(0.,0.,1.));
#2903 = ORIENTED_EDGE('',*,*,#2904,.F.);
#2904 = EDGE_CURVE('',#2881,#2897,#2905,.T.);
#2905 = LINE('',#2906,#2907);
#2906 = CARTESIAN_POINT('',(1.8,12.8,-3.9));
#2907 = VECTOR('',#2908,1.);
#2908 = DIRECTION('',(-1.,0.,0.));
#2909 = PLANE('',#2910);
#2910 = AXIS2_PLACEMENT_3D('',#2911,#2912,#2913);
#2911 = CARTESIAN_POINT('',(-6.9,12.8,-4.8));
#2912 = DIRECTION('',(-0.,1.,0.));
#2913 = DIRECTION('',(1.,0.,0.));
#2914 = ADVANCED_FACE('',(#2915),#2940,.T.);
#2915 = FACE_BOUND('',#2916,.T.);
#2916 = EDGE_LOOP('',(#2917,#2918,#2926,#2934));
#2917 = ORIENTED_EDGE('',*,*,#2630,.T.);
#2918 = ORIENTED_EDGE('',*,*,#2919,.F.);
#2919 = EDGE_CURVE('',#2920,#1748,#2922,.T.);
#2920 = VERTEX_POINT('',#2921);
#2921 = CARTESIAN_POINT('',(1.7,10.45,-6.2));
#2922 = LINE('',#2923,#2924);
#2923 = CARTESIAN_POINT('',(1.7,10.45,-6.2));
#2924 = VECTOR('',#2925,1.);
#2925 = DIRECTION('',(0.,0.859101543909,0.511805175095));
#2926 = ORIENTED_EDGE('',*,*,#2927,.F.);
#2927 = EDGE_CURVE('',#2928,#2920,#2930,.T.);
#2928 = VERTEX_POINT('',#2929);
#2929 = CARTESIAN_POINT('',(-1.7,10.45,-6.2));
#2930 = LINE('',#2931,#2932);
#2931 = CARTESIAN_POINT('',(-1.7,10.45,-6.2));
#2932 = VECTOR('',#2933,1.);
#2933 = DIRECTION('',(1.,0.,0.));
#2934 = ORIENTED_EDGE('',*,*,#2935,.T.);
#2935 = EDGE_CURVE('',#2928,#1724,#2936,.T.);
#2936 = LINE('',#2937,#2938);
#2937 = CARTESIAN_POINT('',(-1.7,10.45,-6.2));
#2938 = VECTOR('',#2939,1.);
#2939 = DIRECTION('',(0.,0.859101543909,0.511805175095));
#2940 = PLANE('',#2941);
#2941 = AXIS2_PLACEMENT_3D('',#2942,#2943,#2944);
#2942 = CARTESIAN_POINT('',(-1.7,10.45,-6.2));
#2943 = DIRECTION('',(0.,0.511805175095,-0.859101543909));
#2944 = DIRECTION('',(-1.,0.,0.));
#2945 = ADVANCED_FACE('',(#2946),#2964,.F.);
#2946 = FACE_BOUND('',#2947,.T.);
#2947 = EDGE_LOOP('',(#2948,#2949,#2950,#2958));
#2948 = ORIENTED_EDGE('',*,*,#1731,.F.);
#2949 = ORIENTED_EDGE('',*,*,#2935,.F.);
#2950 = ORIENTED_EDGE('',*,*,#2951,.F.);
#2951 = EDGE_CURVE('',#2952,#2928,#2954,.T.);
#2952 = VERTEX_POINT('',#2953);
#2953 = CARTESIAN_POINT('',(-1.7,9.75,-6.2));
#2954 = LINE('',#2955,#2956);
#2955 = CARTESIAN_POINT('',(-1.7,9.75,-6.2));
#2956 = VECTOR('',#2957,1.);
#2957 = DIRECTION('',(0.,1.,0.));
#2958 = ORIENTED_EDGE('',*,*,#2959,.F.);
#2959 = EDGE_CURVE('',#1732,#2952,#2960,.T.);
#2960 = LINE('',#2961,#2962);
#2961 = CARTESIAN_POINT('',(-1.7,9.75,-4.8));
#2962 = VECTOR('',#2963,1.);
#2963 = DIRECTION('',(0.,0.,-1.));
#2964 = PLANE('',#2965);
#2965 = AXIS2_PLACEMENT_3D('',#2966,#2967,#2968);
#2966 = CARTESIAN_POINT('',(-1.7,0.,0.));
#2967 = DIRECTION('',(1.,0.,0.));
#2968 = DIRECTION('',(-0.,1.,0.));
#2969 = ADVANCED_FACE('',(#2970),#2988,.T.);
#2970 = FACE_BOUND('',#2971,.T.);
#2971 = EDGE_LOOP('',(#2972,#2973,#2974,#2982));
#2972 = ORIENTED_EDGE('',*,*,#1739,.F.);
#2973 = ORIENTED_EDGE('',*,*,#2959,.T.);
#2974 = ORIENTED_EDGE('',*,*,#2975,.T.);
#2975 = EDGE_CURVE('',#2952,#2976,#2978,.T.);
#2976 = VERTEX_POINT('',#2977);
#2977 = CARTESIAN_POINT('',(1.7,9.75,-6.2));
#2978 = LINE('',#2979,#2980);
#2979 = CARTESIAN_POINT('',(-1.7,9.75,-6.2));
#2980 = VECTOR('',#2981,1.);
#2981 = DIRECTION('',(1.,0.,0.));
#2982 = ORIENTED_EDGE('',*,*,#2983,.F.);
#2983 = EDGE_CURVE('',#1740,#2976,#2984,.T.);
#2984 = LINE('',#2985,#2986);
#2985 = CARTESIAN_POINT('',(1.7,9.75,-4.8));
#2986 = VECTOR('',#2987,1.);
#2987 = DIRECTION('',(0.,0.,-1.));
#2988 = PLANE('',#2989);
#2989 = AXIS2_PLACEMENT_3D('',#2990,#2991,#2992);
#2990 = CARTESIAN_POINT('',(-1.7,9.75,-4.8));
#2991 = DIRECTION('',(0.,-1.,0.));
#2992 = DIRECTION('',(0.,0.,-1.));
#2993 = ADVANCED_FACE('',(#2994),#3005,.T.);
#2994 = FACE_BOUND('',#2995,.T.);
#2995 = EDGE_LOOP('',(#2996,#2997,#2998,#3004));
#2996 = ORIENTED_EDGE('',*,*,#1747,.T.);
#2997 = ORIENTED_EDGE('',*,*,#2983,.T.);
#2998 = ORIENTED_EDGE('',*,*,#2999,.T.);
#2999 = EDGE_CURVE('',#2976,#2920,#3000,.T.);
#3000 = LINE('',#3001,#3002);
#3001 = CARTESIAN_POINT('',(1.7,9.75,-6.2));
#3002 = VECTOR('',#3003,1.);
#3003 = DIRECTION('',(0.,1.,0.));
#3004 = ORIENTED_EDGE('',*,*,#2919,.T.);
#3005 = PLANE('',#3006);
#3006 = AXIS2_PLACEMENT_3D('',#3007,#3008,#3009);
#3007 = CARTESIAN_POINT('',(1.7,0.,0.));
#3008 = DIRECTION('',(1.,0.,0.));
#3009 = DIRECTION('',(-0.,1.,0.));
#3010 = ADVANCED_FACE('',(#3011),#3017,.T.);
#3011 = FACE_BOUND('',#3012,.T.);
#3012 = EDGE_LOOP('',(#3013,#3014,#3015,#3016));
#3013 = ORIENTED_EDGE('',*,*,#2951,.T.);
#3014 = ORIENTED_EDGE('',*,*,#2927,.T.);
#3015 = ORIENTED_EDGE('',*,*,#2999,.F.);
#3016 = ORIENTED_EDGE('',*,*,#2975,.F.);
#3017 = PLANE('',#3018);
#3018 = AXIS2_PLACEMENT_3D('',#3019,#3020,#3021);
#3019 = CARTESIAN_POINT('',(-1.7,9.75,-6.2));
#3020 = DIRECTION('',(0.,0.,-1.));
#3021 = DIRECTION('',(0.,-1.,0.));
#3022 = ADVANCED_FACE('',(#3023),#3080,.T.);
#3023 = FACE_BOUND('',#3024,.T.);
#3024 = EDGE_LOOP('',(#3025,#3026,#3032,#3033,#3041,#3049,#3055,#3056,
    #3062,#3063,#3069,#3070,#3071,#3072,#3073,#3074));
#3025 = ORIENTED_EDGE('',*,*,#1945,.T.);
#3026 = ORIENTED_EDGE('',*,*,#3027,.F.);
#3027 = EDGE_CURVE('',#2199,#1948,#3028,.T.);
#3028 = LINE('',#3029,#3030);
#3029 = CARTESIAN_POINT('',(-3.2,0.,4.8));
#3030 = VECTOR('',#3031,1.);
#3031 = DIRECTION('',(0.,1.,0.));
#3032 = ORIENTED_EDGE('',*,*,#2215,.T.);
#3033 = ORIENTED_EDGE('',*,*,#3034,.T.);
#3034 = EDGE_CURVE('',#2208,#3035,#3037,.T.);
#3035 = VERTEX_POINT('',#3036);
#3036 = CARTESIAN_POINT('',(-1.,0.8,4.8));
#3037 = LINE('',#3038,#3039);
#3038 = CARTESIAN_POINT('',(-1.,0.,4.8));
#3039 = VECTOR('',#3040,1.);
#3040 = DIRECTION('',(0.,1.,0.));
#3041 = ORIENTED_EDGE('',*,*,#3042,.T.);
#3042 = EDGE_CURVE('',#3035,#3043,#3045,.T.);
#3043 = VERTEX_POINT('',#3044);
#3044 = CARTESIAN_POINT('',(1.,0.8,4.8));
#3045 = LINE('',#3046,#3047);
#3046 = CARTESIAN_POINT('',(-1.,0.8,4.8));
#3047 = VECTOR('',#3048,1.);
#3048 = DIRECTION('',(1.,0.,0.));
#3049 = ORIENTED_EDGE('',*,*,#3050,.F.);
#3050 = EDGE_CURVE('',#2137,#3043,#3051,.T.);
#3051 = LINE('',#3052,#3053);
#3052 = CARTESIAN_POINT('',(1.,0.,4.8));
#3053 = VECTOR('',#3054,1.);
#3054 = DIRECTION('',(0.,1.,0.));
#3055 = ORIENTED_EDGE('',*,*,#2153,.T.);
#3056 = ORIENTED_EDGE('',*,*,#3057,.T.);
#3057 = EDGE_CURVE('',#2146,#1625,#3058,.T.);
#3058 = LINE('',#3059,#3060);
#3059 = CARTESIAN_POINT('',(3.2,0.,4.8));
#3060 = VECTOR('',#3061,1.);
#3061 = DIRECTION('',(0.,1.,0.));
#3062 = ORIENTED_EDGE('',*,*,#1624,.T.);
#3063 = ORIENTED_EDGE('',*,*,#3064,.F.);
#3064 = EDGE_CURVE('',#2075,#1627,#3065,.T.);
#3065 = LINE('',#3066,#3067);
#3066 = CARTESIAN_POINT('',(5.2,0.,4.8));
#3067 = VECTOR('',#3068,1.);
#3068 = DIRECTION('',(0.,1.,0.));
#3069 = ORIENTED_EDGE('',*,*,#2074,.T.);
#3070 = ORIENTED_EDGE('',*,*,#2595,.F.);
#3071 = ORIENTED_EDGE('',*,*,#2647,.F.);
#3072 = ORIENTED_EDGE('',*,*,#711,.T.);
#3073 = ORIENTED_EDGE('',*,*,#2237,.T.);
#3074 = ORIENTED_EDGE('',*,*,#3075,.T.);
#3075 = EDGE_CURVE('',#2230,#1946,#3076,.T.);
#3076 = LINE('',#3077,#3078);
#3077 = CARTESIAN_POINT('',(-5.2,0.,4.8));
#3078 = VECTOR('',#3079,1.);
#3079 = DIRECTION('',(0.,1.,0.));
#3080 = PLANE('',#3081);
#3081 = AXIS2_PLACEMENT_3D('',#3082,#3083,#3084);
#3082 = CARTESIAN_POINT('',(-6.9,12.8,4.8));
#3083 = DIRECTION('',(0.,0.,1.));
#3084 = DIRECTION('',(1.,0.,-0.));
#3085 = ADVANCED_FACE('',(#3086),#3092,.F.);
#3086 = FACE_BOUND('',#3087,.T.);
#3087 = EDGE_LOOP('',(#3088,#3089,#3090,#3091));
#3088 = ORIENTED_EDGE('',*,*,#2229,.T.);
#3089 = ORIENTED_EDGE('',*,*,#1485,.T.);
#3090 = ORIENTED_EDGE('',*,*,#1955,.F.);
#3091 = ORIENTED_EDGE('',*,*,#3075,.F.);
#3092 = PLANE('',#3093);
#3093 = AXIS2_PLACEMENT_3D('',#3094,#3095,#3096);
#3094 = CARTESIAN_POINT('',(-5.2,0.,4.8));
#3095 = DIRECTION('',(-1.,0.,0.));
#3096 = DIRECTION('',(0.,0.,1.));
#3097 = ADVANCED_FACE('',(#3098),#3104,.F.);
#3098 = FACE_BOUND('',#3099,.T.);
#3099 = EDGE_LOOP('',(#3100,#3101,#3102,#3103));
#3100 = ORIENTED_EDGE('',*,*,#2084,.F.);
#3101 = ORIENTED_EDGE('',*,*,#3064,.T.);
#3102 = ORIENTED_EDGE('',*,*,#1650,.F.);
#3103 = ORIENTED_EDGE('',*,*,#1336,.T.);
#3104 = PLANE('',#3105);
#3105 = AXIS2_PLACEMENT_3D('',#3106,#3107,#3108);
#3106 = CARTESIAN_POINT('',(5.2,0.,3.8));
#3107 = DIRECTION('',(1.,0.,0.));
#3108 = DIRECTION('',(-0.,1.,0.));
#3109 = ADVANCED_FACE('',(#3110),#3116,.F.);
#3110 = FACE_BOUND('',#3111,.T.);
#3111 = EDGE_LOOP('',(#3112,#3113,#3114,#3115));
#3112 = ORIENTED_EDGE('',*,*,#2145,.T.);
#3113 = ORIENTED_EDGE('',*,*,#1376,.T.);
#3114 = ORIENTED_EDGE('',*,*,#1634,.F.);
#3115 = ORIENTED_EDGE('',*,*,#3057,.F.);
#3116 = PLANE('',#3117);
#3117 = AXIS2_PLACEMENT_3D('',#3118,#3119,#3120);
#3118 = CARTESIAN_POINT('',(3.2,0.,4.8));
#3119 = DIRECTION('',(-1.,0.,0.));
#3120 = DIRECTION('',(0.,0.,1.));
#3121 = ADVANCED_FACE('',(#3122),#3133,.F.);
#3122 = FACE_BOUND('',#3123,.T.);
#3123 = EDGE_LOOP('',(#3124,#3125,#3126,#3132));
#3124 = ORIENTED_EDGE('',*,*,#2136,.F.);
#3125 = ORIENTED_EDGE('',*,*,#3050,.T.);
#3126 = ORIENTED_EDGE('',*,*,#3127,.F.);
#3127 = EDGE_CURVE('',#1393,#3043,#3128,.T.);
#3128 = LINE('',#3129,#3130);
#3129 = CARTESIAN_POINT('',(1.,0.8,3.8));
#3130 = VECTOR('',#3131,1.);
#3131 = DIRECTION('',(0.,0.,1.));
#3132 = ORIENTED_EDGE('',*,*,#1392,.T.);
#3133 = PLANE('',#3134);
#3134 = AXIS2_PLACEMENT_3D('',#3135,#3136,#3137);
#3135 = CARTESIAN_POINT('',(1.,0.,3.8));
#3136 = DIRECTION('',(1.,0.,0.));
#3137 = DIRECTION('',(-0.,1.,0.));
#3138 = ADVANCED_FACE('',(#3139,#3169),#3203,.T.);
#3139 = FACE_BOUND('',#3140,.T.);
#3140 = EDGE_LOOP('',(#3141,#3142,#3148,#3149,#3155,#3156,#3162,#3163));
#3141 = ORIENTED_EDGE('',*,*,#1810,.T.);
#3142 = ORIENTED_EDGE('',*,*,#3143,.T.);
#3143 = EDGE_CURVE('',#1803,#2433,#3144,.T.);
#3144 = LINE('',#3145,#3146);
#3145 = CARTESIAN_POINT('',(1.,0.8,-4.8));
#3146 = VECTOR('',#3147,1.);
#3147 = DIRECTION('',(0.,0.,1.));
#3148 = ORIENTED_EDGE('',*,*,#2463,.T.);
#3149 = ORIENTED_EDGE('',*,*,#3150,.T.);
#3150 = EDGE_CURVE('',#2456,#2328,#3151,.T.);
#3151 = LINE('',#3152,#3153);
#3152 = CARTESIAN_POINT('',(1.3,0.8,-3.8));
#3153 = VECTOR('',#3154,1.);
#3154 = DIRECTION('',(0.,0.,1.));
#3155 = ORIENTED_EDGE('',*,*,#2327,.T.);
#3156 = ORIENTED_EDGE('',*,*,#3157,.T.);
#3157 = EDGE_CURVE('',#2320,#2512,#3158,.T.);
#3158 = LINE('',#3159,#3160);
#3159 = CARTESIAN_POINT('',(-1.3,0.8,-0.5));
#3160 = VECTOR('',#3161,1.);
#3161 = DIRECTION('',(0.,0.,-1.));
#3162 = ORIENTED_EDGE('',*,*,#2511,.T.);
#3163 = ORIENTED_EDGE('',*,*,#3164,.T.);
#3164 = EDGE_CURVE('',#2504,#1811,#3165,.T.);
#3165 = LINE('',#3166,#3167);
#3166 = CARTESIAN_POINT('',(-1.,0.8,-3.8));
#3167 = VECTOR('',#3168,1.);
#3168 = DIRECTION('',(0.,0.,-1.));
#3169 = FACE_BOUND('',#3170,.T.);
#3170 = EDGE_LOOP('',(#3171,#3181,#3189,#3197));
#3171 = ORIENTED_EDGE('',*,*,#3172,.F.);
#3172 = EDGE_CURVE('',#3173,#3175,#3177,.T.);
#3173 = VERTEX_POINT('',#3174);
#3174 = CARTESIAN_POINT('',(0.57,0.8,-3.25));
#3175 = VERTEX_POINT('',#3176);
#3176 = CARTESIAN_POINT('',(0.57,0.8,-2.65));
#3177 = LINE('',#3178,#3179);
#3178 = CARTESIAN_POINT('',(0.57,0.8,-3.25));
#3179 = VECTOR('',#3180,1.);
#3180 = DIRECTION('',(0.,0.,1.));
#3181 = ORIENTED_EDGE('',*,*,#3182,.T.);
#3182 = EDGE_CURVE('',#3173,#3183,#3185,.T.);
#3183 = VERTEX_POINT('',#3184);
#3184 = CARTESIAN_POINT('',(-0.57,0.8,-3.25));
#3185 = LINE('',#3186,#3187);
#3186 = CARTESIAN_POINT('',(0.57,0.8,-3.25));
#3187 = VECTOR('',#3188,1.);
#3188 = DIRECTION('',(-1.,0.,0.));
#3189 = ORIENTED_EDGE('',*,*,#3190,.T.);
#3190 = EDGE_CURVE('',#3183,#3191,#3193,.T.);
#3191 = VERTEX_POINT('',#3192);
#3192 = CARTESIAN_POINT('',(-0.57,0.8,-2.65));
#3193 = LINE('',#3194,#3195);
#3194 = CARTESIAN_POINT('',(-0.57,0.8,-3.25));
#3195 = VECTOR('',#3196,1.);
#3196 = DIRECTION('',(0.,0.,1.));
#3197 = ORIENTED_EDGE('',*,*,#3198,.F.);
#3198 = EDGE_CURVE('',#3175,#3191,#3199,.T.);
#3199 = LINE('',#3200,#3201);
#3200 = CARTESIAN_POINT('',(0.57,0.8,-2.65));
#3201 = VECTOR('',#3202,1.);
#3202 = DIRECTION('',(-1.,0.,0.));
#3203 = PLANE('',#3204);
#3204 = AXIS2_PLACEMENT_3D('',#3205,#3206,#3207);
#3205 = CARTESIAN_POINT('',(-6.9,0.8,4.8));
#3206 = DIRECTION('',(0.,-1.,0.));
#3207 = DIRECTION('',(0.,0.,-1.));
#3208 = ADVANCED_FACE('',(#3209,#3234),#3268,.T.);
#3209 = FACE_BOUND('',#3210,.T.);
#3210 = EDGE_LOOP('',(#3211,#3212,#3218,#3219,#3225,#3226,#3232,#3233));
#3211 = ORIENTED_EDGE('',*,*,#3042,.F.);
#3212 = ORIENTED_EDGE('',*,*,#3213,.T.);
#3213 = EDGE_CURVE('',#3035,#1432,#3214,.T.);
#3214 = LINE('',#3215,#3216);
#3215 = CARTESIAN_POINT('',(-1.,0.8,4.8));
#3216 = VECTOR('',#3217,1.);
#3217 = DIRECTION('',(0.,0.,-1.));
#3218 = ORIENTED_EDGE('',*,*,#1431,.T.);
#3219 = ORIENTED_EDGE('',*,*,#3220,.T.);
#3220 = EDGE_CURVE('',#1424,#1251,#3221,.T.);
#3221 = LINE('',#3222,#3223);
#3222 = CARTESIAN_POINT('',(-1.3,0.8,3.8));
#3223 = VECTOR('',#3224,1.);
#3224 = DIRECTION('',(0.,0.,-1.));
#3225 = ORIENTED_EDGE('',*,*,#1250,.T.);
#3226 = ORIENTED_EDGE('',*,*,#3227,.T.);
#3227 = EDGE_CURVE('',#1243,#1401,#3228,.T.);
#3228 = LINE('',#3229,#3230);
#3229 = CARTESIAN_POINT('',(1.3,0.8,0.5));
#3230 = VECTOR('',#3231,1.);
#3231 = DIRECTION('',(0.,0.,1.));
#3232 = ORIENTED_EDGE('',*,*,#1400,.T.);
#3233 = ORIENTED_EDGE('',*,*,#3127,.T.);
#3234 = FACE_BOUND('',#3235,.T.);
#3235 = EDGE_LOOP('',(#3236,#3246,#3254,#3262));
#3236 = ORIENTED_EDGE('',*,*,#3237,.F.);
#3237 = EDGE_CURVE('',#3238,#3240,#3242,.T.);
#3238 = VERTEX_POINT('',#3239);
#3239 = CARTESIAN_POINT('',(0.57,0.8,2.25));
#3240 = VERTEX_POINT('',#3241);
#3241 = CARTESIAN_POINT('',(0.57,0.8,2.85));
#3242 = LINE('',#3243,#3244);
#3243 = CARTESIAN_POINT('',(0.57,0.8,2.25));
#3244 = VECTOR('',#3245,1.);
#3245 = DIRECTION('',(0.,0.,1.));
#3246 = ORIENTED_EDGE('',*,*,#3247,.T.);
#3247 = EDGE_CURVE('',#3238,#3248,#3250,.T.);
#3248 = VERTEX_POINT('',#3249);
#3249 = CARTESIAN_POINT('',(-0.57,0.8,2.25));
#3250 = LINE('',#3251,#3252);
#3251 = CARTESIAN_POINT('',(0.57,0.8,2.25));
#3252 = VECTOR('',#3253,1.);
#3253 = DIRECTION('',(-1.,0.,0.));
#3254 = ORIENTED_EDGE('',*,*,#3255,.T.);
#3255 = EDGE_CURVE('',#3248,#3256,#3258,.T.);
#3256 = VERTEX_POINT('',#3257);
#3257 = CARTESIAN_POINT('',(-0.57,0.8,2.85));
#3258 = LINE('',#3259,#3260);
#3259 = CARTESIAN_POINT('',(-0.57,0.8,2.25));
#3260 = VECTOR('',#3261,1.);
#3261 = DIRECTION('',(0.,0.,1.));
#3262 = ORIENTED_EDGE('',*,*,#3263,.F.);
#3263 = EDGE_CURVE('',#3240,#3256,#3264,.T.);
#3264 = LINE('',#3265,#3266);
#3265 = CARTESIAN_POINT('',(0.57,0.8,2.85));
#3266 = VECTOR('',#3267,1.);
#3267 = DIRECTION('',(-1.,0.,0.));
#3268 = PLANE('',#3269);
#3269 = AXIS2_PLACEMENT_3D('',#3270,#3271,#3272);
#3270 = CARTESIAN_POINT('',(-6.9,0.8,4.8));
#3271 = DIRECTION('',(0.,-1.,0.));
#3272 = DIRECTION('',(0.,0.,-1.));
#3273 = ADVANCED_FACE('',(#3274),#3280,.F.);
#3274 = FACE_BOUND('',#3275,.T.);
#3275 = EDGE_LOOP('',(#3276,#3277,#3278,#3279));
#3276 = ORIENTED_EDGE('',*,*,#2279,.F.);
#3277 = ORIENTED_EDGE('',*,*,#1818,.T.);
#3278 = ORIENTED_EDGE('',*,*,#3164,.F.);
#3279 = ORIENTED_EDGE('',*,*,#2503,.T.);
#3280 = PLANE('',#3281);
#3281 = AXIS2_PLACEMENT_3D('',#3282,#3283,#3284);
#3282 = CARTESIAN_POINT('',(-1.,0.,-3.8));
#3283 = DIRECTION('',(-1.,0.,0.));
#3284 = DIRECTION('',(0.,0.,1.));
#3285 = ADVANCED_FACE('',(#3286),#3292,.F.);
#3286 = FACE_BOUND('',#3287,.T.);
#3287 = EDGE_LOOP('',(#3288,#3289,#3290,#3291));
#3288 = ORIENTED_EDGE('',*,*,#1149,.F.);
#3289 = ORIENTED_EDGE('',*,*,#2519,.T.);
#3290 = ORIENTED_EDGE('',*,*,#3157,.F.);
#3291 = ORIENTED_EDGE('',*,*,#2319,.F.);
#3292 = PLANE('',#3293);
#3293 = AXIS2_PLACEMENT_3D('',#3294,#3295,#3296);
#3294 = CARTESIAN_POINT('',(-1.3,0.,-0.5));
#3295 = DIRECTION('',(-1.,0.,0.));
#3296 = DIRECTION('',(0.,0.,1.));
#3297 = ADVANCED_FACE('',(#3298),#3304,.F.);
#3298 = FACE_BOUND('',#3299,.T.);
#3299 = EDGE_LOOP('',(#3300,#3301,#3302,#3303));
#3300 = ORIENTED_EDGE('',*,*,#979,.T.);
#3301 = ORIENTED_EDGE('',*,*,#2335,.T.);
#3302 = ORIENTED_EDGE('',*,*,#3150,.F.);
#3303 = ORIENTED_EDGE('',*,*,#2455,.F.);
#3304 = PLANE('',#3305);
#3305 = AXIS2_PLACEMENT_3D('',#3306,#3307,#3308);
#3306 = CARTESIAN_POINT('',(1.3,0.,-3.8));
#3307 = DIRECTION('',(1.,0.,0.));
#3308 = DIRECTION('',(-0.,1.,0.));
#3309 = ADVANCED_FACE('',(#3310),#3316,.F.);
#3310 = FACE_BOUND('',#3311,.T.);
#3311 = EDGE_LOOP('',(#3312,#3313,#3314,#3315));
#3312 = ORIENTED_EDGE('',*,*,#2167,.T.);
#3313 = ORIENTED_EDGE('',*,*,#2432,.T.);
#3314 = ORIENTED_EDGE('',*,*,#3143,.F.);
#3315 = ORIENTED_EDGE('',*,*,#1802,.F.);
#3316 = PLANE('',#3317);
#3317 = AXIS2_PLACEMENT_3D('',#3318,#3319,#3320);
#3318 = CARTESIAN_POINT('',(1.,0.,-4.8));
#3319 = DIRECTION('',(1.,0.,0.));
#3320 = DIRECTION('',(-0.,1.,0.));
#3321 = ADVANCED_FACE('',(#3322),#3328,.F.);
#3322 = FACE_BOUND('',#3323,.T.);
#3323 = EDGE_LOOP('',(#3324,#3325,#3326,#3327));
#3324 = ORIENTED_EDGE('',*,*,#939,.F.);
#3325 = ORIENTED_EDGE('',*,*,#1408,.T.);
#3326 = ORIENTED_EDGE('',*,*,#3227,.F.);
#3327 = ORIENTED_EDGE('',*,*,#1242,.F.);
#3328 = PLANE('',#3329);
#3329 = AXIS2_PLACEMENT_3D('',#3330,#3331,#3332);
#3330 = CARTESIAN_POINT('',(1.3,0.,0.5));
#3331 = DIRECTION('',(1.,0.,0.));
#3332 = DIRECTION('',(-0.,1.,0.));
#3333 = ADVANCED_FACE('',(#3334),#3340,.F.);
#3334 = FACE_BOUND('',#3335,.T.);
#3335 = EDGE_LOOP('',(#3336,#3337,#3338,#3339));
#3336 = ORIENTED_EDGE('',*,*,#1037,.T.);
#3337 = ORIENTED_EDGE('',*,*,#1258,.T.);
#3338 = ORIENTED_EDGE('',*,*,#3220,.F.);
#3339 = ORIENTED_EDGE('',*,*,#1423,.F.);
#3340 = PLANE('',#3341);
#3341 = AXIS2_PLACEMENT_3D('',#3342,#3343,#3344);
#3342 = CARTESIAN_POINT('',(-1.3,0.,3.8));
#3343 = DIRECTION('',(-1.,0.,0.));
#3344 = DIRECTION('',(0.,0.,1.));
#3345 = ADVANCED_FACE('',(#3346),#3352,.F.);
#3346 = FACE_BOUND('',#3347,.T.);
#3347 = EDGE_LOOP('',(#3348,#3349,#3350,#3351));
#3348 = ORIENTED_EDGE('',*,*,#2207,.T.);
#3349 = ORIENTED_EDGE('',*,*,#1439,.T.);
#3350 = ORIENTED_EDGE('',*,*,#3213,.F.);
#3351 = ORIENTED_EDGE('',*,*,#3034,.F.);
#3352 = PLANE('',#3353);
#3353 = AXIS2_PLACEMENT_3D('',#3354,#3355,#3356);
#3354 = CARTESIAN_POINT('',(-1.,0.,4.8));
#3355 = DIRECTION('',(-1.,0.,0.));
#3356 = DIRECTION('',(0.,0.,1.));
#3357 = ADVANCED_FACE('',(#3358),#3400,.F.);
#3358 = FACE_BOUND('',#3359,.T.);
#3359 = EDGE_LOOP('',(#3360,#3370,#3378,#3386,#3394));
#3360 = ORIENTED_EDGE('',*,*,#3361,.T.);
#3361 = EDGE_CURVE('',#3362,#3364,#3366,.T.);
#3362 = VERTEX_POINT('',#3363);
#3363 = CARTESIAN_POINT('',(0.57,3.7,-1.71));
#3364 = VERTEX_POINT('',#3365);
#3365 = CARTESIAN_POINT('',(0.57,3.7,-3.25));
#3366 = LINE('',#3367,#3368);
#3367 = CARTESIAN_POINT('',(0.57,3.7,-1.71));
#3368 = VECTOR('',#3369,1.);
#3369 = DIRECTION('',(0.,0.,-1.));
#3370 = ORIENTED_EDGE('',*,*,#3371,.F.);
#3371 = EDGE_CURVE('',#3372,#3364,#3374,.T.);
#3372 = VERTEX_POINT('',#3373);
#3373 = CARTESIAN_POINT('',(0.57,4.3,-2.85));
#3374 = LINE('',#3375,#3376);
#3375 = CARTESIAN_POINT('',(0.57,4.3,-2.85));
#3376 = VECTOR('',#3377,1.);
#3377 = DIRECTION('',(0.,-0.832050294338,-0.554700196225));
#3378 = ORIENTED_EDGE('',*,*,#3379,.F.);
#3379 = EDGE_CURVE('',#3380,#3372,#3382,.T.);
#3380 = VERTEX_POINT('',#3381);
#3381 = CARTESIAN_POINT('',(0.57,9.2,-2.85));
#3382 = LINE('',#3383,#3384);
#3383 = CARTESIAN_POINT('',(0.57,9.2,-2.85));
#3384 = VECTOR('',#3385,1.);
#3385 = DIRECTION('',(0.,-1.,0.));
#3386 = ORIENTED_EDGE('',*,*,#3387,.F.);
#3387 = EDGE_CURVE('',#3388,#3380,#3390,.T.);
#3388 = VERTEX_POINT('',#3389);
#3389 = CARTESIAN_POINT('',(0.57,9.2,-1.71));
#3390 = LINE('',#3391,#3392);
#3391 = CARTESIAN_POINT('',(0.57,9.2,-1.71));
#3392 = VECTOR('',#3393,1.);
#3393 = DIRECTION('',(0.,0.,-1.));
#3394 = ORIENTED_EDGE('',*,*,#3395,.F.);
#3395 = EDGE_CURVE('',#3362,#3388,#3396,.T.);
#3396 = LINE('',#3397,#3398);
#3397 = CARTESIAN_POINT('',(0.57,3.7,-1.71));
#3398 = VECTOR('',#3399,1.);
#3399 = DIRECTION('',(0.,1.,0.));
#3400 = PLANE('',#3401);
#3401 = AXIS2_PLACEMENT_3D('',#3402,#3403,#3404);
#3402 = CARTESIAN_POINT('',(0.57,0.,0.));
#3403 = DIRECTION('',(-1.,0.,0.));
#3404 = DIRECTION('',(0.,0.,1.));
#3405 = ADVANCED_FACE('',(#3406),#3448,.F.);
#3406 = FACE_BOUND('',#3407,.T.);
#3407 = EDGE_LOOP('',(#3408,#3418,#3426,#3434,#3442));
#3408 = ORIENTED_EDGE('',*,*,#3409,.T.);
#3409 = EDGE_CURVE('',#3410,#3412,#3414,.T.);
#3410 = VERTEX_POINT('',#3411);
#3411 = CARTESIAN_POINT('',(0.57,3.7,2.85));
#3412 = VERTEX_POINT('',#3413);
#3413 = CARTESIAN_POINT('',(0.57,3.7,1.31));
#3414 = LINE('',#3415,#3416);
#3415 = CARTESIAN_POINT('',(0.57,3.7,2.85));
#3416 = VECTOR('',#3417,1.);
#3417 = DIRECTION('',(0.,0.,-1.));
#3418 = ORIENTED_EDGE('',*,*,#3419,.F.);
#3419 = EDGE_CURVE('',#3420,#3412,#3422,.T.);
#3420 = VERTEX_POINT('',#3421);
#3421 = CARTESIAN_POINT('',(0.57,9.2,1.31));
#3422 = LINE('',#3423,#3424);
#3423 = CARTESIAN_POINT('',(0.57,9.2,1.31));
#3424 = VECTOR('',#3425,1.);
#3425 = DIRECTION('',(0.,-1.,0.));
#3426 = ORIENTED_EDGE('',*,*,#3427,.F.);
#3427 = EDGE_CURVE('',#3428,#3420,#3430,.T.);
#3428 = VERTEX_POINT('',#3429);
#3429 = CARTESIAN_POINT('',(0.57,9.2,2.45));
#3430 = LINE('',#3431,#3432);
#3431 = CARTESIAN_POINT('',(0.57,9.2,2.45));
#3432 = VECTOR('',#3433,1.);
#3433 = DIRECTION('',(0.,0.,-1.));
#3434 = ORIENTED_EDGE('',*,*,#3435,.F.);
#3435 = EDGE_CURVE('',#3436,#3428,#3438,.T.);
#3436 = VERTEX_POINT('',#3437);
#3437 = CARTESIAN_POINT('',(0.57,4.3,2.45));
#3438 = LINE('',#3439,#3440);
#3439 = CARTESIAN_POINT('',(0.57,4.3,2.45));
#3440 = VECTOR('',#3441,1.);
#3441 = DIRECTION('',(0.,1.,0.));
#3442 = ORIENTED_EDGE('',*,*,#3443,.F.);
#3443 = EDGE_CURVE('',#3410,#3436,#3444,.T.);
#3444 = LINE('',#3445,#3446);
#3445 = CARTESIAN_POINT('',(0.57,3.7,2.85));
#3446 = VECTOR('',#3447,1.);
#3447 = DIRECTION('',(0.,0.832050294338,-0.554700196225));
#3448 = PLANE('',#3449);
#3449 = AXIS2_PLACEMENT_3D('',#3450,#3451,#3452);
#3450 = CARTESIAN_POINT('',(0.57,0.,0.));
#3451 = DIRECTION('',(-1.,0.,0.));
#3452 = DIRECTION('',(0.,0.,1.));
#3453 = ADVANCED_FACE('',(#3454),#3487,.F.);
#3454 = FACE_BOUND('',#3455,.T.);
#3455 = EDGE_LOOP('',(#3456,#3457,#3465,#3473,#3481));
#3456 = ORIENTED_EDGE('',*,*,#3172,.T.);
#3457 = ORIENTED_EDGE('',*,*,#3458,.F.);
#3458 = EDGE_CURVE('',#3459,#3175,#3461,.T.);
#3459 = VERTEX_POINT('',#3460);
#3460 = CARTESIAN_POINT('',(0.57,-2.23,-2.65));
#3461 = LINE('',#3462,#3463);
#3462 = CARTESIAN_POINT('',(0.57,-2.23,-2.65));
#3463 = VECTOR('',#3464,1.);
#3464 = DIRECTION('',(0.,1.,0.));
#3465 = ORIENTED_EDGE('',*,*,#3466,.F.);
#3466 = EDGE_CURVE('',#3467,#3459,#3469,.T.);
#3467 = VERTEX_POINT('',#3468);
#3468 = CARTESIAN_POINT('',(0.57,-3.5,-3.1));
#3469 = LINE('',#3470,#3471);
#3470 = CARTESIAN_POINT('',(0.57,-3.5,-3.1));
#3471 = VECTOR('',#3472,1.);
#3472 = DIRECTION('',(0.,0.942578556478,0.333984527886));
#3473 = ORIENTED_EDGE('',*,*,#3474,.F.);
#3474 = EDGE_CURVE('',#3475,#3467,#3477,.T.);
#3475 = VERTEX_POINT('',#3476);
#3476 = CARTESIAN_POINT('',(0.57,-3.5,-3.25));
#3477 = LINE('',#3478,#3479);
#3478 = CARTESIAN_POINT('',(0.57,-3.5,-3.25));
#3479 = VECTOR('',#3480,1.);
#3480 = DIRECTION('',(0.,0.,1.));
#3481 = ORIENTED_EDGE('',*,*,#3482,.F.);
#3482 = EDGE_CURVE('',#3173,#3475,#3483,.T.);
#3483 = LINE('',#3484,#3485);
#3484 = CARTESIAN_POINT('',(0.57,0.8,-3.25));
#3485 = VECTOR('',#3486,1.);
#3486 = DIRECTION('',(0.,-1.,0.));
#3487 = PLANE('',#3488);
#3488 = AXIS2_PLACEMENT_3D('',#3489,#3490,#3491);
#3489 = CARTESIAN_POINT('',(0.57,0.,0.));
#3490 = DIRECTION('',(-1.,0.,0.));
#3491 = DIRECTION('',(0.,0.,1.));
#3492 = ADVANCED_FACE('',(#3493),#3526,.F.);
#3493 = FACE_BOUND('',#3494,.T.);
#3494 = EDGE_LOOP('',(#3495,#3496,#3504,#3512,#3520));
#3495 = ORIENTED_EDGE('',*,*,#3237,.T.);
#3496 = ORIENTED_EDGE('',*,*,#3497,.F.);
#3497 = EDGE_CURVE('',#3498,#3240,#3500,.T.);
#3498 = VERTEX_POINT('',#3499);
#3499 = CARTESIAN_POINT('',(0.57,-3.5,2.85));
#3500 = LINE('',#3501,#3502);
#3501 = CARTESIAN_POINT('',(0.57,-3.5,2.85));
#3502 = VECTOR('',#3503,1.);
#3503 = DIRECTION('',(0.,1.,0.));
#3504 = ORIENTED_EDGE('',*,*,#3505,.F.);
#3505 = EDGE_CURVE('',#3506,#3498,#3508,.T.);
#3506 = VERTEX_POINT('',#3507);
#3507 = CARTESIAN_POINT('',(0.57,-3.5,2.7));
#3508 = LINE('',#3509,#3510);
#3509 = CARTESIAN_POINT('',(0.57,-3.5,2.7));
#3510 = VECTOR('',#3511,1.);
#3511 = DIRECTION('',(0.,0.,1.));
#3512 = ORIENTED_EDGE('',*,*,#3513,.F.);
#3513 = EDGE_CURVE('',#3514,#3506,#3516,.T.);
#3514 = VERTEX_POINT('',#3515);
#3515 = CARTESIAN_POINT('',(0.57,-2.23,2.25));
#3516 = LINE('',#3517,#3518);
#3517 = CARTESIAN_POINT('',(0.57,-2.23,2.25));
#3518 = VECTOR('',#3519,1.);
#3519 = DIRECTION('',(0.,-0.942578556478,0.333984527886));
#3520 = ORIENTED_EDGE('',*,*,#3521,.F.);
#3521 = EDGE_CURVE('',#3238,#3514,#3522,.T.);
#3522 = LINE('',#3523,#3524);
#3523 = CARTESIAN_POINT('',(0.57,0.8,2.25));
#3524 = VECTOR('',#3525,1.);
#3525 = DIRECTION('',(0.,-1.,0.));
#3526 = PLANE('',#3527);
#3527 = AXIS2_PLACEMENT_3D('',#3528,#3529,#3530);
#3528 = CARTESIAN_POINT('',(0.57,0.,0.));
#3529 = DIRECTION('',(-1.,0.,0.));
#3530 = DIRECTION('',(0.,0.,1.));
#3531 = ADVANCED_FACE('',(#3532,#3582),#3607,.T.);
#3532 = FACE_BOUND('',#3533,.T.);
#3533 = EDGE_LOOP('',(#3534,#3544,#3552,#3560,#3568,#3576));
#3534 = ORIENTED_EDGE('',*,*,#3535,.T.);
#3535 = EDGE_CURVE('',#3536,#3538,#3540,.T.);
#3536 = VERTEX_POINT('',#3537);
#3537 = CARTESIAN_POINT('',(1.8,3.7,3.));
#3538 = VERTEX_POINT('',#3539);
#3539 = CARTESIAN_POINT('',(1.8,3.7,0.3));
#3540 = LINE('',#3541,#3542);
#3541 = CARTESIAN_POINT('',(1.8,3.7,3.));
#3542 = VECTOR('',#3543,1.);
#3543 = DIRECTION('',(0.,0.,-1.));
#3544 = ORIENTED_EDGE('',*,*,#3545,.T.);
#3545 = EDGE_CURVE('',#3538,#3546,#3548,.T.);
#3546 = VERTEX_POINT('',#3547);
#3547 = CARTESIAN_POINT('',(-1.8,3.7,0.3));
#3548 = LINE('',#3549,#3550);
#3549 = CARTESIAN_POINT('',(1.8,3.7,0.3));
#3550 = VECTOR('',#3551,1.);
#3551 = DIRECTION('',(-1.,0.,0.));
#3552 = ORIENTED_EDGE('',*,*,#3553,.T.);
#3553 = EDGE_CURVE('',#3546,#3554,#3556,.T.);
#3554 = VERTEX_POINT('',#3555);
#3555 = CARTESIAN_POINT('',(-1.8,3.7,3.));
#3556 = LINE('',#3557,#3558);
#3557 = CARTESIAN_POINT('',(-1.8,3.7,0.3));
#3558 = VECTOR('',#3559,1.);
#3559 = DIRECTION('',(0.,0.,1.));
#3560 = ORIENTED_EDGE('',*,*,#3561,.T.);
#3561 = EDGE_CURVE('',#3554,#3562,#3564,.T.);
#3562 = VERTEX_POINT('',#3563);
#3563 = CARTESIAN_POINT('',(-0.9,3.7,3.9));
#3564 = LINE('',#3565,#3566);
#3565 = CARTESIAN_POINT('',(-1.8,3.7,3.));
#3566 = VECTOR('',#3567,1.);
#3567 = DIRECTION('',(0.707106781187,0.,0.707106781186));
#3568 = ORIENTED_EDGE('',*,*,#3569,.T.);
#3569 = EDGE_CURVE('',#3562,#3570,#3572,.T.);
#3570 = VERTEX_POINT('',#3571);
#3571 = CARTESIAN_POINT('',(0.9,3.7,3.9));
#3572 = LINE('',#3573,#3574);
#3573 = CARTESIAN_POINT('',(-0.9,3.7,3.9));
#3574 = VECTOR('',#3575,1.);
#3575 = DIRECTION('',(1.,0.,0.));
#3576 = ORIENTED_EDGE('',*,*,#3577,.T.);
#3577 = EDGE_CURVE('',#3570,#3536,#3578,.T.);
#3578 = LINE('',#3579,#3580);
#3579 = CARTESIAN_POINT('',(0.9,3.7,3.9));
#3580 = VECTOR('',#3581,1.);
#3581 = DIRECTION('',(0.707106781187,0.,-0.707106781187));
#3582 = FACE_BOUND('',#3583,.T.);
#3583 = EDGE_LOOP('',(#3584,#3585,#3593,#3601));
#3584 = ORIENTED_EDGE('',*,*,#3409,.F.);
#3585 = ORIENTED_EDGE('',*,*,#3586,.T.);
#3586 = EDGE_CURVE('',#3410,#3587,#3589,.T.);
#3587 = VERTEX_POINT('',#3588);
#3588 = CARTESIAN_POINT('',(-0.57,3.7,2.85));
#3589 = LINE('',#3590,#3591);
#3590 = CARTESIAN_POINT('',(0.57,3.7,2.85));
#3591 = VECTOR('',#3592,1.);
#3592 = DIRECTION('',(-1.,0.,0.));
#3593 = ORIENTED_EDGE('',*,*,#3594,.F.);
#3594 = EDGE_CURVE('',#3595,#3587,#3597,.T.);
#3595 = VERTEX_POINT('',#3596);
#3596 = CARTESIAN_POINT('',(-0.57,3.7,1.31));
#3597 = LINE('',#3598,#3599);
#3598 = CARTESIAN_POINT('',(-0.57,3.7,1.31));
#3599 = VECTOR('',#3600,1.);
#3600 = DIRECTION('',(0.,0.,1.));
#3601 = ORIENTED_EDGE('',*,*,#3602,.F.);
#3602 = EDGE_CURVE('',#3412,#3595,#3603,.T.);
#3603 = LINE('',#3604,#3605);
#3604 = CARTESIAN_POINT('',(0.57,3.7,1.31));
#3605 = VECTOR('',#3606,1.);
#3606 = DIRECTION('',(-1.,0.,0.));
#3607 = PLANE('',#3608);
#3608 = AXIS2_PLACEMENT_3D('',#3609,#3610,#3611);
#3609 = CARTESIAN_POINT('',(-6.9,3.7,-4.8));
#3610 = DIRECTION('',(-0.,1.,0.));
#3611 = DIRECTION('',(1.,0.,0.));
#3612 = ADVANCED_FACE('',(#3613,#3647),#3672,.T.);
#3613 = FACE_BOUND('',#3614,.T.);
#3614 = EDGE_LOOP('',(#3615,#3625,#3633,#3641));
#3615 = ORIENTED_EDGE('',*,*,#3616,.T.);
#3616 = EDGE_CURVE('',#3617,#3619,#3621,.T.);
#3617 = VERTEX_POINT('',#3618);
#3618 = CARTESIAN_POINT('',(1.8,3.7,-0.3));
#3619 = VERTEX_POINT('',#3620);
#3620 = CARTESIAN_POINT('',(1.8,3.7,-3.9));
#3621 = LINE('',#3622,#3623);
#3622 = CARTESIAN_POINT('',(1.8,3.7,-0.3));
#3623 = VECTOR('',#3624,1.);
#3624 = DIRECTION('',(0.,0.,-1.));
#3625 = ORIENTED_EDGE('',*,*,#3626,.T.);
#3626 = EDGE_CURVE('',#3619,#3627,#3629,.T.);
#3627 = VERTEX_POINT('',#3628);
#3628 = CARTESIAN_POINT('',(-1.8,3.7,-3.9));
#3629 = LINE('',#3630,#3631);
#3630 = CARTESIAN_POINT('',(1.8,3.7,-3.9));
#3631 = VECTOR('',#3632,1.);
#3632 = DIRECTION('',(-1.,0.,0.));
#3633 = ORIENTED_EDGE('',*,*,#3634,.T.);
#3634 = EDGE_CURVE('',#3627,#3635,#3637,.T.);
#3635 = VERTEX_POINT('',#3636);
#3636 = CARTESIAN_POINT('',(-1.8,3.7,-0.3));
#3637 = LINE('',#3638,#3639);
#3638 = CARTESIAN_POINT('',(-1.8,3.7,-3.9));
#3639 = VECTOR('',#3640,1.);
#3640 = DIRECTION('',(0.,0.,1.));
#3641 = ORIENTED_EDGE('',*,*,#3642,.T.);
#3642 = EDGE_CURVE('',#3635,#3617,#3643,.T.);
#3643 = LINE('',#3644,#3645);
#3644 = CARTESIAN_POINT('',(-1.8,3.7,-0.3));
#3645 = VECTOR('',#3646,1.);
#3646 = DIRECTION('',(1.,0.,0.));
#3647 = FACE_BOUND('',#3648,.T.);
#3648 = EDGE_LOOP('',(#3649,#3650,#3658,#3666));
#3649 = ORIENTED_EDGE('',*,*,#3361,.F.);
#3650 = ORIENTED_EDGE('',*,*,#3651,.T.);
#3651 = EDGE_CURVE('',#3362,#3652,#3654,.T.);
#3652 = VERTEX_POINT('',#3653);
#3653 = CARTESIAN_POINT('',(-0.57,3.7,-1.71));
#3654 = LINE('',#3655,#3656);
#3655 = CARTESIAN_POINT('',(0.57,3.7,-1.71));
#3656 = VECTOR('',#3657,1.);
#3657 = DIRECTION('',(-1.,0.,0.));
#3658 = ORIENTED_EDGE('',*,*,#3659,.F.);
#3659 = EDGE_CURVE('',#3660,#3652,#3662,.T.);
#3660 = VERTEX_POINT('',#3661);
#3661 = CARTESIAN_POINT('',(-0.57,3.7,-3.25));
#3662 = LINE('',#3663,#3664);
#3663 = CARTESIAN_POINT('',(-0.57,3.7,-3.25));
#3664 = VECTOR('',#3665,1.);
#3665 = DIRECTION('',(0.,0.,1.));
#3666 = ORIENTED_EDGE('',*,*,#3667,.F.);
#3667 = EDGE_CURVE('',#3364,#3660,#3668,.T.);
#3668 = LINE('',#3669,#3670);
#3669 = CARTESIAN_POINT('',(0.57,3.7,-3.25));
#3670 = VECTOR('',#3671,1.);
#3671 = DIRECTION('',(-1.,0.,0.));
#3672 = PLANE('',#3673);
#3673 = AXIS2_PLACEMENT_3D('',#3674,#3675,#3676);
#3674 = CARTESIAN_POINT('',(-6.9,3.7,-4.8));
#3675 = DIRECTION('',(-0.,1.,0.));
#3676 = DIRECTION('',(1.,0.,0.));
#3677 = ADVANCED_FACE('',(#3678,#3712),#3746,.T.);
#3678 = FACE_BOUND('',#3679,.T.);
#3679 = EDGE_LOOP('',(#3680,#3690,#3698,#3706));
#3680 = ORIENTED_EDGE('',*,*,#3681,.T.);
#3681 = EDGE_CURVE('',#3682,#3684,#3686,.T.);
#3682 = VERTEX_POINT('',#3683);
#3683 = CARTESIAN_POINT('',(-6.,3.7,-3.9));
#3684 = VERTEX_POINT('',#3685);
#3685 = CARTESIAN_POINT('',(-6.,3.7,-0.3));
#3686 = LINE('',#3687,#3688);
#3687 = CARTESIAN_POINT('',(-6.,3.7,-3.9));
#3688 = VECTOR('',#3689,1.);
#3689 = DIRECTION('',(0.,0.,1.));
#3690 = ORIENTED_EDGE('',*,*,#3691,.T.);
#3691 = EDGE_CURVE('',#3684,#3692,#3694,.T.);
#3692 = VERTEX_POINT('',#3693);
#3693 = CARTESIAN_POINT('',(-2.4,3.7,-0.3));
#3694 = LINE('',#3695,#3696);
#3695 = CARTESIAN_POINT('',(-6.,3.7,-0.3));
#3696 = VECTOR('',#3697,1.);
#3697 = DIRECTION('',(1.,0.,0.));
#3698 = ORIENTED_EDGE('',*,*,#3699,.T.);
#3699 = EDGE_CURVE('',#3692,#3700,#3702,.T.);
#3700 = VERTEX_POINT('',#3701);
#3701 = CARTESIAN_POINT('',(-2.4,3.7,-3.9));
#3702 = LINE('',#3703,#3704);
#3703 = CARTESIAN_POINT('',(-2.4,3.7,-0.3));
#3704 = VECTOR('',#3705,1.);
#3705 = DIRECTION('',(0.,0.,-1.));
#3706 = ORIENTED_EDGE('',*,*,#3707,.T.);
#3707 = EDGE_CURVE('',#3700,#3682,#3708,.T.);
#3708 = LINE('',#3709,#3710);
#3709 = CARTESIAN_POINT('',(-2.4,3.7,-3.9));
#3710 = VECTOR('',#3711,1.);
#3711 = DIRECTION('',(-1.,0.,0.));
#3712 = FACE_BOUND('',#3713,.T.);
#3713 = EDGE_LOOP('',(#3714,#3724,#3732,#3740));
#3714 = ORIENTED_EDGE('',*,*,#3715,.F.);
#3715 = EDGE_CURVE('',#3716,#3718,#3720,.T.);
#3716 = VERTEX_POINT('',#3717);
#3717 = CARTESIAN_POINT('',(-3.63,3.7,-1.71));
#3718 = VERTEX_POINT('',#3719);
#3719 = CARTESIAN_POINT('',(-3.63,3.7,-3.25));
#3720 = LINE('',#3721,#3722);
#3721 = CARTESIAN_POINT('',(-3.63,3.7,-1.71));
#3722 = VECTOR('',#3723,1.);
#3723 = DIRECTION('',(0.,0.,-1.));
#3724 = ORIENTED_EDGE('',*,*,#3725,.T.);
#3725 = EDGE_CURVE('',#3716,#3726,#3728,.T.);
#3726 = VERTEX_POINT('',#3727);
#3727 = CARTESIAN_POINT('',(-4.77,3.7,-1.71));
#3728 = LINE('',#3729,#3730);
#3729 = CARTESIAN_POINT('',(-3.63,3.7,-1.71));
#3730 = VECTOR('',#3731,1.);
#3731 = DIRECTION('',(-1.,0.,0.));
#3732 = ORIENTED_EDGE('',*,*,#3733,.F.);
#3733 = EDGE_CURVE('',#3734,#3726,#3736,.T.);
#3734 = VERTEX_POINT('',#3735);
#3735 = CARTESIAN_POINT('',(-4.77,3.7,-3.25));
#3736 = LINE('',#3737,#3738);
#3737 = CARTESIAN_POINT('',(-4.77,3.7,-3.25));
#3738 = VECTOR('',#3739,1.);
#3739 = DIRECTION('',(0.,0.,1.));
#3740 = ORIENTED_EDGE('',*,*,#3741,.F.);
#3741 = EDGE_CURVE('',#3718,#3734,#3742,.T.);
#3742 = LINE('',#3743,#3744);
#3743 = CARTESIAN_POINT('',(-3.63,3.7,-3.25));
#3744 = VECTOR('',#3745,1.);
#3745 = DIRECTION('',(-1.,0.,0.));
#3746 = PLANE('',#3747);
#3747 = AXIS2_PLACEMENT_3D('',#3748,#3749,#3750);
#3748 = CARTESIAN_POINT('',(-6.9,3.7,-4.8));
#3749 = DIRECTION('',(-0.,1.,0.));
#3750 = DIRECTION('',(1.,0.,0.));
#3751 = ADVANCED_FACE('',(#3752,#3802),#3836,.T.);
#3752 = FACE_BOUND('',#3753,.T.);
#3753 = EDGE_LOOP('',(#3754,#3764,#3772,#3780,#3788,#3796));
#3754 = ORIENTED_EDGE('',*,*,#3755,.T.);
#3755 = EDGE_CURVE('',#3756,#3758,#3760,.T.);
#3756 = VERTEX_POINT('',#3757);
#3757 = CARTESIAN_POINT('',(-6.,3.7,0.3));
#3758 = VERTEX_POINT('',#3759);
#3759 = CARTESIAN_POINT('',(-6.,3.7,3.));
#3760 = LINE('',#3761,#3762);
#3761 = CARTESIAN_POINT('',(-6.,3.7,0.3));
#3762 = VECTOR('',#3763,1.);
#3763 = DIRECTION('',(0.,0.,1.));
#3764 = ORIENTED_EDGE('',*,*,#3765,.T.);
#3765 = EDGE_CURVE('',#3758,#3766,#3768,.T.);
#3766 = VERTEX_POINT('',#3767);
#3767 = CARTESIAN_POINT('',(-5.1,3.7,3.9));
#3768 = LINE('',#3769,#3770);
#3769 = CARTESIAN_POINT('',(-6.,3.7,3.));
#3770 = VECTOR('',#3771,1.);
#3771 = DIRECTION('',(0.707106781187,0.,0.707106781187));
#3772 = ORIENTED_EDGE('',*,*,#3773,.T.);
#3773 = EDGE_CURVE('',#3766,#3774,#3776,.T.);
#3774 = VERTEX_POINT('',#3775);
#3775 = CARTESIAN_POINT('',(-3.3,3.7,3.9));
#3776 = LINE('',#3777,#3778);
#3777 = CARTESIAN_POINT('',(-5.1,3.7,3.9));
#3778 = VECTOR('',#3779,1.);
#3779 = DIRECTION('',(1.,0.,0.));
#3780 = ORIENTED_EDGE('',*,*,#3781,.T.);
#3781 = EDGE_CURVE('',#3774,#3782,#3784,.T.);
#3782 = VERTEX_POINT('',#3783);
#3783 = CARTESIAN_POINT('',(-2.4,3.7,3.));
#3784 = LINE('',#3785,#3786);
#3785 = CARTESIAN_POINT('',(-3.3,3.7,3.9));
#3786 = VECTOR('',#3787,1.);
#3787 = DIRECTION('',(0.707106781187,0.,-0.707106781187));
#3788 = ORIENTED_EDGE('',*,*,#3789,.T.);
#3789 = EDGE_CURVE('',#3782,#3790,#3792,.T.);
#3790 = VERTEX_POINT('',#3791);
#3791 = CARTESIAN_POINT('',(-2.4,3.7,0.3));
#3792 = LINE('',#3793,#3794);
#3793 = CARTESIAN_POINT('',(-2.4,3.7,3.));
#3794 = VECTOR('',#3795,1.);
#3795 = DIRECTION('',(0.,0.,-1.));
#3796 = ORIENTED_EDGE('',*,*,#3797,.T.);
#3797 = EDGE_CURVE('',#3790,#3756,#3798,.T.);
#3798 = LINE('',#3799,#3800);
#3799 = CARTESIAN_POINT('',(-2.4,3.7,0.3));
#3800 = VECTOR('',#3801,1.);
#3801 = DIRECTION('',(-1.,0.,0.));
#3802 = FACE_BOUND('',#3803,.T.);
#3803 = EDGE_LOOP('',(#3804,#3814,#3822,#3830));
#3804 = ORIENTED_EDGE('',*,*,#3805,.F.);
#3805 = EDGE_CURVE('',#3806,#3808,#3810,.T.);
#3806 = VERTEX_POINT('',#3807);
#3807 = CARTESIAN_POINT('',(-3.63,3.7,2.85));
#3808 = VERTEX_POINT('',#3809);
#3809 = CARTESIAN_POINT('',(-3.63,3.7,1.31));
#3810 = LINE('',#3811,#3812);
#3811 = CARTESIAN_POINT('',(-3.63,3.7,2.85));
#3812 = VECTOR('',#3813,1.);
#3813 = DIRECTION('',(0.,0.,-1.));
#3814 = ORIENTED_EDGE('',*,*,#3815,.T.);
#3815 = EDGE_CURVE('',#3806,#3816,#3818,.T.);
#3816 = VERTEX_POINT('',#3817);
#3817 = CARTESIAN_POINT('',(-4.77,3.7,2.85));
#3818 = LINE('',#3819,#3820);
#3819 = CARTESIAN_POINT('',(-3.63,3.7,2.85));
#3820 = VECTOR('',#3821,1.);
#3821 = DIRECTION('',(-1.,0.,0.));
#3822 = ORIENTED_EDGE('',*,*,#3823,.F.);
#3823 = EDGE_CURVE('',#3824,#3816,#3826,.T.);
#3824 = VERTEX_POINT('',#3825);
#3825 = CARTESIAN_POINT('',(-4.77,3.7,1.31));
#3826 = LINE('',#3827,#3828);
#3827 = CARTESIAN_POINT('',(-4.77,3.7,1.31));
#3828 = VECTOR('',#3829,1.);
#3829 = DIRECTION('',(0.,0.,1.));
#3830 = ORIENTED_EDGE('',*,*,#3831,.F.);
#3831 = EDGE_CURVE('',#3808,#3824,#3832,.T.);
#3832 = LINE('',#3833,#3834);
#3833 = CARTESIAN_POINT('',(-3.63,3.7,1.31));
#3834 = VECTOR('',#3835,1.);
#3835 = DIRECTION('',(-1.,0.,0.));
#3836 = PLANE('',#3837);
#3837 = AXIS2_PLACEMENT_3D('',#3838,#3839,#3840);
#3838 = CARTESIAN_POINT('',(-6.9,3.7,-4.8));
#3839 = DIRECTION('',(-0.,1.,0.));
#3840 = DIRECTION('',(1.,0.,0.));
#3841 = ADVANCED_FACE('',(#3842),#3858,.F.);
#3842 = FACE_BOUND('',#3843,.T.);
#3843 = EDGE_LOOP('',(#3844,#3845,#3851,#3852));
#3844 = ORIENTED_EDGE('',*,*,#2828,.T.);
#3845 = ORIENTED_EDGE('',*,*,#3846,.T.);
#3846 = EDGE_CURVE('',#2831,#3538,#3847,.T.);
#3847 = LINE('',#3848,#3849);
#3848 = CARTESIAN_POINT('',(1.8,12.8,0.3));
#3849 = VECTOR('',#3850,1.);
#3850 = DIRECTION('',(0.,-1.,0.));
#3851 = ORIENTED_EDGE('',*,*,#3535,.F.);
#3852 = ORIENTED_EDGE('',*,*,#3853,.F.);
#3853 = EDGE_CURVE('',#2829,#3536,#3854,.T.);
#3854 = LINE('',#3855,#3856);
#3855 = CARTESIAN_POINT('',(1.8,12.8,3.));
#3856 = VECTOR('',#3857,1.);
#3857 = DIRECTION('',(0.,-1.,0.));
#3858 = PLANE('',#3859);
#3859 = AXIS2_PLACEMENT_3D('',#3860,#3861,#3862);
#3860 = CARTESIAN_POINT('',(1.8,12.8,3.));
#3861 = DIRECTION('',(1.,0.,0.));
#3862 = DIRECTION('',(-0.,1.,0.));
#3863 = ADVANCED_FACE('',(#3864),#3875,.F.);
#3864 = FACE_BOUND('',#3865,.T.);
#3865 = EDGE_LOOP('',(#3866,#3867,#3868,#3869));
#3866 = ORIENTED_EDGE('',*,*,#2838,.T.);
#3867 = ORIENTED_EDGE('',*,*,#3853,.T.);
#3868 = ORIENTED_EDGE('',*,*,#3577,.F.);
#3869 = ORIENTED_EDGE('',*,*,#3870,.F.);
#3870 = EDGE_CURVE('',#2839,#3570,#3871,.T.);
#3871 = LINE('',#3872,#3873);
#3872 = CARTESIAN_POINT('',(0.9,12.8,3.9));
#3873 = VECTOR('',#3874,1.);
#3874 = DIRECTION('',(0.,-1.,0.));
#3875 = PLANE('',#3876);
#3876 = AXIS2_PLACEMENT_3D('',#3877,#3878,#3879);
#3877 = CARTESIAN_POINT('',(0.9,12.8,3.9));
#3878 = DIRECTION('',(0.707106781187,0.,0.707106781187));
#3879 = DIRECTION('',(0.,-1.,0.));
#3880 = ADVANCED_FACE('',(#3881),#3892,.F.);
#3881 = FACE_BOUND('',#3882,.T.);
#3882 = EDGE_LOOP('',(#3883,#3884,#3885,#3886));
#3883 = ORIENTED_EDGE('',*,*,#2846,.T.);
#3884 = ORIENTED_EDGE('',*,*,#3870,.T.);
#3885 = ORIENTED_EDGE('',*,*,#3569,.F.);
#3886 = ORIENTED_EDGE('',*,*,#3887,.F.);
#3887 = EDGE_CURVE('',#2847,#3562,#3888,.T.);
#3888 = LINE('',#3889,#3890);
#3889 = CARTESIAN_POINT('',(-0.9,12.8,3.9));
#3890 = VECTOR('',#3891,1.);
#3891 = DIRECTION('',(0.,-1.,0.));
#3892 = PLANE('',#3893);
#3893 = AXIS2_PLACEMENT_3D('',#3894,#3895,#3896);
#3894 = CARTESIAN_POINT('',(-0.9,12.8,3.9));
#3895 = DIRECTION('',(0.,0.,1.));
#3896 = DIRECTION('',(1.,0.,-0.));
#3897 = ADVANCED_FACE('',(#3898),#3909,.F.);
#3898 = FACE_BOUND('',#3899,.T.);
#3899 = EDGE_LOOP('',(#3900,#3901,#3902,#3903));
#3900 = ORIENTED_EDGE('',*,*,#2854,.T.);
#3901 = ORIENTED_EDGE('',*,*,#3887,.T.);
#3902 = ORIENTED_EDGE('',*,*,#3561,.F.);
#3903 = ORIENTED_EDGE('',*,*,#3904,.F.);
#3904 = EDGE_CURVE('',#2855,#3554,#3905,.T.);
#3905 = LINE('',#3906,#3907);
#3906 = CARTESIAN_POINT('',(-1.8,12.8,3.));
#3907 = VECTOR('',#3908,1.);
#3908 = DIRECTION('',(0.,-1.,0.));
#3909 = PLANE('',#3910);
#3910 = AXIS2_PLACEMENT_3D('',#3911,#3912,#3913);
#3911 = CARTESIAN_POINT('',(-1.8,12.8,3.));
#3912 = DIRECTION('',(-0.707106781186,0.,0.707106781187));
#3913 = DIRECTION('',(0.,1.,0.));
#3914 = ADVANCED_FACE('',(#3915),#3926,.F.);
#3915 = FACE_BOUND('',#3916,.T.);
#3916 = EDGE_LOOP('',(#3917,#3918,#3919,#3920));
#3917 = ORIENTED_EDGE('',*,*,#2862,.T.);
#3918 = ORIENTED_EDGE('',*,*,#3904,.T.);
#3919 = ORIENTED_EDGE('',*,*,#3553,.F.);
#3920 = ORIENTED_EDGE('',*,*,#3921,.F.);
#3921 = EDGE_CURVE('',#2863,#3546,#3922,.T.);
#3922 = LINE('',#3923,#3924);
#3923 = CARTESIAN_POINT('',(-1.8,12.8,0.3));
#3924 = VECTOR('',#3925,1.);
#3925 = DIRECTION('',(0.,-1.,0.));
#3926 = PLANE('',#3927);
#3927 = AXIS2_PLACEMENT_3D('',#3928,#3929,#3930);
#3928 = CARTESIAN_POINT('',(-1.8,12.8,0.3));
#3929 = DIRECTION('',(-1.,0.,0.));
#3930 = DIRECTION('',(0.,0.,1.));
#3931 = ADVANCED_FACE('',(#3932),#3938,.F.);
#3932 = FACE_BOUND('',#3933,.T.);
#3933 = EDGE_LOOP('',(#3934,#3935,#3936,#3937));
#3934 = ORIENTED_EDGE('',*,*,#2870,.T.);
#3935 = ORIENTED_EDGE('',*,*,#3921,.T.);
#3936 = ORIENTED_EDGE('',*,*,#3545,.F.);
#3937 = ORIENTED_EDGE('',*,*,#3846,.F.);
#3938 = PLANE('',#3939);
#3939 = AXIS2_PLACEMENT_3D('',#3940,#3941,#3942);
#3940 = CARTESIAN_POINT('',(1.8,12.8,0.3));
#3941 = DIRECTION('',(0.,0.,-1.));
#3942 = DIRECTION('',(0.,-1.,0.));
#3943 = ADVANCED_FACE('',(#3944),#3960,.F.);
#3944 = FACE_BOUND('',#3945,.T.);
#3945 = EDGE_LOOP('',(#3946,#3947,#3953,#3954));
#3946 = ORIENTED_EDGE('',*,*,#2878,.T.);
#3947 = ORIENTED_EDGE('',*,*,#3948,.T.);
#3948 = EDGE_CURVE('',#2881,#3619,#3949,.T.);
#3949 = LINE('',#3950,#3951);
#3950 = CARTESIAN_POINT('',(1.8,12.8,-3.9));
#3951 = VECTOR('',#3952,1.);
#3952 = DIRECTION('',(0.,-1.,0.));
#3953 = ORIENTED_EDGE('',*,*,#3616,.F.);
#3954 = ORIENTED_EDGE('',*,*,#3955,.F.);
#3955 = EDGE_CURVE('',#2879,#3617,#3956,.T.);
#3956 = LINE('',#3957,#3958);
#3957 = CARTESIAN_POINT('',(1.8,12.8,-0.3));
#3958 = VECTOR('',#3959,1.);
#3959 = DIRECTION('',(0.,-1.,0.));
#3960 = PLANE('',#3961);
#3961 = AXIS2_PLACEMENT_3D('',#3962,#3963,#3964);
#3962 = CARTESIAN_POINT('',(1.8,12.8,-0.3));
#3963 = DIRECTION('',(1.,0.,0.));
#3964 = DIRECTION('',(-0.,1.,0.));
#3965 = ADVANCED_FACE('',(#3966),#3977,.F.);
#3966 = FACE_BOUND('',#3967,.T.);
#3967 = EDGE_LOOP('',(#3968,#3969,#3970,#3971));
#3968 = ORIENTED_EDGE('',*,*,#2888,.T.);
#3969 = ORIENTED_EDGE('',*,*,#3955,.T.);
#3970 = ORIENTED_EDGE('',*,*,#3642,.F.);
#3971 = ORIENTED_EDGE('',*,*,#3972,.F.);
#3972 = EDGE_CURVE('',#2889,#3635,#3973,.T.);
#3973 = LINE('',#3974,#3975);
#3974 = CARTESIAN_POINT('',(-1.8,12.8,-0.3));
#3975 = VECTOR('',#3976,1.);
#3976 = DIRECTION('',(0.,-1.,0.));
#3977 = PLANE('',#3978);
#3978 = AXIS2_PLACEMENT_3D('',#3979,#3980,#3981);
#3979 = CARTESIAN_POINT('',(-1.8,12.8,-0.3));
#3980 = DIRECTION('',(0.,0.,1.));
#3981 = DIRECTION('',(1.,0.,-0.));
#3982 = ADVANCED_FACE('',(#3983),#3994,.F.);
#3983 = FACE_BOUND('',#3984,.T.);
#3984 = EDGE_LOOP('',(#3985,#3986,#3987,#3988));
#3985 = ORIENTED_EDGE('',*,*,#2896,.T.);
#3986 = ORIENTED_EDGE('',*,*,#3972,.T.);
#3987 = ORIENTED_EDGE('',*,*,#3634,.F.);
#3988 = ORIENTED_EDGE('',*,*,#3989,.F.);
#3989 = EDGE_CURVE('',#2897,#3627,#3990,.T.);
#3990 = LINE('',#3991,#3992);
#3991 = CARTESIAN_POINT('',(-1.8,12.8,-3.9));
#3992 = VECTOR('',#3993,1.);
#3993 = DIRECTION('',(0.,-1.,0.));
#3994 = PLANE('',#3995);
#3995 = AXIS2_PLACEMENT_3D('',#3996,#3997,#3998);
#3996 = CARTESIAN_POINT('',(-1.8,12.8,-3.9));
#3997 = DIRECTION('',(-1.,0.,0.));
#3998 = DIRECTION('',(0.,0.,1.));
#3999 = ADVANCED_FACE('',(#4000),#4006,.F.);
#4000 = FACE_BOUND('',#4001,.T.);
#4001 = EDGE_LOOP('',(#4002,#4003,#4004,#4005));
#4002 = ORIENTED_EDGE('',*,*,#2904,.T.);
#4003 = ORIENTED_EDGE('',*,*,#3989,.T.);
#4004 = ORIENTED_EDGE('',*,*,#3626,.F.);
#4005 = ORIENTED_EDGE('',*,*,#3948,.F.);
#4006 = PLANE('',#4007);
#4007 = AXIS2_PLACEMENT_3D('',#4008,#4009,#4010);
#4008 = CARTESIAN_POINT('',(1.8,12.8,-3.9));
#4009 = DIRECTION('',(0.,0.,-1.));
#4010 = DIRECTION('',(0.,-1.,0.));
#4011 = ADVANCED_FACE('',(#4012),#4028,.F.);
#4012 = FACE_BOUND('',#4013,.T.);
#4013 = EDGE_LOOP('',(#4014,#4015,#4021,#4022));
#4014 = ORIENTED_EDGE('',*,*,#2744,.T.);
#4015 = ORIENTED_EDGE('',*,*,#4016,.T.);
#4016 = EDGE_CURVE('',#2747,#3684,#4017,.T.);
#4017 = LINE('',#4018,#4019);
#4018 = CARTESIAN_POINT('',(-6.,12.8,-0.3));
#4019 = VECTOR('',#4020,1.);
#4020 = DIRECTION('',(0.,-1.,0.));
#4021 = ORIENTED_EDGE('',*,*,#3681,.F.);
#4022 = ORIENTED_EDGE('',*,*,#4023,.F.);
#4023 = EDGE_CURVE('',#2745,#3682,#4024,.T.);
#4024 = LINE('',#4025,#4026);
#4025 = CARTESIAN_POINT('',(-6.,12.8,-3.9));
#4026 = VECTOR('',#4027,1.);
#4027 = DIRECTION('',(0.,-1.,0.));
#4028 = PLANE('',#4029);
#4029 = AXIS2_PLACEMENT_3D('',#4030,#4031,#4032);
#4030 = CARTESIAN_POINT('',(-6.,12.8,-3.9));
#4031 = DIRECTION('',(-1.,0.,0.));
#4032 = DIRECTION('',(0.,0.,1.));
#4033 = ADVANCED_FACE('',(#4034),#4045,.F.);
#4034 = FACE_BOUND('',#4035,.T.);
#4035 = EDGE_LOOP('',(#4036,#4037,#4038,#4039));
#4036 = ORIENTED_EDGE('',*,*,#2754,.T.);
#4037 = ORIENTED_EDGE('',*,*,#4023,.T.);
#4038 = ORIENTED_EDGE('',*,*,#3707,.F.);
#4039 = ORIENTED_EDGE('',*,*,#4040,.F.);
#4040 = EDGE_CURVE('',#2755,#3700,#4041,.T.);
#4041 = LINE('',#4042,#4043);
#4042 = CARTESIAN_POINT('',(-2.4,12.8,-3.9));
#4043 = VECTOR('',#4044,1.);
#4044 = DIRECTION('',(0.,-1.,0.));
#4045 = PLANE('',#4046);
#4046 = AXIS2_PLACEMENT_3D('',#4047,#4048,#4049);
#4047 = CARTESIAN_POINT('',(-2.4,12.8,-3.9));
#4048 = DIRECTION('',(0.,0.,-1.));
#4049 = DIRECTION('',(0.,-1.,0.));
#4050 = ADVANCED_FACE('',(#4051),#4062,.F.);
#4051 = FACE_BOUND('',#4052,.T.);
#4052 = EDGE_LOOP('',(#4053,#4054,#4055,#4056));
#4053 = ORIENTED_EDGE('',*,*,#2762,.T.);
#4054 = ORIENTED_EDGE('',*,*,#4040,.T.);
#4055 = ORIENTED_EDGE('',*,*,#3699,.F.);
#4056 = ORIENTED_EDGE('',*,*,#4057,.F.);
#4057 = EDGE_CURVE('',#2763,#3692,#4058,.T.);
#4058 = LINE('',#4059,#4060);
#4059 = CARTESIAN_POINT('',(-2.4,12.8,-0.3));
#4060 = VECTOR('',#4061,1.);
#4061 = DIRECTION('',(0.,-1.,0.));
#4062 = PLANE('',#4063);
#4063 = AXIS2_PLACEMENT_3D('',#4064,#4065,#4066);
#4064 = CARTESIAN_POINT('',(-2.4,12.8,-0.3));
#4065 = DIRECTION('',(1.,0.,0.));
#4066 = DIRECTION('',(-0.,1.,0.));
#4067 = ADVANCED_FACE('',(#4068),#4074,.F.);
#4068 = FACE_BOUND('',#4069,.T.);
#4069 = EDGE_LOOP('',(#4070,#4071,#4072,#4073));
#4070 = ORIENTED_EDGE('',*,*,#2770,.T.);
#4071 = ORIENTED_EDGE('',*,*,#4057,.T.);
#4072 = ORIENTED_EDGE('',*,*,#3691,.F.);
#4073 = ORIENTED_EDGE('',*,*,#4016,.F.);
#4074 = PLANE('',#4075);
#4075 = AXIS2_PLACEMENT_3D('',#4076,#4077,#4078);
#4076 = CARTESIAN_POINT('',(-6.,12.8,-0.3));
#4077 = DIRECTION('',(0.,0.,1.));
#4078 = DIRECTION('',(1.,0.,-0.));
#4079 = ADVANCED_FACE('',(#4080),#4096,.F.);
#4080 = FACE_BOUND('',#4081,.T.);
#4081 = EDGE_LOOP('',(#4082,#4083,#4089,#4090));
#4082 = ORIENTED_EDGE('',*,*,#2778,.T.);
#4083 = ORIENTED_EDGE('',*,*,#4084,.T.);
#4084 = EDGE_CURVE('',#2781,#3758,#4085,.T.);
#4085 = LINE('',#4086,#4087);
#4086 = CARTESIAN_POINT('',(-6.,12.8,3.));
#4087 = VECTOR('',#4088,1.);
#4088 = DIRECTION('',(0.,-1.,0.));
#4089 = ORIENTED_EDGE('',*,*,#3755,.F.);
#4090 = ORIENTED_EDGE('',*,*,#4091,.F.);
#4091 = EDGE_CURVE('',#2779,#3756,#4092,.T.);
#4092 = LINE('',#4093,#4094);
#4093 = CARTESIAN_POINT('',(-6.,12.8,0.3));
#4094 = VECTOR('',#4095,1.);
#4095 = DIRECTION('',(0.,-1.,0.));
#4096 = PLANE('',#4097);
#4097 = AXIS2_PLACEMENT_3D('',#4098,#4099,#4100);
#4098 = CARTESIAN_POINT('',(-6.,12.8,0.3));
#4099 = DIRECTION('',(-1.,0.,0.));
#4100 = DIRECTION('',(0.,0.,1.));
#4101 = ADVANCED_FACE('',(#4102),#4113,.F.);
#4102 = FACE_BOUND('',#4103,.T.);
#4103 = EDGE_LOOP('',(#4104,#4105,#4106,#4107));
#4104 = ORIENTED_EDGE('',*,*,#2788,.T.);
#4105 = ORIENTED_EDGE('',*,*,#4091,.T.);
#4106 = ORIENTED_EDGE('',*,*,#3797,.F.);
#4107 = ORIENTED_EDGE('',*,*,#4108,.F.);
#4108 = EDGE_CURVE('',#2789,#3790,#4109,.T.);
#4109 = LINE('',#4110,#4111);
#4110 = CARTESIAN_POINT('',(-2.4,12.8,0.3));
#4111 = VECTOR('',#4112,1.);
#4112 = DIRECTION('',(0.,-1.,0.));
#4113 = PLANE('',#4114);
#4114 = AXIS2_PLACEMENT_3D('',#4115,#4116,#4117);
#4115 = CARTESIAN_POINT('',(-2.4,12.8,0.3));
#4116 = DIRECTION('',(0.,0.,-1.));
#4117 = DIRECTION('',(0.,-1.,0.));
#4118 = ADVANCED_FACE('',(#4119),#4130,.F.);
#4119 = FACE_BOUND('',#4120,.T.);
#4120 = EDGE_LOOP('',(#4121,#4122,#4123,#4124));
#4121 = ORIENTED_EDGE('',*,*,#2796,.T.);
#4122 = ORIENTED_EDGE('',*,*,#4108,.T.);
#4123 = ORIENTED_EDGE('',*,*,#3789,.F.);
#4124 = ORIENTED_EDGE('',*,*,#4125,.F.);
#4125 = EDGE_CURVE('',#2797,#3782,#4126,.T.);
#4126 = LINE('',#4127,#4128);
#4127 = CARTESIAN_POINT('',(-2.4,12.8,3.));
#4128 = VECTOR('',#4129,1.);
#4129 = DIRECTION('',(0.,-1.,0.));
#4130 = PLANE('',#4131);
#4131 = AXIS2_PLACEMENT_3D('',#4132,#4133,#4134);
#4132 = CARTESIAN_POINT('',(-2.4,12.8,3.));
#4133 = DIRECTION('',(1.,0.,0.));
#4134 = DIRECTION('',(-0.,1.,0.));
#4135 = ADVANCED_FACE('',(#4136),#4147,.F.);
#4136 = FACE_BOUND('',#4137,.T.);
#4137 = EDGE_LOOP('',(#4138,#4139,#4140,#4141));
#4138 = ORIENTED_EDGE('',*,*,#2804,.T.);
#4139 = ORIENTED_EDGE('',*,*,#4125,.T.);
#4140 = ORIENTED_EDGE('',*,*,#3781,.F.);
#4141 = ORIENTED_EDGE('',*,*,#4142,.F.);
#4142 = EDGE_CURVE('',#2805,#3774,#4143,.T.);
#4143 = LINE('',#4144,#4145);
#4144 = CARTESIAN_POINT('',(-3.3,12.8,3.9));
#4145 = VECTOR('',#4146,1.);
#4146 = DIRECTION('',(0.,-1.,0.));
#4147 = PLANE('',#4148);
#4148 = AXIS2_PLACEMENT_3D('',#4149,#4150,#4151);
#4149 = CARTESIAN_POINT('',(-3.3,12.8,3.9));
#4150 = DIRECTION('',(0.707106781186,0.,0.707106781187));
#4151 = DIRECTION('',(0.,-1.,0.));
#4152 = ADVANCED_FACE('',(#4153),#4164,.F.);
#4153 = FACE_BOUND('',#4154,.T.);
#4154 = EDGE_LOOP('',(#4155,#4156,#4157,#4158));
#4155 = ORIENTED_EDGE('',*,*,#2812,.T.);
#4156 = ORIENTED_EDGE('',*,*,#4142,.T.);
#4157 = ORIENTED_EDGE('',*,*,#3773,.F.);
#4158 = ORIENTED_EDGE('',*,*,#4159,.F.);
#4159 = EDGE_CURVE('',#2813,#3766,#4160,.T.);
#4160 = LINE('',#4161,#4162);
#4161 = CARTESIAN_POINT('',(-5.1,12.8,3.9));
#4162 = VECTOR('',#4163,1.);
#4163 = DIRECTION('',(0.,-1.,0.));
#4164 = PLANE('',#4165);
#4165 = AXIS2_PLACEMENT_3D('',#4166,#4167,#4168);
#4166 = CARTESIAN_POINT('',(-5.1,12.8,3.9));
#4167 = DIRECTION('',(0.,0.,1.));
#4168 = DIRECTION('',(1.,0.,-0.));
#4169 = ADVANCED_FACE('',(#4170),#4176,.F.);
#4170 = FACE_BOUND('',#4171,.T.);
#4171 = EDGE_LOOP('',(#4172,#4173,#4174,#4175));
#4172 = ORIENTED_EDGE('',*,*,#2820,.T.);
#4173 = ORIENTED_EDGE('',*,*,#4159,.T.);
#4174 = ORIENTED_EDGE('',*,*,#3765,.F.);
#4175 = ORIENTED_EDGE('',*,*,#4084,.F.);
#4176 = PLANE('',#4177);
#4177 = AXIS2_PLACEMENT_3D('',#4178,#4179,#4180);
#4178 = CARTESIAN_POINT('',(-6.,12.8,3.));
#4179 = DIRECTION('',(-0.707106781186,0.,0.707106781187));
#4180 = DIRECTION('',(0.,1.,0.));
#4181 = ADVANCED_FACE('',(#4182),#4200,.T.);
#4182 = FACE_BOUND('',#4183,.T.);
#4183 = EDGE_LOOP('',(#4184,#4185,#4193,#4199));
#4184 = ORIENTED_EDGE('',*,*,#3667,.T.);
#4185 = ORIENTED_EDGE('',*,*,#4186,.F.);
#4186 = EDGE_CURVE('',#4187,#3660,#4189,.T.);
#4187 = VERTEX_POINT('',#4188);
#4188 = CARTESIAN_POINT('',(-0.57,4.3,-2.85));
#4189 = LINE('',#4190,#4191);
#4190 = CARTESIAN_POINT('',(-0.57,4.3,-2.85));
#4191 = VECTOR('',#4192,1.);
#4192 = DIRECTION('',(0.,-0.832050294338,-0.554700196225));
#4193 = ORIENTED_EDGE('',*,*,#4194,.F.);
#4194 = EDGE_CURVE('',#3372,#4187,#4195,.T.);
#4195 = LINE('',#4196,#4197);
#4196 = CARTESIAN_POINT('',(0.57,4.3,-2.85));
#4197 = VECTOR('',#4198,1.);
#4198 = DIRECTION('',(-1.,0.,0.));
#4199 = ORIENTED_EDGE('',*,*,#3371,.T.);
#4200 = PLANE('',#4201);
#4201 = AXIS2_PLACEMENT_3D('',#4202,#4203,#4204);
#4202 = CARTESIAN_POINT('',(0.57,4.3,-2.85));
#4203 = DIRECTION('',(0.,0.554700196225,-0.832050294338));
#4204 = DIRECTION('',(-1.,0.,0.));
#4205 = ADVANCED_FACE('',(#4206),#4224,.T.);
#4206 = FACE_BOUND('',#4207,.T.);
#4207 = EDGE_LOOP('',(#4208,#4209,#4210,#4218));
#4208 = ORIENTED_EDGE('',*,*,#3379,.T.);
#4209 = ORIENTED_EDGE('',*,*,#4194,.T.);
#4210 = ORIENTED_EDGE('',*,*,#4211,.F.);
#4211 = EDGE_CURVE('',#4212,#4187,#4214,.T.);
#4212 = VERTEX_POINT('',#4213);
#4213 = CARTESIAN_POINT('',(-0.57,9.2,-2.85));
#4214 = LINE('',#4215,#4216);
#4215 = CARTESIAN_POINT('',(-0.57,9.2,-2.85));
#4216 = VECTOR('',#4217,1.);
#4217 = DIRECTION('',(0.,-1.,0.));
#4218 = ORIENTED_EDGE('',*,*,#4219,.F.);
#4219 = EDGE_CURVE('',#3380,#4212,#4220,.T.);
#4220 = LINE('',#4221,#4222);
#4221 = CARTESIAN_POINT('',(0.57,9.2,-2.85));
#4222 = VECTOR('',#4223,1.);
#4223 = DIRECTION('',(-1.,0.,0.));
#4224 = PLANE('',#4225);
#4225 = AXIS2_PLACEMENT_3D('',#4226,#4227,#4228);
#4226 = CARTESIAN_POINT('',(0.57,9.2,-2.85));
#4227 = DIRECTION('',(0.,0.,-1.));
#4228 = DIRECTION('',(0.,-1.,0.));
#4229 = ADVANCED_FACE('',(#4230),#4248,.T.);
#4230 = FACE_BOUND('',#4231,.T.);
#4231 = EDGE_LOOP('',(#4232,#4233,#4234,#4242));
#4232 = ORIENTED_EDGE('',*,*,#3387,.T.);
#4233 = ORIENTED_EDGE('',*,*,#4219,.T.);
#4234 = ORIENTED_EDGE('',*,*,#4235,.F.);
#4235 = EDGE_CURVE('',#4236,#4212,#4238,.T.);
#4236 = VERTEX_POINT('',#4237);
#4237 = CARTESIAN_POINT('',(-0.57,9.2,-1.71));
#4238 = LINE('',#4239,#4240);
#4239 = CARTESIAN_POINT('',(-0.57,9.2,-1.71));
#4240 = VECTOR('',#4241,1.);
#4241 = DIRECTION('',(0.,0.,-1.));
#4242 = ORIENTED_EDGE('',*,*,#4243,.F.);
#4243 = EDGE_CURVE('',#3388,#4236,#4244,.T.);
#4244 = LINE('',#4245,#4246);
#4245 = CARTESIAN_POINT('',(0.57,9.2,-1.71));
#4246 = VECTOR('',#4247,1.);
#4247 = DIRECTION('',(-1.,0.,0.));
#4248 = PLANE('',#4249);
#4249 = AXIS2_PLACEMENT_3D('',#4250,#4251,#4252);
#4250 = CARTESIAN_POINT('',(0.57,9.2,-1.71));
#4251 = DIRECTION('',(-0.,1.,0.));
#4252 = DIRECTION('',(1.,0.,0.));
#4253 = ADVANCED_FACE('',(#4254),#4265,.T.);
#4254 = FACE_BOUND('',#4255,.T.);
#4255 = EDGE_LOOP('',(#4256,#4257,#4258,#4259));
#4256 = ORIENTED_EDGE('',*,*,#3651,.F.);
#4257 = ORIENTED_EDGE('',*,*,#3395,.T.);
#4258 = ORIENTED_EDGE('',*,*,#4243,.T.);
#4259 = ORIENTED_EDGE('',*,*,#4260,.F.);
#4260 = EDGE_CURVE('',#3652,#4236,#4261,.T.);
#4261 = LINE('',#4262,#4263);
#4262 = CARTESIAN_POINT('',(-0.57,3.7,-1.71));
#4263 = VECTOR('',#4264,1.);
#4264 = DIRECTION('',(0.,1.,0.));
#4265 = PLANE('',#4266);
#4266 = AXIS2_PLACEMENT_3D('',#4267,#4268,#4269);
#4267 = CARTESIAN_POINT('',(0.57,3.7,-1.71));
#4268 = DIRECTION('',(0.,0.,1.));
#4269 = DIRECTION('',(1.,0.,-0.));
#4270 = ADVANCED_FACE('',(#4271),#4278,.T.);
#4271 = FACE_BOUND('',#4272,.T.);
#4272 = EDGE_LOOP('',(#4273,#4274,#4275,#4276,#4277));
#4273 = ORIENTED_EDGE('',*,*,#3659,.T.);
#4274 = ORIENTED_EDGE('',*,*,#4260,.T.);
#4275 = ORIENTED_EDGE('',*,*,#4235,.T.);
#4276 = ORIENTED_EDGE('',*,*,#4211,.T.);
#4277 = ORIENTED_EDGE('',*,*,#4186,.T.);
#4278 = PLANE('',#4279);
#4279 = AXIS2_PLACEMENT_3D('',#4280,#4281,#4282);
#4280 = CARTESIAN_POINT('',(-0.57,0.,0.));
#4281 = DIRECTION('',(-1.,0.,0.));
#4282 = DIRECTION('',(0.,0.,1.));
#4283 = ADVANCED_FACE('',(#4284),#4317,.T.);
#4284 = FACE_BOUND('',#4285,.T.);
#4285 = EDGE_LOOP('',(#4286,#4287,#4295,#4303,#4311));
#4286 = ORIENTED_EDGE('',*,*,#3594,.T.);
#4287 = ORIENTED_EDGE('',*,*,#4288,.T.);
#4288 = EDGE_CURVE('',#3587,#4289,#4291,.T.);
#4289 = VERTEX_POINT('',#4290);
#4290 = CARTESIAN_POINT('',(-0.57,4.3,2.45));
#4291 = LINE('',#4292,#4293);
#4292 = CARTESIAN_POINT('',(-0.57,3.7,2.85));
#4293 = VECTOR('',#4294,1.);
#4294 = DIRECTION('',(0.,0.832050294338,-0.554700196225));
#4295 = ORIENTED_EDGE('',*,*,#4296,.T.);
#4296 = EDGE_CURVE('',#4289,#4297,#4299,.T.);
#4297 = VERTEX_POINT('',#4298);
#4298 = CARTESIAN_POINT('',(-0.57,9.2,2.45));
#4299 = LINE('',#4300,#4301);
#4300 = CARTESIAN_POINT('',(-0.57,4.3,2.45));
#4301 = VECTOR('',#4302,1.);
#4302 = DIRECTION('',(0.,1.,0.));
#4303 = ORIENTED_EDGE('',*,*,#4304,.T.);
#4304 = EDGE_CURVE('',#4297,#4305,#4307,.T.);
#4305 = VERTEX_POINT('',#4306);
#4306 = CARTESIAN_POINT('',(-0.57,9.2,1.31));
#4307 = LINE('',#4308,#4309);
#4308 = CARTESIAN_POINT('',(-0.57,9.2,2.45));
#4309 = VECTOR('',#4310,1.);
#4310 = DIRECTION('',(0.,0.,-1.));
#4311 = ORIENTED_EDGE('',*,*,#4312,.T.);
#4312 = EDGE_CURVE('',#4305,#3595,#4313,.T.);
#4313 = LINE('',#4314,#4315);
#4314 = CARTESIAN_POINT('',(-0.57,9.2,1.31));
#4315 = VECTOR('',#4316,1.);
#4316 = DIRECTION('',(0.,-1.,0.));
#4317 = PLANE('',#4318);
#4318 = AXIS2_PLACEMENT_3D('',#4319,#4320,#4321);
#4319 = CARTESIAN_POINT('',(-0.57,0.,0.));
#4320 = DIRECTION('',(-1.,0.,0.));
#4321 = DIRECTION('',(0.,0.,1.));
#4322 = ADVANCED_FACE('',(#4323),#4356,.T.);
#4323 = FACE_BOUND('',#4324,.T.);
#4324 = EDGE_LOOP('',(#4325,#4326,#4334,#4342,#4350));
#4325 = ORIENTED_EDGE('',*,*,#3190,.F.);
#4326 = ORIENTED_EDGE('',*,*,#4327,.T.);
#4327 = EDGE_CURVE('',#3183,#4328,#4330,.T.);
#4328 = VERTEX_POINT('',#4329);
#4329 = CARTESIAN_POINT('',(-0.57,-3.5,-3.25));
#4330 = LINE('',#4331,#4332);
#4331 = CARTESIAN_POINT('',(-0.57,0.8,-3.25));
#4332 = VECTOR('',#4333,1.);
#4333 = DIRECTION('',(0.,-1.,0.));
#4334 = ORIENTED_EDGE('',*,*,#4335,.T.);
#4335 = EDGE_CURVE('',#4328,#4336,#4338,.T.);
#4336 = VERTEX_POINT('',#4337);
#4337 = CARTESIAN_POINT('',(-0.57,-3.5,-3.1));
#4338 = LINE('',#4339,#4340);
#4339 = CARTESIAN_POINT('',(-0.57,-3.5,-3.25));
#4340 = VECTOR('',#4341,1.);
#4341 = DIRECTION('',(0.,0.,1.));
#4342 = ORIENTED_EDGE('',*,*,#4343,.T.);
#4343 = EDGE_CURVE('',#4336,#4344,#4346,.T.);
#4344 = VERTEX_POINT('',#4345);
#4345 = CARTESIAN_POINT('',(-0.57,-2.23,-2.65));
#4346 = LINE('',#4347,#4348);
#4347 = CARTESIAN_POINT('',(-0.57,-3.5,-3.1));
#4348 = VECTOR('',#4349,1.);
#4349 = DIRECTION('',(0.,0.942578556478,0.333984527886));
#4350 = ORIENTED_EDGE('',*,*,#4351,.T.);
#4351 = EDGE_CURVE('',#4344,#3191,#4352,.T.);
#4352 = LINE('',#4353,#4354);
#4353 = CARTESIAN_POINT('',(-0.57,-2.23,-2.65));
#4354 = VECTOR('',#4355,1.);
#4355 = DIRECTION('',(0.,1.,0.));
#4356 = PLANE('',#4357);
#4357 = AXIS2_PLACEMENT_3D('',#4358,#4359,#4360);
#4358 = CARTESIAN_POINT('',(-0.57,0.,0.));
#4359 = DIRECTION('',(-1.,0.,0.));
#4360 = DIRECTION('',(0.,0.,1.));
#4361 = ADVANCED_FACE('',(#4362),#4395,.T.);
#4362 = FACE_BOUND('',#4363,.T.);
#4363 = EDGE_LOOP('',(#4364,#4365,#4373,#4381,#4389));
#4364 = ORIENTED_EDGE('',*,*,#3255,.F.);
#4365 = ORIENTED_EDGE('',*,*,#4366,.T.);
#4366 = EDGE_CURVE('',#3248,#4367,#4369,.T.);
#4367 = VERTEX_POINT('',#4368);
#4368 = CARTESIAN_POINT('',(-0.57,-2.23,2.25));
#4369 = LINE('',#4370,#4371);
#4370 = CARTESIAN_POINT('',(-0.57,0.8,2.25));
#4371 = VECTOR('',#4372,1.);
#4372 = DIRECTION('',(0.,-1.,0.));
#4373 = ORIENTED_EDGE('',*,*,#4374,.T.);
#4374 = EDGE_CURVE('',#4367,#4375,#4377,.T.);
#4375 = VERTEX_POINT('',#4376);
#4376 = CARTESIAN_POINT('',(-0.57,-3.5,2.7));
#4377 = LINE('',#4378,#4379);
#4378 = CARTESIAN_POINT('',(-0.57,-2.23,2.25));
#4379 = VECTOR('',#4380,1.);
#4380 = DIRECTION('',(0.,-0.942578556478,0.333984527886));
#4381 = ORIENTED_EDGE('',*,*,#4382,.T.);
#4382 = EDGE_CURVE('',#4375,#4383,#4385,.T.);
#4383 = VERTEX_POINT('',#4384);
#4384 = CARTESIAN_POINT('',(-0.57,-3.5,2.85));
#4385 = LINE('',#4386,#4387);
#4386 = CARTESIAN_POINT('',(-0.57,-3.5,2.7));
#4387 = VECTOR('',#4388,1.);
#4388 = DIRECTION('',(0.,0.,1.));
#4389 = ORIENTED_EDGE('',*,*,#4390,.T.);
#4390 = EDGE_CURVE('',#4383,#3256,#4391,.T.);
#4391 = LINE('',#4392,#4393);
#4392 = CARTESIAN_POINT('',(-0.57,-3.5,2.85));
#4393 = VECTOR('',#4394,1.);
#4394 = DIRECTION('',(0.,1.,0.));
#4395 = PLANE('',#4396);
#4396 = AXIS2_PLACEMENT_3D('',#4397,#4398,#4399);
#4397 = CARTESIAN_POINT('',(-0.57,0.,0.));
#4398 = DIRECTION('',(-1.,0.,0.));
#4399 = DIRECTION('',(0.,0.,1.));
#4400 = ADVANCED_FACE('',(#4401),#4412,.T.);
#4401 = FACE_BOUND('',#4402,.T.);
#4402 = EDGE_LOOP('',(#4403,#4404,#4405,#4411));
#4403 = ORIENTED_EDGE('',*,*,#3602,.T.);
#4404 = ORIENTED_EDGE('',*,*,#4312,.F.);
#4405 = ORIENTED_EDGE('',*,*,#4406,.F.);
#4406 = EDGE_CURVE('',#3420,#4305,#4407,.T.);
#4407 = LINE('',#4408,#4409);
#4408 = CARTESIAN_POINT('',(0.57,9.2,1.31));
#4409 = VECTOR('',#4410,1.);
#4410 = DIRECTION('',(-1.,0.,0.));
#4411 = ORIENTED_EDGE('',*,*,#3419,.T.);
#4412 = PLANE('',#4413);
#4413 = AXIS2_PLACEMENT_3D('',#4414,#4415,#4416);
#4414 = CARTESIAN_POINT('',(0.57,9.2,1.31));
#4415 = DIRECTION('',(0.,0.,-1.));
#4416 = DIRECTION('',(0.,-1.,0.));
#4417 = ADVANCED_FACE('',(#4418),#4429,.T.);
#4418 = FACE_BOUND('',#4419,.T.);
#4419 = EDGE_LOOP('',(#4420,#4421,#4422,#4423));
#4420 = ORIENTED_EDGE('',*,*,#3427,.T.);
#4421 = ORIENTED_EDGE('',*,*,#4406,.T.);
#4422 = ORIENTED_EDGE('',*,*,#4304,.F.);
#4423 = ORIENTED_EDGE('',*,*,#4424,.F.);
#4424 = EDGE_CURVE('',#3428,#4297,#4425,.T.);
#4425 = LINE('',#4426,#4427);
#4426 = CARTESIAN_POINT('',(0.57,9.2,2.45));
#4427 = VECTOR('',#4428,1.);
#4428 = DIRECTION('',(-1.,0.,0.));
#4429 = PLANE('',#4430);
#4430 = AXIS2_PLACEMENT_3D('',#4431,#4432,#4433);
#4431 = CARTESIAN_POINT('',(0.57,9.2,2.45));
#4432 = DIRECTION('',(-0.,1.,0.));
#4433 = DIRECTION('',(1.,0.,0.));
#4434 = ADVANCED_FACE('',(#4435),#4446,.T.);
#4435 = FACE_BOUND('',#4436,.T.);
#4436 = EDGE_LOOP('',(#4437,#4438,#4439,#4440));
#4437 = ORIENTED_EDGE('',*,*,#3435,.T.);
#4438 = ORIENTED_EDGE('',*,*,#4424,.T.);
#4439 = ORIENTED_EDGE('',*,*,#4296,.F.);
#4440 = ORIENTED_EDGE('',*,*,#4441,.F.);
#4441 = EDGE_CURVE('',#3436,#4289,#4442,.T.);
#4442 = LINE('',#4443,#4444);
#4443 = CARTESIAN_POINT('',(0.57,4.3,2.45));
#4444 = VECTOR('',#4445,1.);
#4445 = DIRECTION('',(-1.,0.,0.));
#4446 = PLANE('',#4447);
#4447 = AXIS2_PLACEMENT_3D('',#4448,#4449,#4450);
#4448 = CARTESIAN_POINT('',(0.57,4.3,2.45));
#4449 = DIRECTION('',(0.,0.,1.));
#4450 = DIRECTION('',(1.,0.,-0.));
#4451 = ADVANCED_FACE('',(#4452),#4458,.T.);
#4452 = FACE_BOUND('',#4453,.T.);
#4453 = EDGE_LOOP('',(#4454,#4455,#4456,#4457));
#4454 = ORIENTED_EDGE('',*,*,#3586,.F.);
#4455 = ORIENTED_EDGE('',*,*,#3443,.T.);
#4456 = ORIENTED_EDGE('',*,*,#4441,.T.);
#4457 = ORIENTED_EDGE('',*,*,#4288,.F.);
#4458 = PLANE('',#4459);
#4459 = AXIS2_PLACEMENT_3D('',#4460,#4461,#4462);
#4460 = CARTESIAN_POINT('',(0.57,3.7,2.85));
#4461 = DIRECTION('',(0.,0.554700196225,0.832050294338));
#4462 = DIRECTION('',(1.,-0.,0.));
#4463 = ADVANCED_FACE('',(#4464),#4475,.T.);
#4464 = FACE_BOUND('',#4465,.T.);
#4465 = EDGE_LOOP('',(#4466,#4467,#4468,#4474));
#4466 = ORIENTED_EDGE('',*,*,#3198,.T.);
#4467 = ORIENTED_EDGE('',*,*,#4351,.F.);
#4468 = ORIENTED_EDGE('',*,*,#4469,.F.);
#4469 = EDGE_CURVE('',#3459,#4344,#4470,.T.);
#4470 = LINE('',#4471,#4472);
#4471 = CARTESIAN_POINT('',(0.57,-2.23,-2.65));
#4472 = VECTOR('',#4473,1.);
#4473 = DIRECTION('',(-1.,0.,0.));
#4474 = ORIENTED_EDGE('',*,*,#3458,.T.);
#4475 = PLANE('',#4476);
#4476 = AXIS2_PLACEMENT_3D('',#4477,#4478,#4479);
#4477 = CARTESIAN_POINT('',(0.57,-2.23,-2.65));
#4478 = DIRECTION('',(0.,0.,1.));
#4479 = DIRECTION('',(1.,0.,-0.));
#4480 = ADVANCED_FACE('',(#4481),#4492,.T.);
#4481 = FACE_BOUND('',#4482,.T.);
#4482 = EDGE_LOOP('',(#4483,#4484,#4485,#4486));
#4483 = ORIENTED_EDGE('',*,*,#3466,.T.);
#4484 = ORIENTED_EDGE('',*,*,#4469,.T.);
#4485 = ORIENTED_EDGE('',*,*,#4343,.F.);
#4486 = ORIENTED_EDGE('',*,*,#4487,.F.);
#4487 = EDGE_CURVE('',#3467,#4336,#4488,.T.);
#4488 = LINE('',#4489,#4490);
#4489 = CARTESIAN_POINT('',(0.57,-3.5,-3.1));
#4490 = VECTOR('',#4491,1.);
#4491 = DIRECTION('',(-1.,0.,0.));
#4492 = PLANE('',#4493);
#4493 = AXIS2_PLACEMENT_3D('',#4494,#4495,#4496);
#4494 = CARTESIAN_POINT('',(0.57,-3.5,-3.1));
#4495 = DIRECTION('',(0.,-0.333984527886,0.942578556478));
#4496 = DIRECTION('',(-1.,0.,0.));
#4497 = ADVANCED_FACE('',(#4498),#4509,.T.);
#4498 = FACE_BOUND('',#4499,.T.);
#4499 = EDGE_LOOP('',(#4500,#4501,#4502,#4503));
#4500 = ORIENTED_EDGE('',*,*,#3474,.T.);
#4501 = ORIENTED_EDGE('',*,*,#4487,.T.);
#4502 = ORIENTED_EDGE('',*,*,#4335,.F.);
#4503 = ORIENTED_EDGE('',*,*,#4504,.F.);
#4504 = EDGE_CURVE('',#3475,#4328,#4505,.T.);
#4505 = LINE('',#4506,#4507);
#4506 = CARTESIAN_POINT('',(0.57,-3.5,-3.25));
#4507 = VECTOR('',#4508,1.);
#4508 = DIRECTION('',(-1.,0.,0.));
#4509 = PLANE('',#4510);
#4510 = AXIS2_PLACEMENT_3D('',#4511,#4512,#4513);
#4511 = CARTESIAN_POINT('',(0.57,-3.5,-3.25));
#4512 = DIRECTION('',(0.,-1.,0.));
#4513 = DIRECTION('',(0.,0.,-1.));
#4514 = ADVANCED_FACE('',(#4515),#4521,.T.);
#4515 = FACE_BOUND('',#4516,.T.);
#4516 = EDGE_LOOP('',(#4517,#4518,#4519,#4520));
#4517 = ORIENTED_EDGE('',*,*,#3182,.F.);
#4518 = ORIENTED_EDGE('',*,*,#3482,.T.);
#4519 = ORIENTED_EDGE('',*,*,#4504,.T.);
#4520 = ORIENTED_EDGE('',*,*,#4327,.F.);
#4521 = PLANE('',#4522);
#4522 = AXIS2_PLACEMENT_3D('',#4523,#4524,#4525);
#4523 = CARTESIAN_POINT('',(0.57,3.7,-3.25));
#4524 = DIRECTION('',(0.,0.,-1.));
#4525 = DIRECTION('',(0.,-1.,0.));
#4526 = ADVANCED_FACE('',(#4527),#4538,.T.);
#4527 = FACE_BOUND('',#4528,.T.);
#4528 = EDGE_LOOP('',(#4529,#4530,#4531,#4537));
#4529 = ORIENTED_EDGE('',*,*,#3263,.T.);
#4530 = ORIENTED_EDGE('',*,*,#4390,.F.);
#4531 = ORIENTED_EDGE('',*,*,#4532,.F.);
#4532 = EDGE_CURVE('',#3498,#4383,#4533,.T.);
#4533 = LINE('',#4534,#4535);
#4534 = CARTESIAN_POINT('',(0.57,-3.5,2.85));
#4535 = VECTOR('',#4536,1.);
#4536 = DIRECTION('',(-1.,0.,0.));
#4537 = ORIENTED_EDGE('',*,*,#3497,.T.);
#4538 = PLANE('',#4539);
#4539 = AXIS2_PLACEMENT_3D('',#4540,#4541,#4542);
#4540 = CARTESIAN_POINT('',(0.57,-3.5,2.85));
#4541 = DIRECTION('',(0.,0.,1.));
#4542 = DIRECTION('',(1.,0.,-0.));
#4543 = ADVANCED_FACE('',(#4544),#4555,.T.);
#4544 = FACE_BOUND('',#4545,.T.);
#4545 = EDGE_LOOP('',(#4546,#4547,#4548,#4549));
#4546 = ORIENTED_EDGE('',*,*,#3505,.T.);
#4547 = ORIENTED_EDGE('',*,*,#4532,.T.);
#4548 = ORIENTED_EDGE('',*,*,#4382,.F.);
#4549 = ORIENTED_EDGE('',*,*,#4550,.F.);
#4550 = EDGE_CURVE('',#3506,#4375,#4551,.T.);
#4551 = LINE('',#4552,#4553);
#4552 = CARTESIAN_POINT('',(0.57,-3.5,2.7));
#4553 = VECTOR('',#4554,1.);
#4554 = DIRECTION('',(-1.,0.,0.));
#4555 = PLANE('',#4556);
#4556 = AXIS2_PLACEMENT_3D('',#4557,#4558,#4559);
#4557 = CARTESIAN_POINT('',(0.57,-3.5,2.7));
#4558 = DIRECTION('',(0.,-1.,0.));
#4559 = DIRECTION('',(0.,0.,-1.));
#4560 = ADVANCED_FACE('',(#4561),#4572,.T.);
#4561 = FACE_BOUND('',#4562,.T.);
#4562 = EDGE_LOOP('',(#4563,#4564,#4565,#4566));
#4563 = ORIENTED_EDGE('',*,*,#3513,.T.);
#4564 = ORIENTED_EDGE('',*,*,#4550,.T.);
#4565 = ORIENTED_EDGE('',*,*,#4374,.F.);
#4566 = ORIENTED_EDGE('',*,*,#4567,.F.);
#4567 = EDGE_CURVE('',#3514,#4367,#4568,.T.);
#4568 = LINE('',#4569,#4570);
#4569 = CARTESIAN_POINT('',(0.57,-2.23,2.25));
#4570 = VECTOR('',#4571,1.);
#4571 = DIRECTION('',(-1.,0.,0.));
#4572 = PLANE('',#4573);
#4573 = AXIS2_PLACEMENT_3D('',#4574,#4575,#4576);
#4574 = CARTESIAN_POINT('',(0.57,-2.23,2.25));
#4575 = DIRECTION('',(0.,-0.333984527886,-0.942578556478));
#4576 = DIRECTION('',(0.,-0.942578556478,0.333984527886));
#4577 = ADVANCED_FACE('',(#4578),#4584,.T.);
#4578 = FACE_BOUND('',#4579,.T.);
#4579 = EDGE_LOOP('',(#4580,#4581,#4582,#4583));
#4580 = ORIENTED_EDGE('',*,*,#3247,.F.);
#4581 = ORIENTED_EDGE('',*,*,#3521,.T.);
#4582 = ORIENTED_EDGE('',*,*,#4567,.T.);
#4583 = ORIENTED_EDGE('',*,*,#4366,.F.);
#4584 = PLANE('',#4585);
#4585 = AXIS2_PLACEMENT_3D('',#4586,#4587,#4588);
#4586 = CARTESIAN_POINT('',(0.57,3.7,2.25));
#4587 = DIRECTION('',(0.,0.,-1.));
#4588 = DIRECTION('',(0.,-1.,0.));
#4589 = ADVANCED_FACE('',(#4590),#4623,.F.);
#4590 = FACE_BOUND('',#4591,.T.);
#4591 = EDGE_LOOP('',(#4592,#4593,#4601,#4609,#4617));
#4592 = ORIENTED_EDGE('',*,*,#3715,.T.);
#4593 = ORIENTED_EDGE('',*,*,#4594,.F.);
#4594 = EDGE_CURVE('',#4595,#3718,#4597,.T.);
#4595 = VERTEX_POINT('',#4596);
#4596 = CARTESIAN_POINT('',(-3.63,4.3,-2.85));
#4597 = LINE('',#4598,#4599);
#4598 = CARTESIAN_POINT('',(-3.63,4.3,-2.85));
#4599 = VECTOR('',#4600,1.);
#4600 = DIRECTION('',(0.,-0.832050294338,-0.554700196225));
#4601 = ORIENTED_EDGE('',*,*,#4602,.F.);
#4602 = EDGE_CURVE('',#4603,#4595,#4605,.T.);
#4603 = VERTEX_POINT('',#4604);
#4604 = CARTESIAN_POINT('',(-3.63,9.2,-2.85));
#4605 = LINE('',#4606,#4607);
#4606 = CARTESIAN_POINT('',(-3.63,9.2,-2.85));
#4607 = VECTOR('',#4608,1.);
#4608 = DIRECTION('',(0.,-1.,0.));
#4609 = ORIENTED_EDGE('',*,*,#4610,.F.);
#4610 = EDGE_CURVE('',#4611,#4603,#4613,.T.);
#4611 = VERTEX_POINT('',#4612);
#4612 = CARTESIAN_POINT('',(-3.63,9.2,-1.71));
#4613 = LINE('',#4614,#4615);
#4614 = CARTESIAN_POINT('',(-3.63,9.2,-1.71));
#4615 = VECTOR('',#4616,1.);
#4616 = DIRECTION('',(0.,0.,-1.));
#4617 = ORIENTED_EDGE('',*,*,#4618,.F.);
#4618 = EDGE_CURVE('',#3716,#4611,#4619,.T.);
#4619 = LINE('',#4620,#4621);
#4620 = CARTESIAN_POINT('',(-3.63,3.7,-1.71));
#4621 = VECTOR('',#4622,1.);
#4622 = DIRECTION('',(0.,1.,0.));
#4623 = PLANE('',#4624);
#4624 = AXIS2_PLACEMENT_3D('',#4625,#4626,#4627);
#4625 = CARTESIAN_POINT('',(-3.63,0.,0.));
#4626 = DIRECTION('',(-1.,0.,0.));
#4627 = DIRECTION('',(0.,0.,1.));
#4628 = ADVANCED_FACE('',(#4629),#4662,.F.);
#4629 = FACE_BOUND('',#4630,.T.);
#4630 = EDGE_LOOP('',(#4631,#4632,#4640,#4648,#4656));
#4631 = ORIENTED_EDGE('',*,*,#3805,.T.);
#4632 = ORIENTED_EDGE('',*,*,#4633,.F.);
#4633 = EDGE_CURVE('',#4634,#3808,#4636,.T.);
#4634 = VERTEX_POINT('',#4635);
#4635 = CARTESIAN_POINT('',(-3.63,9.2,1.31));
#4636 = LINE('',#4637,#4638);
#4637 = CARTESIAN_POINT('',(-3.63,9.2,1.31));
#4638 = VECTOR('',#4639,1.);
#4639 = DIRECTION('',(0.,-1.,0.));
#4640 = ORIENTED_EDGE('',*,*,#4641,.F.);
#4641 = EDGE_CURVE('',#4642,#4634,#4644,.T.);
#4642 = VERTEX_POINT('',#4643);
#4643 = CARTESIAN_POINT('',(-3.63,9.2,2.45));
#4644 = LINE('',#4645,#4646);
#4645 = CARTESIAN_POINT('',(-3.63,9.2,2.45));
#4646 = VECTOR('',#4647,1.);
#4647 = DIRECTION('',(0.,0.,-1.));
#4648 = ORIENTED_EDGE('',*,*,#4649,.F.);
#4649 = EDGE_CURVE('',#4650,#4642,#4652,.T.);
#4650 = VERTEX_POINT('',#4651);
#4651 = CARTESIAN_POINT('',(-3.63,4.3,2.45));
#4652 = LINE('',#4653,#4654);
#4653 = CARTESIAN_POINT('',(-3.63,4.3,2.45));
#4654 = VECTOR('',#4655,1.);
#4655 = DIRECTION('',(0.,1.,0.));
#4656 = ORIENTED_EDGE('',*,*,#4657,.F.);
#4657 = EDGE_CURVE('',#3806,#4650,#4658,.T.);
#4658 = LINE('',#4659,#4660);
#4659 = CARTESIAN_POINT('',(-3.63,3.7,2.85));
#4660 = VECTOR('',#4661,1.);
#4661 = DIRECTION('',(0.,0.832050294338,-0.554700196225));
#4662 = PLANE('',#4663);
#4663 = AXIS2_PLACEMENT_3D('',#4664,#4665,#4666);
#4664 = CARTESIAN_POINT('',(-3.63,0.,0.));
#4665 = DIRECTION('',(-1.,0.,0.));
#4666 = DIRECTION('',(0.,0.,1.));
#4667 = ADVANCED_FACE('',(#4668),#4701,.F.);
#4668 = FACE_BOUND('',#4669,.T.);
#4669 = EDGE_LOOP('',(#4670,#4671,#4679,#4687,#4695));
#4670 = ORIENTED_EDGE('',*,*,#1905,.T.);
#4671 = ORIENTED_EDGE('',*,*,#4672,.F.);
#4672 = EDGE_CURVE('',#4673,#1908,#4675,.T.);
#4673 = VERTEX_POINT('',#4674);
#4674 = CARTESIAN_POINT('',(-3.63,-2.23,-2.65));
#4675 = LINE('',#4676,#4677);
#4676 = CARTESIAN_POINT('',(-3.63,-2.23,-2.65));
#4677 = VECTOR('',#4678,1.);
#4678 = DIRECTION('',(0.,1.,0.));
#4679 = ORIENTED_EDGE('',*,*,#4680,.F.);
#4680 = EDGE_CURVE('',#4681,#4673,#4683,.T.);
#4681 = VERTEX_POINT('',#4682);
#4682 = CARTESIAN_POINT('',(-3.63,-3.5,-3.1));
#4683 = LINE('',#4684,#4685);
#4684 = CARTESIAN_POINT('',(-3.63,-3.5,-3.1));
#4685 = VECTOR('',#4686,1.);
#4686 = DIRECTION('',(0.,0.942578556478,0.333984527886));
#4687 = ORIENTED_EDGE('',*,*,#4688,.F.);
#4688 = EDGE_CURVE('',#4689,#4681,#4691,.T.);
#4689 = VERTEX_POINT('',#4690);
#4690 = CARTESIAN_POINT('',(-3.63,-3.5,-3.25));
#4691 = LINE('',#4692,#4693);
#4692 = CARTESIAN_POINT('',(-3.63,-3.5,-3.25));
#4693 = VECTOR('',#4694,1.);
#4694 = DIRECTION('',(0.,0.,1.));
#4695 = ORIENTED_EDGE('',*,*,#4696,.F.);
#4696 = EDGE_CURVE('',#1906,#4689,#4697,.T.);
#4697 = LINE('',#4698,#4699);
#4698 = CARTESIAN_POINT('',(-3.63,0.8,-3.25));
#4699 = VECTOR('',#4700,1.);
#4700 = DIRECTION('',(0.,-1.,0.));
#4701 = PLANE('',#4702);
#4702 = AXIS2_PLACEMENT_3D('',#4703,#4704,#4705);
#4703 = CARTESIAN_POINT('',(-3.63,0.,0.));
#4704 = DIRECTION('',(-1.,0.,0.));
#4705 = DIRECTION('',(0.,0.,1.));
#4706 = ADVANCED_FACE('',(#4707),#4740,.F.);
#4707 = FACE_BOUND('',#4708,.T.);
#4708 = EDGE_LOOP('',(#4709,#4710,#4718,#4726,#4734));
#4709 = ORIENTED_EDGE('',*,*,#1979,.T.);
#4710 = ORIENTED_EDGE('',*,*,#4711,.F.);
#4711 = EDGE_CURVE('',#4712,#1982,#4714,.T.);
#4712 = VERTEX_POINT('',#4713);
#4713 = CARTESIAN_POINT('',(-3.63,-3.5,2.85));
#4714 = LINE('',#4715,#4716);
#4715 = CARTESIAN_POINT('',(-3.63,-3.5,2.85));
#4716 = VECTOR('',#4717,1.);
#4717 = DIRECTION('',(0.,1.,0.));
#4718 = ORIENTED_EDGE('',*,*,#4719,.F.);
#4719 = EDGE_CURVE('',#4720,#4712,#4722,.T.);
#4720 = VERTEX_POINT('',#4721);
#4721 = CARTESIAN_POINT('',(-3.63,-3.5,2.7));
#4722 = LINE('',#4723,#4724);
#4723 = CARTESIAN_POINT('',(-3.63,-3.5,2.7));
#4724 = VECTOR('',#4725,1.);
#4725 = DIRECTION('',(0.,0.,1.));
#4726 = ORIENTED_EDGE('',*,*,#4727,.F.);
#4727 = EDGE_CURVE('',#4728,#4720,#4730,.T.);
#4728 = VERTEX_POINT('',#4729);
#4729 = CARTESIAN_POINT('',(-3.63,-2.23,2.25));
#4730 = LINE('',#4731,#4732);
#4731 = CARTESIAN_POINT('',(-3.63,-2.23,2.25));
#4732 = VECTOR('',#4733,1.);
#4733 = DIRECTION('',(0.,-0.942578556478,0.333984527886));
#4734 = ORIENTED_EDGE('',*,*,#4735,.F.);
#4735 = EDGE_CURVE('',#1980,#4728,#4736,.T.);
#4736 = LINE('',#4737,#4738);
#4737 = CARTESIAN_POINT('',(-3.63,0.8,2.25));
#4738 = VECTOR('',#4739,1.);
#4739 = DIRECTION('',(0.,-1.,0.));
#4740 = PLANE('',#4741);
#4741 = AXIS2_PLACEMENT_3D('',#4742,#4743,#4744);
#4742 = CARTESIAN_POINT('',(-3.63,0.,0.));
#4743 = DIRECTION('',(-1.,0.,0.));
#4744 = DIRECTION('',(0.,0.,1.));
#4745 = ADVANCED_FACE('',(#4746),#4764,.T.);
#4746 = FACE_BOUND('',#4747,.T.);
#4747 = EDGE_LOOP('',(#4748,#4749,#4750,#4758));
#4748 = ORIENTED_EDGE('',*,*,#3725,.F.);
#4749 = ORIENTED_EDGE('',*,*,#4618,.T.);
#4750 = ORIENTED_EDGE('',*,*,#4751,.T.);
#4751 = EDGE_CURVE('',#4611,#4752,#4754,.T.);
#4752 = VERTEX_POINT('',#4753);
#4753 = CARTESIAN_POINT('',(-4.77,9.2,-1.71));
#4754 = LINE('',#4755,#4756);
#4755 = CARTESIAN_POINT('',(-3.63,9.2,-1.71));
#4756 = VECTOR('',#4757,1.);
#4757 = DIRECTION('',(-1.,0.,0.));
#4758 = ORIENTED_EDGE('',*,*,#4759,.F.);
#4759 = EDGE_CURVE('',#3726,#4752,#4760,.T.);
#4760 = LINE('',#4761,#4762);
#4761 = CARTESIAN_POINT('',(-4.77,3.7,-1.71));
#4762 = VECTOR('',#4763,1.);
#4763 = DIRECTION('',(0.,1.,0.));
#4764 = PLANE('',#4765);
#4765 = AXIS2_PLACEMENT_3D('',#4766,#4767,#4768);
#4766 = CARTESIAN_POINT('',(-3.63,3.7,-1.71));
#4767 = DIRECTION('',(0.,0.,1.));
#4768 = DIRECTION('',(1.,0.,-0.));
#4769 = ADVANCED_FACE('',(#4770),#4796,.T.);
#4770 = FACE_BOUND('',#4771,.T.);
#4771 = EDGE_LOOP('',(#4772,#4773,#4774,#4782,#4790));
#4772 = ORIENTED_EDGE('',*,*,#3733,.T.);
#4773 = ORIENTED_EDGE('',*,*,#4759,.T.);
#4774 = ORIENTED_EDGE('',*,*,#4775,.T.);
#4775 = EDGE_CURVE('',#4752,#4776,#4778,.T.);
#4776 = VERTEX_POINT('',#4777);
#4777 = CARTESIAN_POINT('',(-4.77,9.2,-2.85));
#4778 = LINE('',#4779,#4780);
#4779 = CARTESIAN_POINT('',(-4.77,9.2,-1.71));
#4780 = VECTOR('',#4781,1.);
#4781 = DIRECTION('',(0.,0.,-1.));
#4782 = ORIENTED_EDGE('',*,*,#4783,.T.);
#4783 = EDGE_CURVE('',#4776,#4784,#4786,.T.);
#4784 = VERTEX_POINT('',#4785);
#4785 = CARTESIAN_POINT('',(-4.77,4.3,-2.85));
#4786 = LINE('',#4787,#4788);
#4787 = CARTESIAN_POINT('',(-4.77,9.2,-2.85));
#4788 = VECTOR('',#4789,1.);
#4789 = DIRECTION('',(0.,-1.,0.));
#4790 = ORIENTED_EDGE('',*,*,#4791,.T.);
#4791 = EDGE_CURVE('',#4784,#3734,#4792,.T.);
#4792 = LINE('',#4793,#4794);
#4793 = CARTESIAN_POINT('',(-4.77,4.3,-2.85));
#4794 = VECTOR('',#4795,1.);
#4795 = DIRECTION('',(0.,-0.832050294338,-0.554700196225));
#4796 = PLANE('',#4797);
#4797 = AXIS2_PLACEMENT_3D('',#4798,#4799,#4800);
#4798 = CARTESIAN_POINT('',(-4.77,0.,0.));
#4799 = DIRECTION('',(-1.,0.,0.));
#4800 = DIRECTION('',(0.,0.,1.));
#4801 = ADVANCED_FACE('',(#4802),#4835,.T.);
#4802 = FACE_BOUND('',#4803,.T.);
#4803 = EDGE_LOOP('',(#4804,#4805,#4813,#4821,#4829));
#4804 = ORIENTED_EDGE('',*,*,#3823,.T.);
#4805 = ORIENTED_EDGE('',*,*,#4806,.T.);
#4806 = EDGE_CURVE('',#3816,#4807,#4809,.T.);
#4807 = VERTEX_POINT('',#4808);
#4808 = CARTESIAN_POINT('',(-4.77,4.3,2.45));
#4809 = LINE('',#4810,#4811);
#4810 = CARTESIAN_POINT('',(-4.77,3.7,2.85));
#4811 = VECTOR('',#4812,1.);
#4812 = DIRECTION('',(0.,0.832050294338,-0.554700196225));
#4813 = ORIENTED_EDGE('',*,*,#4814,.T.);
#4814 = EDGE_CURVE('',#4807,#4815,#4817,.T.);
#4815 = VERTEX_POINT('',#4816);
#4816 = CARTESIAN_POINT('',(-4.77,9.2,2.45));
#4817 = LINE('',#4818,#4819);
#4818 = CARTESIAN_POINT('',(-4.77,4.3,2.45));
#4819 = VECTOR('',#4820,1.);
#4820 = DIRECTION('',(0.,1.,0.));
#4821 = ORIENTED_EDGE('',*,*,#4822,.T.);
#4822 = EDGE_CURVE('',#4815,#4823,#4825,.T.);
#4823 = VERTEX_POINT('',#4824);
#4824 = CARTESIAN_POINT('',(-4.77,9.2,1.31));
#4825 = LINE('',#4826,#4827);
#4826 = CARTESIAN_POINT('',(-4.77,9.2,2.45));
#4827 = VECTOR('',#4828,1.);
#4828 = DIRECTION('',(0.,0.,-1.));
#4829 = ORIENTED_EDGE('',*,*,#4830,.T.);
#4830 = EDGE_CURVE('',#4823,#3824,#4831,.T.);
#4831 = LINE('',#4832,#4833);
#4832 = CARTESIAN_POINT('',(-4.77,9.2,1.31));
#4833 = VECTOR('',#4834,1.);
#4834 = DIRECTION('',(0.,-1.,0.));
#4835 = PLANE('',#4836);
#4836 = AXIS2_PLACEMENT_3D('',#4837,#4838,#4839);
#4837 = CARTESIAN_POINT('',(-4.77,0.,0.));
#4838 = DIRECTION('',(-1.,0.,0.));
#4839 = DIRECTION('',(0.,0.,1.));
#4840 = ADVANCED_FACE('',(#4841),#4874,.T.);
#4841 = FACE_BOUND('',#4842,.T.);
#4842 = EDGE_LOOP('',(#4843,#4844,#4852,#4860,#4868));
#4843 = ORIENTED_EDGE('',*,*,#1923,.F.);
#4844 = ORIENTED_EDGE('',*,*,#4845,.T.);
#4845 = EDGE_CURVE('',#1916,#4846,#4848,.T.);
#4846 = VERTEX_POINT('',#4847);
#4847 = CARTESIAN_POINT('',(-4.77,-3.5,-3.25));
#4848 = LINE('',#4849,#4850);
#4849 = CARTESIAN_POINT('',(-4.77,0.8,-3.25));
#4850 = VECTOR('',#4851,1.);
#4851 = DIRECTION('',(0.,-1.,0.));
#4852 = ORIENTED_EDGE('',*,*,#4853,.T.);
#4853 = EDGE_CURVE('',#4846,#4854,#4856,.T.);
#4854 = VERTEX_POINT('',#4855);
#4855 = CARTESIAN_POINT('',(-4.77,-3.5,-3.1));
#4856 = LINE('',#4857,#4858);
#4857 = CARTESIAN_POINT('',(-4.77,-3.5,-3.25));
#4858 = VECTOR('',#4859,1.);
#4859 = DIRECTION('',(0.,0.,1.));
#4860 = ORIENTED_EDGE('',*,*,#4861,.T.);
#4861 = EDGE_CURVE('',#4854,#4862,#4864,.T.);
#4862 = VERTEX_POINT('',#4863);
#4863 = CARTESIAN_POINT('',(-4.77,-2.23,-2.65));
#4864 = LINE('',#4865,#4866);
#4865 = CARTESIAN_POINT('',(-4.77,-3.5,-3.1));
#4866 = VECTOR('',#4867,1.);
#4867 = DIRECTION('',(0.,0.942578556478,0.333984527886));
#4868 = ORIENTED_EDGE('',*,*,#4869,.T.);
#4869 = EDGE_CURVE('',#4862,#1924,#4870,.T.);
#4870 = LINE('',#4871,#4872);
#4871 = CARTESIAN_POINT('',(-4.77,-2.23,-2.65));
#4872 = VECTOR('',#4873,1.);
#4873 = DIRECTION('',(0.,1.,0.));
#4874 = PLANE('',#4875);
#4875 = AXIS2_PLACEMENT_3D('',#4876,#4877,#4878);
#4876 = CARTESIAN_POINT('',(-4.77,0.,0.));
#4877 = DIRECTION('',(-1.,0.,0.));
#4878 = DIRECTION('',(0.,0.,1.));
#4879 = ADVANCED_FACE('',(#4880),#4913,.T.);
#4880 = FACE_BOUND('',#4881,.T.);
#4881 = EDGE_LOOP('',(#4882,#4883,#4891,#4899,#4907));
#4882 = ORIENTED_EDGE('',*,*,#1997,.F.);
#4883 = ORIENTED_EDGE('',*,*,#4884,.T.);
#4884 = EDGE_CURVE('',#1990,#4885,#4887,.T.);
#4885 = VERTEX_POINT('',#4886);
#4886 = CARTESIAN_POINT('',(-4.77,-2.23,2.25));
#4887 = LINE('',#4888,#4889);
#4888 = CARTESIAN_POINT('',(-4.77,0.8,2.25));
#4889 = VECTOR('',#4890,1.);
#4890 = DIRECTION('',(0.,-1.,0.));
#4891 = ORIENTED_EDGE('',*,*,#4892,.T.);
#4892 = EDGE_CURVE('',#4885,#4893,#4895,.T.);
#4893 = VERTEX_POINT('',#4894);
#4894 = CARTESIAN_POINT('',(-4.77,-3.5,2.7));
#4895 = LINE('',#4896,#4897);
#4896 = CARTESIAN_POINT('',(-4.77,-2.23,2.25));
#4897 = VECTOR('',#4898,1.);
#4898 = DIRECTION('',(0.,-0.942578556478,0.333984527886));
#4899 = ORIENTED_EDGE('',*,*,#4900,.T.);
#4900 = EDGE_CURVE('',#4893,#4901,#4903,.T.);
#4901 = VERTEX_POINT('',#4902);
#4902 = CARTESIAN_POINT('',(-4.77,-3.5,2.85));
#4903 = LINE('',#4904,#4905);
#4904 = CARTESIAN_POINT('',(-4.77,-3.5,2.7));
#4905 = VECTOR('',#4906,1.);
#4906 = DIRECTION('',(0.,0.,1.));
#4907 = ORIENTED_EDGE('',*,*,#4908,.T.);
#4908 = EDGE_CURVE('',#4901,#1998,#4909,.T.);
#4909 = LINE('',#4910,#4911);
#4910 = CARTESIAN_POINT('',(-4.77,-3.5,2.85));
#4911 = VECTOR('',#4912,1.);
#4912 = DIRECTION('',(0.,1.,0.));
#4913 = PLANE('',#4914);
#4914 = AXIS2_PLACEMENT_3D('',#4915,#4916,#4917);
#4915 = CARTESIAN_POINT('',(-4.77,0.,0.));
#4916 = DIRECTION('',(-1.,0.,0.));
#4917 = DIRECTION('',(0.,0.,1.));
#4918 = ADVANCED_FACE('',(#4919),#4930,.T.);
#4919 = FACE_BOUND('',#4920,.T.);
#4920 = EDGE_LOOP('',(#4921,#4922,#4923,#4929));
#4921 = ORIENTED_EDGE('',*,*,#3741,.T.);
#4922 = ORIENTED_EDGE('',*,*,#4791,.F.);
#4923 = ORIENTED_EDGE('',*,*,#4924,.F.);
#4924 = EDGE_CURVE('',#4595,#4784,#4925,.T.);
#4925 = LINE('',#4926,#4927);
#4926 = CARTESIAN_POINT('',(-3.63,4.3,-2.85));
#4927 = VECTOR('',#4928,1.);
#4928 = DIRECTION('',(-1.,0.,0.));
#4929 = ORIENTED_EDGE('',*,*,#4594,.T.);
#4930 = PLANE('',#4931);
#4931 = AXIS2_PLACEMENT_3D('',#4932,#4933,#4934);
#4932 = CARTESIAN_POINT('',(-3.63,4.3,-2.85));
#4933 = DIRECTION('',(0.,0.554700196225,-0.832050294338));
#4934 = DIRECTION('',(-1.,0.,0.));
#4935 = ADVANCED_FACE('',(#4936),#4947,.T.);
#4936 = FACE_BOUND('',#4937,.T.);
#4937 = EDGE_LOOP('',(#4938,#4939,#4940,#4941));
#4938 = ORIENTED_EDGE('',*,*,#4602,.T.);
#4939 = ORIENTED_EDGE('',*,*,#4924,.T.);
#4940 = ORIENTED_EDGE('',*,*,#4783,.F.);
#4941 = ORIENTED_EDGE('',*,*,#4942,.F.);
#4942 = EDGE_CURVE('',#4603,#4776,#4943,.T.);
#4943 = LINE('',#4944,#4945);
#4944 = CARTESIAN_POINT('',(-3.63,9.2,-2.85));
#4945 = VECTOR('',#4946,1.);
#4946 = DIRECTION('',(-1.,0.,0.));
#4947 = PLANE('',#4948);
#4948 = AXIS2_PLACEMENT_3D('',#4949,#4950,#4951);
#4949 = CARTESIAN_POINT('',(-3.63,9.2,-2.85));
#4950 = DIRECTION('',(0.,0.,-1.));
#4951 = DIRECTION('',(0.,-1.,0.));
#4952 = ADVANCED_FACE('',(#4953),#4959,.T.);
#4953 = FACE_BOUND('',#4954,.T.);
#4954 = EDGE_LOOP('',(#4955,#4956,#4957,#4958));
#4955 = ORIENTED_EDGE('',*,*,#4610,.T.);
#4956 = ORIENTED_EDGE('',*,*,#4942,.T.);
#4957 = ORIENTED_EDGE('',*,*,#4775,.F.);
#4958 = ORIENTED_EDGE('',*,*,#4751,.F.);
#4959 = PLANE('',#4960);
#4960 = AXIS2_PLACEMENT_3D('',#4961,#4962,#4963);
#4961 = CARTESIAN_POINT('',(-3.63,9.2,-1.71));
#4962 = DIRECTION('',(-0.,1.,0.));
#4963 = DIRECTION('',(1.,0.,0.));
#4964 = ADVANCED_FACE('',(#4965),#4976,.T.);
#4965 = FACE_BOUND('',#4966,.T.);
#4966 = EDGE_LOOP('',(#4967,#4968,#4969,#4975));
#4967 = ORIENTED_EDGE('',*,*,#3831,.T.);
#4968 = ORIENTED_EDGE('',*,*,#4830,.F.);
#4969 = ORIENTED_EDGE('',*,*,#4970,.F.);
#4970 = EDGE_CURVE('',#4634,#4823,#4971,.T.);
#4971 = LINE('',#4972,#4973);
#4972 = CARTESIAN_POINT('',(-3.63,9.2,1.31));
#4973 = VECTOR('',#4974,1.);
#4974 = DIRECTION('',(-1.,0.,0.));
#4975 = ORIENTED_EDGE('',*,*,#4633,.T.);
#4976 = PLANE('',#4977);
#4977 = AXIS2_PLACEMENT_3D('',#4978,#4979,#4980);
#4978 = CARTESIAN_POINT('',(-3.63,9.2,1.31));
#4979 = DIRECTION('',(0.,0.,-1.));
#4980 = DIRECTION('',(0.,-1.,0.));
#4981 = ADVANCED_FACE('',(#4982),#4993,.T.);
#4982 = FACE_BOUND('',#4983,.T.);
#4983 = EDGE_LOOP('',(#4984,#4985,#4986,#4987));
#4984 = ORIENTED_EDGE('',*,*,#4641,.T.);
#4985 = ORIENTED_EDGE('',*,*,#4970,.T.);
#4986 = ORIENTED_EDGE('',*,*,#4822,.F.);
#4987 = ORIENTED_EDGE('',*,*,#4988,.F.);
#4988 = EDGE_CURVE('',#4642,#4815,#4989,.T.);
#4989 = LINE('',#4990,#4991);
#4990 = CARTESIAN_POINT('',(-3.63,9.2,2.45));
#4991 = VECTOR('',#4992,1.);
#4992 = DIRECTION('',(-1.,0.,0.));
#4993 = PLANE('',#4994);
#4994 = AXIS2_PLACEMENT_3D('',#4995,#4996,#4997);
#4995 = CARTESIAN_POINT('',(-3.63,9.2,2.45));
#4996 = DIRECTION('',(-0.,1.,0.));
#4997 = DIRECTION('',(1.,0.,0.));
#4998 = ADVANCED_FACE('',(#4999),#5010,.T.);
#4999 = FACE_BOUND('',#5000,.T.);
#5000 = EDGE_LOOP('',(#5001,#5002,#5003,#5004));
#5001 = ORIENTED_EDGE('',*,*,#4649,.T.);
#5002 = ORIENTED_EDGE('',*,*,#4988,.T.);
#5003 = ORIENTED_EDGE('',*,*,#4814,.F.);
#5004 = ORIENTED_EDGE('',*,*,#5005,.F.);
#5005 = EDGE_CURVE('',#4650,#4807,#5006,.T.);
#5006 = LINE('',#5007,#5008);
#5007 = CARTESIAN_POINT('',(-3.63,4.3,2.45));
#5008 = VECTOR('',#5009,1.);
#5009 = DIRECTION('',(-1.,0.,0.));
#5010 = PLANE('',#5011);
#5011 = AXIS2_PLACEMENT_3D('',#5012,#5013,#5014);
#5012 = CARTESIAN_POINT('',(-3.63,4.3,2.45));
#5013 = DIRECTION('',(0.,0.,1.));
#5014 = DIRECTION('',(1.,0.,-0.));
#5015 = ADVANCED_FACE('',(#5016),#5022,.T.);
#5016 = FACE_BOUND('',#5017,.T.);
#5017 = EDGE_LOOP('',(#5018,#5019,#5020,#5021));
#5018 = ORIENTED_EDGE('',*,*,#3815,.F.);
#5019 = ORIENTED_EDGE('',*,*,#4657,.T.);
#5020 = ORIENTED_EDGE('',*,*,#5005,.T.);
#5021 = ORIENTED_EDGE('',*,*,#4806,.F.);
#5022 = PLANE('',#5023);
#5023 = AXIS2_PLACEMENT_3D('',#5024,#5025,#5026);
#5024 = CARTESIAN_POINT('',(-3.63,3.7,2.85));
#5025 = DIRECTION('',(0.,0.554700196225,0.832050294338));
#5026 = DIRECTION('',(1.,-0.,0.));
#5027 = ADVANCED_FACE('',(#5028),#5039,.T.);
#5028 = FACE_BOUND('',#5029,.T.);
#5029 = EDGE_LOOP('',(#5030,#5031,#5032,#5038));
#5030 = ORIENTED_EDGE('',*,*,#1931,.T.);
#5031 = ORIENTED_EDGE('',*,*,#4869,.F.);
#5032 = ORIENTED_EDGE('',*,*,#5033,.F.);
#5033 = EDGE_CURVE('',#4673,#4862,#5034,.T.);
#5034 = LINE('',#5035,#5036);
#5035 = CARTESIAN_POINT('',(-3.63,-2.23,-2.65));
#5036 = VECTOR('',#5037,1.);
#5037 = DIRECTION('',(-1.,0.,0.));
#5038 = ORIENTED_EDGE('',*,*,#4672,.T.);
#5039 = PLANE('',#5040);
#5040 = AXIS2_PLACEMENT_3D('',#5041,#5042,#5043);
#5041 = CARTESIAN_POINT('',(-3.63,-2.23,-2.65));
#5042 = DIRECTION('',(0.,0.,1.));
#5043 = DIRECTION('',(1.,0.,-0.));
#5044 = ADVANCED_FACE('',(#5045),#5056,.T.);
#5045 = FACE_BOUND('',#5046,.T.);
#5046 = EDGE_LOOP('',(#5047,#5048,#5049,#5050));
#5047 = ORIENTED_EDGE('',*,*,#4680,.T.);
#5048 = ORIENTED_EDGE('',*,*,#5033,.T.);
#5049 = ORIENTED_EDGE('',*,*,#4861,.F.);
#5050 = ORIENTED_EDGE('',*,*,#5051,.F.);
#5051 = EDGE_CURVE('',#4681,#4854,#5052,.T.);
#5052 = LINE('',#5053,#5054);
#5053 = CARTESIAN_POINT('',(-3.63,-3.5,-3.1));
#5054 = VECTOR('',#5055,1.);
#5055 = DIRECTION('',(-1.,0.,0.));
#5056 = PLANE('',#5057);
#5057 = AXIS2_PLACEMENT_3D('',#5058,#5059,#5060);
#5058 = CARTESIAN_POINT('',(-3.63,-3.5,-3.1));
#5059 = DIRECTION('',(0.,-0.333984527886,0.942578556478));
#5060 = DIRECTION('',(-1.,0.,0.));
#5061 = ADVANCED_FACE('',(#5062),#5073,.T.);
#5062 = FACE_BOUND('',#5063,.T.);
#5063 = EDGE_LOOP('',(#5064,#5065,#5066,#5067));
#5064 = ORIENTED_EDGE('',*,*,#4688,.T.);
#5065 = ORIENTED_EDGE('',*,*,#5051,.T.);
#5066 = ORIENTED_EDGE('',*,*,#4853,.F.);
#5067 = ORIENTED_EDGE('',*,*,#5068,.F.);
#5068 = EDGE_CURVE('',#4689,#4846,#5069,.T.);
#5069 = LINE('',#5070,#5071);
#5070 = CARTESIAN_POINT('',(-3.63,-3.5,-3.25));
#5071 = VECTOR('',#5072,1.);
#5072 = DIRECTION('',(-1.,0.,0.));
#5073 = PLANE('',#5074);
#5074 = AXIS2_PLACEMENT_3D('',#5075,#5076,#5077);
#5075 = CARTESIAN_POINT('',(-3.63,-3.5,-3.25));
#5076 = DIRECTION('',(0.,-1.,0.));
#5077 = DIRECTION('',(0.,0.,-1.));
#5078 = ADVANCED_FACE('',(#5079),#5085,.T.);
#5079 = FACE_BOUND('',#5080,.T.);
#5080 = EDGE_LOOP('',(#5081,#5082,#5083,#5084));
#5081 = ORIENTED_EDGE('',*,*,#1915,.F.);
#5082 = ORIENTED_EDGE('',*,*,#4696,.T.);
#5083 = ORIENTED_EDGE('',*,*,#5068,.T.);
#5084 = ORIENTED_EDGE('',*,*,#4845,.F.);
#5085 = PLANE('',#5086);
#5086 = AXIS2_PLACEMENT_3D('',#5087,#5088,#5089);
#5087 = CARTESIAN_POINT('',(-3.63,3.7,-3.25));
#5088 = DIRECTION('',(0.,0.,-1.));
#5089 = DIRECTION('',(0.,-1.,0.));
#5090 = ADVANCED_FACE('',(#5091),#5102,.T.);
#5091 = FACE_BOUND('',#5092,.T.);
#5092 = EDGE_LOOP('',(#5093,#5094,#5095,#5101));
#5093 = ORIENTED_EDGE('',*,*,#2005,.T.);
#5094 = ORIENTED_EDGE('',*,*,#4908,.F.);
#5095 = ORIENTED_EDGE('',*,*,#5096,.F.);
#5096 = EDGE_CURVE('',#4712,#4901,#5097,.T.);
#5097 = LINE('',#5098,#5099);
#5098 = CARTESIAN_POINT('',(-3.63,-3.5,2.85));
#5099 = VECTOR('',#5100,1.);
#5100 = DIRECTION('',(-1.,0.,0.));
#5101 = ORIENTED_EDGE('',*,*,#4711,.T.);
#5102 = PLANE('',#5103);
#5103 = AXIS2_PLACEMENT_3D('',#5104,#5105,#5106);
#5104 = CARTESIAN_POINT('',(-3.63,-3.5,2.85));
#5105 = DIRECTION('',(0.,0.,1.));
#5106 = DIRECTION('',(1.,0.,-0.));
#5107 = ADVANCED_FACE('',(#5108),#5119,.T.);
#5108 = FACE_BOUND('',#5109,.T.);
#5109 = EDGE_LOOP('',(#5110,#5111,#5112,#5113));
#5110 = ORIENTED_EDGE('',*,*,#4719,.T.);
#5111 = ORIENTED_EDGE('',*,*,#5096,.T.);
#5112 = ORIENTED_EDGE('',*,*,#4900,.F.);
#5113 = ORIENTED_EDGE('',*,*,#5114,.F.);
#5114 = EDGE_CURVE('',#4720,#4893,#5115,.T.);
#5115 = LINE('',#5116,#5117);
#5116 = CARTESIAN_POINT('',(-3.63,-3.5,2.7));
#5117 = VECTOR('',#5118,1.);
#5118 = DIRECTION('',(-1.,0.,0.));
#5119 = PLANE('',#5120);
#5120 = AXIS2_PLACEMENT_3D('',#5121,#5122,#5123);
#5121 = CARTESIAN_POINT('',(-3.63,-3.5,2.7));
#5122 = DIRECTION('',(0.,-1.,0.));
#5123 = DIRECTION('',(0.,0.,-1.));
#5124 = ADVANCED_FACE('',(#5125),#5136,.T.);
#5125 = FACE_BOUND('',#5126,.T.);
#5126 = EDGE_LOOP('',(#5127,#5128,#5129,#5130));
#5127 = ORIENTED_EDGE('',*,*,#4727,.T.);
#5128 = ORIENTED_EDGE('',*,*,#5114,.T.);
#5129 = ORIENTED_EDGE('',*,*,#4892,.F.);
#5130 = ORIENTED_EDGE('',*,*,#5131,.F.);
#5131 = EDGE_CURVE('',#4728,#4885,#5132,.T.);
#5132 = LINE('',#5133,#5134);
#5133 = CARTESIAN_POINT('',(-3.63,-2.23,2.25));
#5134 = VECTOR('',#5135,1.);
#5135 = DIRECTION('',(-1.,0.,0.));
#5136 = PLANE('',#5137);
#5137 = AXIS2_PLACEMENT_3D('',#5138,#5139,#5140);
#5138 = CARTESIAN_POINT('',(-3.63,-2.23,2.25));
#5139 = DIRECTION('',(0.,-0.333984527886,-0.942578556478));
#5140 = DIRECTION('',(0.,-0.942578556478,0.333984527886));
#5141 = ADVANCED_FACE('',(#5142),#5148,.T.);
#5142 = FACE_BOUND('',#5143,.T.);
#5143 = EDGE_LOOP('',(#5144,#5145,#5146,#5147));
#5144 = ORIENTED_EDGE('',*,*,#1989,.F.);
#5145 = ORIENTED_EDGE('',*,*,#4735,.T.);
#5146 = ORIENTED_EDGE('',*,*,#5131,.T.);
#5147 = ORIENTED_EDGE('',*,*,#4884,.F.);
#5148 = PLANE('',#5149);
#5149 = AXIS2_PLACEMENT_3D('',#5150,#5151,#5152);
#5150 = CARTESIAN_POINT('',(-3.63,3.7,2.25));
#5151 = DIRECTION('',(0.,0.,-1.));
#5152 = DIRECTION('',(0.,-1.,0.));
#5153 = ADVANCED_FACE('',(#5154),#5160,.F.);
#5154 = FACE_BOUND('',#5155,.T.);
#5155 = EDGE_LOOP('',(#5156,#5157,#5158,#5159));
#5156 = ORIENTED_EDGE('',*,*,#2198,.F.);
#5157 = ORIENTED_EDGE('',*,*,#3027,.T.);
#5158 = ORIENTED_EDGE('',*,*,#1971,.F.);
#5159 = ORIENTED_EDGE('',*,*,#1455,.T.);
#5160 = PLANE('',#5161);
#5161 = AXIS2_PLACEMENT_3D('',#5162,#5163,#5164);
#5162 = CARTESIAN_POINT('',(-3.2,0.,3.8));
#5163 = DIRECTION('',(1.,0.,0.));
#5164 = DIRECTION('',(-0.,1.,0.));
#5165 = ADVANCED_FACE('',(#5166),#5172,.T.);
#5166 = FACE_BOUND('',#5167,.T.);
#5167 = EDGE_LOOP('',(#5168,#5169,#5170,#5171));
#5168 = ORIENTED_EDGE('',*,*,#829,.F.);
#5169 = ORIENTED_EDGE('',*,*,#2638,.T.);
#5170 = ORIENTED_EDGE('',*,*,#733,.F.);
#5171 = ORIENTED_EDGE('',*,*,#1078,.F.);
#5172 = PLANE('',#5173);
#5173 = AXIS2_PLACEMENT_3D('',#5174,#5175,#5176);
#5174 = CARTESIAN_POINT('',(-7.3,12.8,-2.99));
#5175 = DIRECTION('',(-0.707106781187,0.,-0.707106781187));
#5176 = DIRECTION('',(-0.707106781187,0.,0.707106781187));
#5177 = ADVANCED_FACE('',(#5178),#5203,.F.);
#5178 = FACE_BOUND('',#5179,.T.);
#5179 = EDGE_LOOP('',(#5180,#5181,#5189,#5197));
#5180 = ORIENTED_EDGE('',*,*,#2660,.T.);
#5181 = ORIENTED_EDGE('',*,*,#5182,.T.);
#5182 = EDGE_CURVE('',#2663,#5183,#5185,.T.);
#5183 = VERTEX_POINT('',#5184);
#5184 = CARTESIAN_POINT('',(6.,3.7,0.3));
#5185 = LINE('',#5186,#5187);
#5186 = CARTESIAN_POINT('',(6.,12.8,0.3));
#5187 = VECTOR('',#5188,1.);
#5188 = DIRECTION('',(0.,-1.,0.));
#5189 = ORIENTED_EDGE('',*,*,#5190,.F.);
#5190 = EDGE_CURVE('',#5191,#5183,#5193,.T.);
#5191 = VERTEX_POINT('',#5192);
#5192 = CARTESIAN_POINT('',(6.,3.7,3.9));
#5193 = LINE('',#5194,#5195);
#5194 = CARTESIAN_POINT('',(6.,3.7,3.9));
#5195 = VECTOR('',#5196,1.);
#5196 = DIRECTION('',(0.,0.,-1.));
#5197 = ORIENTED_EDGE('',*,*,#5198,.F.);
#5198 = EDGE_CURVE('',#2661,#5191,#5199,.T.);
#5199 = LINE('',#5200,#5201);
#5200 = CARTESIAN_POINT('',(6.,12.8,3.9));
#5201 = VECTOR('',#5202,1.);
#5202 = DIRECTION('',(0.,-1.,0.));
#5203 = PLANE('',#5204);
#5204 = AXIS2_PLACEMENT_3D('',#5205,#5206,#5207);
#5205 = CARTESIAN_POINT('',(6.,12.8,3.9));
#5206 = DIRECTION('',(1.,0.,0.));
#5207 = DIRECTION('',(-0.,1.,0.));
#5208 = ADVANCED_FACE('',(#5209),#5227,.F.);
#5209 = FACE_BOUND('',#5210,.T.);
#5210 = EDGE_LOOP('',(#5211,#5212,#5213,#5221));
#5211 = ORIENTED_EDGE('',*,*,#2670,.T.);
#5212 = ORIENTED_EDGE('',*,*,#5198,.T.);
#5213 = ORIENTED_EDGE('',*,*,#5214,.F.);
#5214 = EDGE_CURVE('',#5215,#5191,#5217,.T.);
#5215 = VERTEX_POINT('',#5216);
#5216 = CARTESIAN_POINT('',(2.4,3.7,3.9));
#5217 = LINE('',#5218,#5219);
#5218 = CARTESIAN_POINT('',(2.4,3.7,3.9));
#5219 = VECTOR('',#5220,1.);
#5220 = DIRECTION('',(1.,0.,0.));
#5221 = ORIENTED_EDGE('',*,*,#5222,.F.);
#5222 = EDGE_CURVE('',#2671,#5215,#5223,.T.);
#5223 = LINE('',#5224,#5225);
#5224 = CARTESIAN_POINT('',(2.4,12.8,3.9));
#5225 = VECTOR('',#5226,1.);
#5226 = DIRECTION('',(0.,-1.,0.));
#5227 = PLANE('',#5228);
#5228 = AXIS2_PLACEMENT_3D('',#5229,#5230,#5231);
#5229 = CARTESIAN_POINT('',(2.4,12.8,3.9));
#5230 = DIRECTION('',(0.,0.,1.));
#5231 = DIRECTION('',(1.,0.,-0.));
#5232 = ADVANCED_FACE('',(#5233),#5251,.F.);
#5233 = FACE_BOUND('',#5234,.T.);
#5234 = EDGE_LOOP('',(#5235,#5236,#5237,#5245));
#5235 = ORIENTED_EDGE('',*,*,#2678,.T.);
#5236 = ORIENTED_EDGE('',*,*,#5222,.T.);
#5237 = ORIENTED_EDGE('',*,*,#5238,.F.);
#5238 = EDGE_CURVE('',#5239,#5215,#5241,.T.);
#5239 = VERTEX_POINT('',#5240);
#5240 = CARTESIAN_POINT('',(2.4,3.7,0.3));
#5241 = LINE('',#5242,#5243);
#5242 = CARTESIAN_POINT('',(2.4,3.7,0.3));
#5243 = VECTOR('',#5244,1.);
#5244 = DIRECTION('',(0.,0.,1.));
#5245 = ORIENTED_EDGE('',*,*,#5246,.F.);
#5246 = EDGE_CURVE('',#2679,#5239,#5247,.T.);
#5247 = LINE('',#5248,#5249);
#5248 = CARTESIAN_POINT('',(2.4,12.8,0.3));
#5249 = VECTOR('',#5250,1.);
#5250 = DIRECTION('',(0.,-1.,0.));
#5251 = PLANE('',#5252);
#5252 = AXIS2_PLACEMENT_3D('',#5253,#5254,#5255);
#5253 = CARTESIAN_POINT('',(2.4,12.8,0.3));
#5254 = DIRECTION('',(-1.,0.,0.));
#5255 = DIRECTION('',(0.,0.,1.));
#5256 = ADVANCED_FACE('',(#5257),#5268,.F.);
#5257 = FACE_BOUND('',#5258,.T.);
#5258 = EDGE_LOOP('',(#5259,#5260,#5261,#5267));
#5259 = ORIENTED_EDGE('',*,*,#2686,.T.);
#5260 = ORIENTED_EDGE('',*,*,#5246,.T.);
#5261 = ORIENTED_EDGE('',*,*,#5262,.F.);
#5262 = EDGE_CURVE('',#5183,#5239,#5263,.T.);
#5263 = LINE('',#5264,#5265);
#5264 = CARTESIAN_POINT('',(6.,3.7,0.3));
#5265 = VECTOR('',#5266,1.);
#5266 = DIRECTION('',(-1.,0.,0.));
#5267 = ORIENTED_EDGE('',*,*,#5182,.F.);
#5268 = PLANE('',#5269);
#5269 = AXIS2_PLACEMENT_3D('',#5270,#5271,#5272);
#5270 = CARTESIAN_POINT('',(6.,12.8,0.3));
#5271 = DIRECTION('',(0.,0.,-1.));
#5272 = DIRECTION('',(0.,-1.,0.));
#5273 = ADVANCED_FACE('',(#5274,#5280),#5314,.T.);
#5274 = FACE_BOUND('',#5275,.T.);
#5275 = EDGE_LOOP('',(#5276,#5277,#5278,#5279));
#5276 = ORIENTED_EDGE('',*,*,#5190,.T.);
#5277 = ORIENTED_EDGE('',*,*,#5262,.T.);
#5278 = ORIENTED_EDGE('',*,*,#5238,.T.);
#5279 = ORIENTED_EDGE('',*,*,#5214,.T.);
#5280 = FACE_BOUND('',#5281,.T.);
#5281 = EDGE_LOOP('',(#5282,#5292,#5300,#5308));
#5282 = ORIENTED_EDGE('',*,*,#5283,.T.);
#5283 = EDGE_CURVE('',#5284,#5286,#5288,.T.);
#5284 = VERTEX_POINT('',#5285);
#5285 = CARTESIAN_POINT('',(4.77,3.7,1.31));
#5286 = VERTEX_POINT('',#5287);
#5287 = CARTESIAN_POINT('',(4.77,3.7,2.85));
#5288 = LINE('',#5289,#5290);
#5289 = CARTESIAN_POINT('',(4.77,3.7,1.31));
#5290 = VECTOR('',#5291,1.);
#5291 = DIRECTION('',(0.,0.,1.));
#5292 = ORIENTED_EDGE('',*,*,#5293,.T.);
#5293 = EDGE_CURVE('',#5286,#5294,#5296,.T.);
#5294 = VERTEX_POINT('',#5295);
#5295 = CARTESIAN_POINT('',(3.63,3.7,2.85));
#5296 = LINE('',#5297,#5298);
#5297 = CARTESIAN_POINT('',(4.77,3.7,2.85));
#5298 = VECTOR('',#5299,1.);
#5299 = DIRECTION('',(-1.,0.,0.));
#5300 = ORIENTED_EDGE('',*,*,#5301,.F.);
#5301 = EDGE_CURVE('',#5302,#5294,#5304,.T.);
#5302 = VERTEX_POINT('',#5303);
#5303 = CARTESIAN_POINT('',(3.63,3.7,1.31));
#5304 = LINE('',#5305,#5306);
#5305 = CARTESIAN_POINT('',(3.63,3.7,1.31));
#5306 = VECTOR('',#5307,1.);
#5307 = DIRECTION('',(0.,0.,1.));
#5308 = ORIENTED_EDGE('',*,*,#5309,.F.);
#5309 = EDGE_CURVE('',#5284,#5302,#5310,.T.);
#5310 = LINE('',#5311,#5312);
#5311 = CARTESIAN_POINT('',(4.77,3.7,1.31));
#5312 = VECTOR('',#5313,1.);
#5313 = DIRECTION('',(-1.,0.,0.));
#5314 = PLANE('',#5315);
#5315 = AXIS2_PLACEMENT_3D('',#5316,#5317,#5318);
#5316 = CARTESIAN_POINT('',(-6.9,3.7,-4.8));
#5317 = DIRECTION('',(-0.,1.,0.));
#5318 = DIRECTION('',(1.,0.,0.));
#5319 = ADVANCED_FACE('',(#5320,#5370),#5404,.T.);
#5320 = FACE_BOUND('',#5321,.T.);
#5321 = EDGE_LOOP('',(#5322,#5332,#5340,#5348,#5356,#5364));
#5322 = ORIENTED_EDGE('',*,*,#5323,.T.);
#5323 = EDGE_CURVE('',#5324,#5326,#5328,.T.);
#5324 = VERTEX_POINT('',#5325);
#5325 = CARTESIAN_POINT('',(6.,3.7,-1.2));
#5326 = VERTEX_POINT('',#5327);
#5327 = CARTESIAN_POINT('',(6.,3.7,-3.9));
#5328 = LINE('',#5329,#5330);
#5329 = CARTESIAN_POINT('',(6.,3.7,-1.2));
#5330 = VECTOR('',#5331,1.);
#5331 = DIRECTION('',(0.,0.,-1.));
#5332 = ORIENTED_EDGE('',*,*,#5333,.T.);
#5333 = EDGE_CURVE('',#5326,#5334,#5336,.T.);
#5334 = VERTEX_POINT('',#5335);
#5335 = CARTESIAN_POINT('',(2.4,3.7,-3.9));
#5336 = LINE('',#5337,#5338);
#5337 = CARTESIAN_POINT('',(6.,3.7,-3.9));
#5338 = VECTOR('',#5339,1.);
#5339 = DIRECTION('',(-1.,0.,0.));
#5340 = ORIENTED_EDGE('',*,*,#5341,.T.);
#5341 = EDGE_CURVE('',#5334,#5342,#5344,.T.);
#5342 = VERTEX_POINT('',#5343);
#5343 = CARTESIAN_POINT('',(2.4,3.7,-1.2));
#5344 = LINE('',#5345,#5346);
#5345 = CARTESIAN_POINT('',(2.4,3.7,-3.9));
#5346 = VECTOR('',#5347,1.);
#5347 = DIRECTION('',(0.,0.,1.));
#5348 = ORIENTED_EDGE('',*,*,#5349,.T.);
#5349 = EDGE_CURVE('',#5342,#5350,#5352,.T.);
#5350 = VERTEX_POINT('',#5351);
#5351 = CARTESIAN_POINT('',(3.3,3.7,-0.3));
#5352 = LINE('',#5353,#5354);
#5353 = CARTESIAN_POINT('',(2.4,3.7,-1.2));
#5354 = VECTOR('',#5355,1.);
#5355 = DIRECTION('',(0.707106781187,0.,0.707106781187));
#5356 = ORIENTED_EDGE('',*,*,#5357,.T.);
#5357 = EDGE_CURVE('',#5350,#5358,#5360,.T.);
#5358 = VERTEX_POINT('',#5359);
#5359 = CARTESIAN_POINT('',(5.1,3.7,-0.3));
#5360 = LINE('',#5361,#5362);
#5361 = CARTESIAN_POINT('',(3.3,3.7,-0.3));
#5362 = VECTOR('',#5363,1.);
#5363 = DIRECTION('',(1.,0.,0.));
#5364 = ORIENTED_EDGE('',*,*,#5365,.T.);
#5365 = EDGE_CURVE('',#5358,#5324,#5366,.T.);
#5366 = LINE('',#5367,#5368);
#5367 = CARTESIAN_POINT('',(5.1,3.7,-0.3));
#5368 = VECTOR('',#5369,1.);
#5369 = DIRECTION('',(0.707106781187,0.,-0.707106781187));
#5370 = FACE_BOUND('',#5371,.T.);
#5371 = EDGE_LOOP('',(#5372,#5382,#5390,#5398));
#5372 = ORIENTED_EDGE('',*,*,#5373,.T.);
#5373 = EDGE_CURVE('',#5374,#5376,#5378,.T.);
#5374 = VERTEX_POINT('',#5375);
#5375 = CARTESIAN_POINT('',(4.77,3.7,-3.25));
#5376 = VERTEX_POINT('',#5377);
#5377 = CARTESIAN_POINT('',(4.77,3.7,-1.71));
#5378 = LINE('',#5379,#5380);
#5379 = CARTESIAN_POINT('',(4.77,3.7,-3.25));
#5380 = VECTOR('',#5381,1.);
#5381 = DIRECTION('',(0.,0.,1.));
#5382 = ORIENTED_EDGE('',*,*,#5383,.T.);
#5383 = EDGE_CURVE('',#5376,#5384,#5386,.T.);
#5384 = VERTEX_POINT('',#5385);
#5385 = CARTESIAN_POINT('',(3.63,3.7,-1.71));
#5386 = LINE('',#5387,#5388);
#5387 = CARTESIAN_POINT('',(4.77,3.7,-1.71));
#5388 = VECTOR('',#5389,1.);
#5389 = DIRECTION('',(-1.,0.,0.));
#5390 = ORIENTED_EDGE('',*,*,#5391,.F.);
#5391 = EDGE_CURVE('',#5392,#5384,#5394,.T.);
#5392 = VERTEX_POINT('',#5393);
#5393 = CARTESIAN_POINT('',(3.63,3.7,-3.25));
#5394 = LINE('',#5395,#5396);
#5395 = CARTESIAN_POINT('',(3.63,3.7,-3.25));
#5396 = VECTOR('',#5397,1.);
#5397 = DIRECTION('',(0.,0.,1.));
#5398 = ORIENTED_EDGE('',*,*,#5399,.F.);
#5399 = EDGE_CURVE('',#5374,#5392,#5400,.T.);
#5400 = LINE('',#5401,#5402);
#5401 = CARTESIAN_POINT('',(4.77,3.7,-3.25));
#5402 = VECTOR('',#5403,1.);
#5403 = DIRECTION('',(-1.,0.,0.));
#5404 = PLANE('',#5405);
#5405 = AXIS2_PLACEMENT_3D('',#5406,#5407,#5408);
#5406 = CARTESIAN_POINT('',(-6.9,3.7,-4.8));
#5407 = DIRECTION('',(-0.,1.,0.));
#5408 = DIRECTION('',(1.,0.,0.));
#5409 = ADVANCED_FACE('',(#5410),#5426,.F.);
#5410 = FACE_BOUND('',#5411,.T.);
#5411 = EDGE_LOOP('',(#5412,#5413,#5419,#5420));
#5412 = ORIENTED_EDGE('',*,*,#2694,.T.);
#5413 = ORIENTED_EDGE('',*,*,#5414,.T.);
#5414 = EDGE_CURVE('',#2697,#5326,#5415,.T.);
#5415 = LINE('',#5416,#5417);
#5416 = CARTESIAN_POINT('',(6.,12.8,-3.9));
#5417 = VECTOR('',#5418,1.);
#5418 = DIRECTION('',(0.,-1.,0.));
#5419 = ORIENTED_EDGE('',*,*,#5323,.F.);
#5420 = ORIENTED_EDGE('',*,*,#5421,.F.);
#5421 = EDGE_CURVE('',#2695,#5324,#5422,.T.);
#5422 = LINE('',#5423,#5424);
#5423 = CARTESIAN_POINT('',(6.,12.8,-1.2));
#5424 = VECTOR('',#5425,1.);
#5425 = DIRECTION('',(0.,-1.,0.));
#5426 = PLANE('',#5427);
#5427 = AXIS2_PLACEMENT_3D('',#5428,#5429,#5430);
#5428 = CARTESIAN_POINT('',(6.,12.8,-1.2));
#5429 = DIRECTION('',(1.,0.,0.));
#5430 = DIRECTION('',(-0.,1.,0.));
#5431 = ADVANCED_FACE('',(#5432),#5443,.F.);
#5432 = FACE_BOUND('',#5433,.T.);
#5433 = EDGE_LOOP('',(#5434,#5435,#5436,#5437));
#5434 = ORIENTED_EDGE('',*,*,#2704,.T.);
#5435 = ORIENTED_EDGE('',*,*,#5421,.T.);
#5436 = ORIENTED_EDGE('',*,*,#5365,.F.);
#5437 = ORIENTED_EDGE('',*,*,#5438,.F.);
#5438 = EDGE_CURVE('',#2705,#5358,#5439,.T.);
#5439 = LINE('',#5440,#5441);
#5440 = CARTESIAN_POINT('',(5.1,12.8,-0.3));
#5441 = VECTOR('',#5442,1.);
#5442 = DIRECTION('',(0.,-1.,0.));
#5443 = PLANE('',#5444);
#5444 = AXIS2_PLACEMENT_3D('',#5445,#5446,#5447);
#5445 = CARTESIAN_POINT('',(5.1,12.8,-0.3));
#5446 = DIRECTION('',(0.707106781187,0.,0.707106781187));
#5447 = DIRECTION('',(0.,-1.,0.));
#5448 = ADVANCED_FACE('',(#5449),#5460,.F.);
#5449 = FACE_BOUND('',#5450,.T.);
#5450 = EDGE_LOOP('',(#5451,#5452,#5453,#5454));
#5451 = ORIENTED_EDGE('',*,*,#2712,.T.);
#5452 = ORIENTED_EDGE('',*,*,#5438,.T.);
#5453 = ORIENTED_EDGE('',*,*,#5357,.F.);
#5454 = ORIENTED_EDGE('',*,*,#5455,.F.);
#5455 = EDGE_CURVE('',#2713,#5350,#5456,.T.);
#5456 = LINE('',#5457,#5458);
#5457 = CARTESIAN_POINT('',(3.3,12.8,-0.3));
#5458 = VECTOR('',#5459,1.);
#5459 = DIRECTION('',(0.,-1.,0.));
#5460 = PLANE('',#5461);
#5461 = AXIS2_PLACEMENT_3D('',#5462,#5463,#5464);
#5462 = CARTESIAN_POINT('',(3.3,12.8,-0.3));
#5463 = DIRECTION('',(0.,0.,1.));
#5464 = DIRECTION('',(1.,0.,-0.));
#5465 = ADVANCED_FACE('',(#5466),#5477,.F.);
#5466 = FACE_BOUND('',#5467,.T.);
#5467 = EDGE_LOOP('',(#5468,#5469,#5470,#5471));
#5468 = ORIENTED_EDGE('',*,*,#2720,.T.);
#5469 = ORIENTED_EDGE('',*,*,#5455,.T.);
#5470 = ORIENTED_EDGE('',*,*,#5349,.F.);
#5471 = ORIENTED_EDGE('',*,*,#5472,.F.);
#5472 = EDGE_CURVE('',#2721,#5342,#5473,.T.);
#5473 = LINE('',#5474,#5475);
#5474 = CARTESIAN_POINT('',(2.4,12.8,-1.2));
#5475 = VECTOR('',#5476,1.);
#5476 = DIRECTION('',(0.,-1.,0.));
#5477 = PLANE('',#5478);
#5478 = AXIS2_PLACEMENT_3D('',#5479,#5480,#5481);
#5479 = CARTESIAN_POINT('',(2.4,12.8,-1.2));
#5480 = DIRECTION('',(-0.707106781187,0.,0.707106781187));
#5481 = DIRECTION('',(0.,1.,0.));
#5482 = ADVANCED_FACE('',(#5483),#5494,.F.);
#5483 = FACE_BOUND('',#5484,.T.);
#5484 = EDGE_LOOP('',(#5485,#5486,#5487,#5488));
#5485 = ORIENTED_EDGE('',*,*,#2728,.T.);
#5486 = ORIENTED_EDGE('',*,*,#5472,.T.);
#5487 = ORIENTED_EDGE('',*,*,#5341,.F.);
#5488 = ORIENTED_EDGE('',*,*,#5489,.F.);
#5489 = EDGE_CURVE('',#2729,#5334,#5490,.T.);
#5490 = LINE('',#5491,#5492);
#5491 = CARTESIAN_POINT('',(2.4,12.8,-3.9));
#5492 = VECTOR('',#5493,1.);
#5493 = DIRECTION('',(0.,-1.,0.));
#5494 = PLANE('',#5495);
#5495 = AXIS2_PLACEMENT_3D('',#5496,#5497,#5498);
#5496 = CARTESIAN_POINT('',(2.4,12.8,-3.9));
#5497 = DIRECTION('',(-1.,0.,0.));
#5498 = DIRECTION('',(0.,0.,1.));
#5499 = ADVANCED_FACE('',(#5500),#5506,.F.);
#5500 = FACE_BOUND('',#5501,.T.);
#5501 = EDGE_LOOP('',(#5502,#5503,#5504,#5505));
#5502 = ORIENTED_EDGE('',*,*,#2736,.T.);
#5503 = ORIENTED_EDGE('',*,*,#5489,.T.);
#5504 = ORIENTED_EDGE('',*,*,#5333,.F.);
#5505 = ORIENTED_EDGE('',*,*,#5414,.F.);
#5506 = PLANE('',#5507);
#5507 = AXIS2_PLACEMENT_3D('',#5508,#5509,#5510);
#5508 = CARTESIAN_POINT('',(6.,12.8,-3.9));
#5509 = DIRECTION('',(0.,0.,-1.));
#5510 = DIRECTION('',(0.,-1.,0.));
#5511 = ADVANCED_FACE('',(#5512),#5545,.F.);
#5512 = FACE_BOUND('',#5513,.T.);
#5513 = EDGE_LOOP('',(#5514,#5515,#5523,#5531,#5539));
#5514 = ORIENTED_EDGE('',*,*,#5373,.F.);
#5515 = ORIENTED_EDGE('',*,*,#5516,.F.);
#5516 = EDGE_CURVE('',#5517,#5374,#5519,.T.);
#5517 = VERTEX_POINT('',#5518);
#5518 = CARTESIAN_POINT('',(4.77,4.3,-2.85));
#5519 = LINE('',#5520,#5521);
#5520 = CARTESIAN_POINT('',(4.77,4.3,-2.85));
#5521 = VECTOR('',#5522,1.);
#5522 = DIRECTION('',(0.,-0.832050294338,-0.554700196225));
#5523 = ORIENTED_EDGE('',*,*,#5524,.F.);
#5524 = EDGE_CURVE('',#5525,#5517,#5527,.T.);
#5525 = VERTEX_POINT('',#5526);
#5526 = CARTESIAN_POINT('',(4.77,9.2,-2.85));
#5527 = LINE('',#5528,#5529);
#5528 = CARTESIAN_POINT('',(4.77,9.2,-2.85));
#5529 = VECTOR('',#5530,1.);
#5530 = DIRECTION('',(0.,-1.,0.));
#5531 = ORIENTED_EDGE('',*,*,#5532,.F.);
#5532 = EDGE_CURVE('',#5533,#5525,#5535,.T.);
#5533 = VERTEX_POINT('',#5534);
#5534 = CARTESIAN_POINT('',(4.77,9.2,-1.71));
#5535 = LINE('',#5536,#5537);
#5536 = CARTESIAN_POINT('',(4.77,9.2,-1.71));
#5537 = VECTOR('',#5538,1.);
#5538 = DIRECTION('',(0.,0.,-1.));
#5539 = ORIENTED_EDGE('',*,*,#5540,.F.);
#5540 = EDGE_CURVE('',#5376,#5533,#5541,.T.);
#5541 = LINE('',#5542,#5543);
#5542 = CARTESIAN_POINT('',(4.77,3.7,-1.71));
#5543 = VECTOR('',#5544,1.);
#5544 = DIRECTION('',(0.,1.,0.));
#5545 = PLANE('',#5546);
#5546 = AXIS2_PLACEMENT_3D('',#5547,#5548,#5549);
#5547 = CARTESIAN_POINT('',(4.77,0.,0.));
#5548 = DIRECTION('',(-1.,0.,0.));
#5549 = DIRECTION('',(0.,0.,1.));
#5550 = ADVANCED_FACE('',(#5551),#5584,.F.);
#5551 = FACE_BOUND('',#5552,.T.);
#5552 = EDGE_LOOP('',(#5553,#5554,#5562,#5570,#5578));
#5553 = ORIENTED_EDGE('',*,*,#5283,.F.);
#5554 = ORIENTED_EDGE('',*,*,#5555,.F.);
#5555 = EDGE_CURVE('',#5556,#5284,#5558,.T.);
#5556 = VERTEX_POINT('',#5557);
#5557 = CARTESIAN_POINT('',(4.77,9.2,1.31));
#5558 = LINE('',#5559,#5560);
#5559 = CARTESIAN_POINT('',(4.77,9.2,1.31));
#5560 = VECTOR('',#5561,1.);
#5561 = DIRECTION('',(0.,-1.,0.));
#5562 = ORIENTED_EDGE('',*,*,#5563,.F.);
#5563 = EDGE_CURVE('',#5564,#5556,#5566,.T.);
#5564 = VERTEX_POINT('',#5565);
#5565 = CARTESIAN_POINT('',(4.77,9.2,2.45));
#5566 = LINE('',#5567,#5568);
#5567 = CARTESIAN_POINT('',(4.77,9.2,2.45));
#5568 = VECTOR('',#5569,1.);
#5569 = DIRECTION('',(0.,0.,-1.));
#5570 = ORIENTED_EDGE('',*,*,#5571,.F.);
#5571 = EDGE_CURVE('',#5572,#5564,#5574,.T.);
#5572 = VERTEX_POINT('',#5573);
#5573 = CARTESIAN_POINT('',(4.77,4.3,2.45));
#5574 = LINE('',#5575,#5576);
#5575 = CARTESIAN_POINT('',(4.77,4.3,2.45));
#5576 = VECTOR('',#5577,1.);
#5577 = DIRECTION('',(0.,1.,0.));
#5578 = ORIENTED_EDGE('',*,*,#5579,.F.);
#5579 = EDGE_CURVE('',#5286,#5572,#5580,.T.);
#5580 = LINE('',#5581,#5582);
#5581 = CARTESIAN_POINT('',(4.77,3.7,2.85));
#5582 = VECTOR('',#5583,1.);
#5583 = DIRECTION('',(0.,0.832050294338,-0.554700196225));
#5584 = PLANE('',#5585);
#5585 = AXIS2_PLACEMENT_3D('',#5586,#5587,#5588);
#5586 = CARTESIAN_POINT('',(4.77,0.,0.));
#5587 = DIRECTION('',(-1.,0.,0.));
#5588 = DIRECTION('',(0.,0.,1.));
#5589 = ADVANCED_FACE('',(#5590),#5623,.F.);
#5590 = FACE_BOUND('',#5591,.T.);
#5591 = EDGE_LOOP('',(#5592,#5600,#5601,#5609,#5617));
#5592 = ORIENTED_EDGE('',*,*,#5593,.F.);
#5593 = EDGE_CURVE('',#1659,#5594,#5596,.T.);
#5594 = VERTEX_POINT('',#5595);
#5595 = CARTESIAN_POINT('',(4.77,-2.23,2.25));
#5596 = LINE('',#5597,#5598);
#5597 = CARTESIAN_POINT('',(4.77,0.8,2.25));
#5598 = VECTOR('',#5599,1.);
#5599 = DIRECTION('',(0.,-1.,0.));
#5600 = ORIENTED_EDGE('',*,*,#1658,.T.);
#5601 = ORIENTED_EDGE('',*,*,#5602,.F.);
#5602 = EDGE_CURVE('',#5603,#1661,#5605,.T.);
#5603 = VERTEX_POINT('',#5604);
#5604 = CARTESIAN_POINT('',(4.77,-3.5,2.85));
#5605 = LINE('',#5606,#5607);
#5606 = CARTESIAN_POINT('',(4.77,-3.5,2.85));
#5607 = VECTOR('',#5608,1.);
#5608 = DIRECTION('',(0.,1.,0.));
#5609 = ORIENTED_EDGE('',*,*,#5610,.F.);
#5610 = EDGE_CURVE('',#5611,#5603,#5613,.T.);
#5611 = VERTEX_POINT('',#5612);
#5612 = CARTESIAN_POINT('',(4.77,-3.5,2.7));
#5613 = LINE('',#5614,#5615);
#5614 = CARTESIAN_POINT('',(4.77,-3.5,2.7));
#5615 = VECTOR('',#5616,1.);
#5616 = DIRECTION('',(0.,0.,1.));
#5617 = ORIENTED_EDGE('',*,*,#5618,.F.);
#5618 = EDGE_CURVE('',#5594,#5611,#5619,.T.);
#5619 = LINE('',#5620,#5621);
#5620 = CARTESIAN_POINT('',(4.77,-2.23,2.25));
#5621 = VECTOR('',#5622,1.);
#5622 = DIRECTION('',(0.,-0.942578556478,0.333984527886));
#5623 = PLANE('',#5624);
#5624 = AXIS2_PLACEMENT_3D('',#5625,#5626,#5627);
#5625 = CARTESIAN_POINT('',(4.77,0.,0.));
#5626 = DIRECTION('',(-1.,0.,0.));
#5627 = DIRECTION('',(0.,0.,1.));
#5628 = ADVANCED_FACE('',(#5629),#5662,.F.);
#5629 = FACE_BOUND('',#5630,.T.);
#5630 = EDGE_LOOP('',(#5631,#5632,#5640,#5648,#5656));
#5631 = ORIENTED_EDGE('',*,*,#1584,.T.);
#5632 = ORIENTED_EDGE('',*,*,#5633,.F.);
#5633 = EDGE_CURVE('',#5634,#1587,#5636,.T.);
#5634 = VERTEX_POINT('',#5635);
#5635 = CARTESIAN_POINT('',(4.77,-2.23,-2.65));
#5636 = LINE('',#5637,#5638);
#5637 = CARTESIAN_POINT('',(4.77,-2.23,-2.65));
#5638 = VECTOR('',#5639,1.);
#5639 = DIRECTION('',(0.,1.,0.));
#5640 = ORIENTED_EDGE('',*,*,#5641,.F.);
#5641 = EDGE_CURVE('',#5642,#5634,#5644,.T.);
#5642 = VERTEX_POINT('',#5643);
#5643 = CARTESIAN_POINT('',(4.77,-3.5,-3.1));
#5644 = LINE('',#5645,#5646);
#5645 = CARTESIAN_POINT('',(4.77,-3.5,-3.1));
#5646 = VECTOR('',#5647,1.);
#5647 = DIRECTION('',(0.,0.942578556478,0.333984527886));
#5648 = ORIENTED_EDGE('',*,*,#5649,.F.);
#5649 = EDGE_CURVE('',#5650,#5642,#5652,.T.);
#5650 = VERTEX_POINT('',#5651);
#5651 = CARTESIAN_POINT('',(4.77,-3.5,-3.25));
#5652 = LINE('',#5653,#5654);
#5653 = CARTESIAN_POINT('',(4.77,-3.5,-3.25));
#5654 = VECTOR('',#5655,1.);
#5655 = DIRECTION('',(0.,0.,1.));
#5656 = ORIENTED_EDGE('',*,*,#5657,.F.);
#5657 = EDGE_CURVE('',#1585,#5650,#5658,.T.);
#5658 = LINE('',#5659,#5660);
#5659 = CARTESIAN_POINT('',(4.77,0.8,-3.25));
#5660 = VECTOR('',#5661,1.);
#5661 = DIRECTION('',(0.,-1.,0.));
#5662 = PLANE('',#5663);
#5663 = AXIS2_PLACEMENT_3D('',#5664,#5665,#5666);
#5664 = CARTESIAN_POINT('',(4.77,0.,0.));
#5665 = DIRECTION('',(-1.,0.,0.));
#5666 = DIRECTION('',(0.,0.,1.));
#5667 = ADVANCED_FACE('',(#5668),#5686,.T.);
#5668 = FACE_BOUND('',#5669,.T.);
#5669 = EDGE_LOOP('',(#5670,#5671,#5672,#5680));
#5670 = ORIENTED_EDGE('',*,*,#5383,.F.);
#5671 = ORIENTED_EDGE('',*,*,#5540,.T.);
#5672 = ORIENTED_EDGE('',*,*,#5673,.T.);
#5673 = EDGE_CURVE('',#5533,#5674,#5676,.T.);
#5674 = VERTEX_POINT('',#5675);
#5675 = CARTESIAN_POINT('',(3.63,9.2,-1.71));
#5676 = LINE('',#5677,#5678);
#5677 = CARTESIAN_POINT('',(4.77,9.2,-1.71));
#5678 = VECTOR('',#5679,1.);
#5679 = DIRECTION('',(-1.,0.,0.));
#5680 = ORIENTED_EDGE('',*,*,#5681,.F.);
#5681 = EDGE_CURVE('',#5384,#5674,#5682,.T.);
#5682 = LINE('',#5683,#5684);
#5683 = CARTESIAN_POINT('',(3.63,3.7,-1.71));
#5684 = VECTOR('',#5685,1.);
#5685 = DIRECTION('',(0.,1.,0.));
#5686 = PLANE('',#5687);
#5687 = AXIS2_PLACEMENT_3D('',#5688,#5689,#5690);
#5688 = CARTESIAN_POINT('',(4.77,3.7,-1.71));
#5689 = DIRECTION('',(0.,0.,1.));
#5690 = DIRECTION('',(1.,0.,-0.));
#5691 = ADVANCED_FACE('',(#5692),#5718,.T.);
#5692 = FACE_BOUND('',#5693,.T.);
#5693 = EDGE_LOOP('',(#5694,#5695,#5696,#5704,#5712));
#5694 = ORIENTED_EDGE('',*,*,#5391,.T.);
#5695 = ORIENTED_EDGE('',*,*,#5681,.T.);
#5696 = ORIENTED_EDGE('',*,*,#5697,.T.);
#5697 = EDGE_CURVE('',#5674,#5698,#5700,.T.);
#5698 = VERTEX_POINT('',#5699);
#5699 = CARTESIAN_POINT('',(3.63,9.2,-2.85));
#5700 = LINE('',#5701,#5702);
#5701 = CARTESIAN_POINT('',(3.63,9.2,-1.71));
#5702 = VECTOR('',#5703,1.);
#5703 = DIRECTION('',(0.,0.,-1.));
#5704 = ORIENTED_EDGE('',*,*,#5705,.T.);
#5705 = EDGE_CURVE('',#5698,#5706,#5708,.T.);
#5706 = VERTEX_POINT('',#5707);
#5707 = CARTESIAN_POINT('',(3.63,4.3,-2.85));
#5708 = LINE('',#5709,#5710);
#5709 = CARTESIAN_POINT('',(3.63,9.2,-2.85));
#5710 = VECTOR('',#5711,1.);
#5711 = DIRECTION('',(0.,-1.,0.));
#5712 = ORIENTED_EDGE('',*,*,#5713,.T.);
#5713 = EDGE_CURVE('',#5706,#5392,#5714,.T.);
#5714 = LINE('',#5715,#5716);
#5715 = CARTESIAN_POINT('',(3.63,4.3,-2.85));
#5716 = VECTOR('',#5717,1.);
#5717 = DIRECTION('',(0.,-0.832050294338,-0.554700196225));
#5718 = PLANE('',#5719);
#5719 = AXIS2_PLACEMENT_3D('',#5720,#5721,#5722);
#5720 = CARTESIAN_POINT('',(3.63,0.,0.));
#5721 = DIRECTION('',(-1.,0.,0.));
#5722 = DIRECTION('',(0.,0.,1.));
#5723 = ADVANCED_FACE('',(#5724),#5757,.T.);
#5724 = FACE_BOUND('',#5725,.T.);
#5725 = EDGE_LOOP('',(#5726,#5727,#5735,#5743,#5751));
#5726 = ORIENTED_EDGE('',*,*,#5301,.T.);
#5727 = ORIENTED_EDGE('',*,*,#5728,.T.);
#5728 = EDGE_CURVE('',#5294,#5729,#5731,.T.);
#5729 = VERTEX_POINT('',#5730);
#5730 = CARTESIAN_POINT('',(3.63,4.3,2.45));
#5731 = LINE('',#5732,#5733);
#5732 = CARTESIAN_POINT('',(3.63,3.7,2.85));
#5733 = VECTOR('',#5734,1.);
#5734 = DIRECTION('',(0.,0.832050294338,-0.554700196225));
#5735 = ORIENTED_EDGE('',*,*,#5736,.T.);
#5736 = EDGE_CURVE('',#5729,#5737,#5739,.T.);
#5737 = VERTEX_POINT('',#5738);
#5738 = CARTESIAN_POINT('',(3.63,9.2,2.45));
#5739 = LINE('',#5740,#5741);
#5740 = CARTESIAN_POINT('',(3.63,4.3,2.45));
#5741 = VECTOR('',#5742,1.);
#5742 = DIRECTION('',(0.,1.,0.));
#5743 = ORIENTED_EDGE('',*,*,#5744,.T.);
#5744 = EDGE_CURVE('',#5737,#5745,#5747,.T.);
#5745 = VERTEX_POINT('',#5746);
#5746 = CARTESIAN_POINT('',(3.63,9.2,1.31));
#5747 = LINE('',#5748,#5749);
#5748 = CARTESIAN_POINT('',(3.63,9.2,2.45));
#5749 = VECTOR('',#5750,1.);
#5750 = DIRECTION('',(0.,0.,-1.));
#5751 = ORIENTED_EDGE('',*,*,#5752,.T.);
#5752 = EDGE_CURVE('',#5745,#5302,#5753,.T.);
#5753 = LINE('',#5754,#5755);
#5754 = CARTESIAN_POINT('',(3.63,9.2,1.31));
#5755 = VECTOR('',#5756,1.);
#5756 = DIRECTION('',(0.,-1.,0.));
#5757 = PLANE('',#5758);
#5758 = AXIS2_PLACEMENT_3D('',#5759,#5760,#5761);
#5759 = CARTESIAN_POINT('',(3.63,0.,0.));
#5760 = DIRECTION('',(-1.,0.,0.));
#5761 = DIRECTION('',(0.,0.,1.));
#5762 = ADVANCED_FACE('',(#5763),#5796,.T.);
#5763 = FACE_BOUND('',#5764,.T.);
#5764 = EDGE_LOOP('',(#5765,#5773,#5781,#5789,#5795));
#5765 = ORIENTED_EDGE('',*,*,#5766,.T.);
#5766 = EDGE_CURVE('',#1669,#5767,#5769,.T.);
#5767 = VERTEX_POINT('',#5768);
#5768 = CARTESIAN_POINT('',(3.63,-2.23,2.25));
#5769 = LINE('',#5770,#5771);
#5770 = CARTESIAN_POINT('',(3.63,0.8,2.25));
#5771 = VECTOR('',#5772,1.);
#5772 = DIRECTION('',(0.,-1.,0.));
#5773 = ORIENTED_EDGE('',*,*,#5774,.T.);
#5774 = EDGE_CURVE('',#5767,#5775,#5777,.T.);
#5775 = VERTEX_POINT('',#5776);
#5776 = CARTESIAN_POINT('',(3.63,-3.5,2.7));
#5777 = LINE('',#5778,#5779);
#5778 = CARTESIAN_POINT('',(3.63,-2.23,2.25));
#5779 = VECTOR('',#5780,1.);
#5780 = DIRECTION('',(0.,-0.942578556478,0.333984527886));
#5781 = ORIENTED_EDGE('',*,*,#5782,.T.);
#5782 = EDGE_CURVE('',#5775,#5783,#5785,.T.);
#5783 = VERTEX_POINT('',#5784);
#5784 = CARTESIAN_POINT('',(3.63,-3.5,2.85));
#5785 = LINE('',#5786,#5787);
#5786 = CARTESIAN_POINT('',(3.63,-3.5,2.7));
#5787 = VECTOR('',#5788,1.);
#5788 = DIRECTION('',(0.,0.,1.));
#5789 = ORIENTED_EDGE('',*,*,#5790,.T.);
#5790 = EDGE_CURVE('',#5783,#1677,#5791,.T.);
#5791 = LINE('',#5792,#5793);
#5792 = CARTESIAN_POINT('',(3.63,-3.5,2.85));
#5793 = VECTOR('',#5794,1.);
#5794 = DIRECTION('',(0.,1.,0.));
#5795 = ORIENTED_EDGE('',*,*,#1676,.F.);
#5796 = PLANE('',#5797);
#5797 = AXIS2_PLACEMENT_3D('',#5798,#5799,#5800);
#5798 = CARTESIAN_POINT('',(3.63,0.,0.));
#5799 = DIRECTION('',(-1.,0.,0.));
#5800 = DIRECTION('',(0.,0.,1.));
#5801 = ADVANCED_FACE('',(#5802),#5835,.T.);
#5802 = FACE_BOUND('',#5803,.T.);
#5803 = EDGE_LOOP('',(#5804,#5805,#5813,#5821,#5829));
#5804 = ORIENTED_EDGE('',*,*,#1602,.F.);
#5805 = ORIENTED_EDGE('',*,*,#5806,.T.);
#5806 = EDGE_CURVE('',#1595,#5807,#5809,.T.);
#5807 = VERTEX_POINT('',#5808);
#5808 = CARTESIAN_POINT('',(3.63,-3.5,-3.25));
#5809 = LINE('',#5810,#5811);
#5810 = CARTESIAN_POINT('',(3.63,0.8,-3.25));
#5811 = VECTOR('',#5812,1.);
#5812 = DIRECTION('',(0.,-1.,0.));
#5813 = ORIENTED_EDGE('',*,*,#5814,.T.);
#5814 = EDGE_CURVE('',#5807,#5815,#5817,.T.);
#5815 = VERTEX_POINT('',#5816);
#5816 = CARTESIAN_POINT('',(3.63,-3.5,-3.1));
#5817 = LINE('',#5818,#5819);
#5818 = CARTESIAN_POINT('',(3.63,-3.5,-3.25));
#5819 = VECTOR('',#5820,1.);
#5820 = DIRECTION('',(0.,0.,1.));
#5821 = ORIENTED_EDGE('',*,*,#5822,.T.);
#5822 = EDGE_CURVE('',#5815,#5823,#5825,.T.);
#5823 = VERTEX_POINT('',#5824);
#5824 = CARTESIAN_POINT('',(3.63,-2.23,-2.65));
#5825 = LINE('',#5826,#5827);
#5826 = CARTESIAN_POINT('',(3.63,-3.5,-3.1));
#5827 = VECTOR('',#5828,1.);
#5828 = DIRECTION('',(0.,0.942578556478,0.333984527886));
#5829 = ORIENTED_EDGE('',*,*,#5830,.T.);
#5830 = EDGE_CURVE('',#5823,#1603,#5831,.T.);
#5831 = LINE('',#5832,#5833);
#5832 = CARTESIAN_POINT('',(3.63,-2.23,-2.65));
#5833 = VECTOR('',#5834,1.);
#5834 = DIRECTION('',(0.,1.,0.));
#5835 = PLANE('',#5836);
#5836 = AXIS2_PLACEMENT_3D('',#5837,#5838,#5839);
#5837 = CARTESIAN_POINT('',(3.63,0.,0.));
#5838 = DIRECTION('',(-1.,0.,0.));
#5839 = DIRECTION('',(0.,0.,1.));
#5840 = ADVANCED_FACE('',(#5841),#5852,.T.);
#5841 = FACE_BOUND('',#5842,.T.);
#5842 = EDGE_LOOP('',(#5843,#5844,#5845,#5851));
#5843 = ORIENTED_EDGE('',*,*,#5399,.T.);
#5844 = ORIENTED_EDGE('',*,*,#5713,.F.);
#5845 = ORIENTED_EDGE('',*,*,#5846,.F.);
#5846 = EDGE_CURVE('',#5517,#5706,#5847,.T.);
#5847 = LINE('',#5848,#5849);
#5848 = CARTESIAN_POINT('',(4.77,4.3,-2.85));
#5849 = VECTOR('',#5850,1.);
#5850 = DIRECTION('',(-1.,0.,0.));
#5851 = ORIENTED_EDGE('',*,*,#5516,.T.);
#5852 = PLANE('',#5853);
#5853 = AXIS2_PLACEMENT_3D('',#5854,#5855,#5856);
#5854 = CARTESIAN_POINT('',(4.77,4.3,-2.85));
#5855 = DIRECTION('',(0.,0.554700196225,-0.832050294338));
#5856 = DIRECTION('',(-1.,0.,0.));
#5857 = ADVANCED_FACE('',(#5858),#5869,.T.);
#5858 = FACE_BOUND('',#5859,.T.);
#5859 = EDGE_LOOP('',(#5860,#5861,#5862,#5863));
#5860 = ORIENTED_EDGE('',*,*,#5524,.T.);
#5861 = ORIENTED_EDGE('',*,*,#5846,.T.);
#5862 = ORIENTED_EDGE('',*,*,#5705,.F.);
#5863 = ORIENTED_EDGE('',*,*,#5864,.F.);
#5864 = EDGE_CURVE('',#5525,#5698,#5865,.T.);
#5865 = LINE('',#5866,#5867);
#5866 = CARTESIAN_POINT('',(4.77,9.2,-2.85));
#5867 = VECTOR('',#5868,1.);
#5868 = DIRECTION('',(-1.,0.,0.));
#5869 = PLANE('',#5870);
#5870 = AXIS2_PLACEMENT_3D('',#5871,#5872,#5873);
#5871 = CARTESIAN_POINT('',(4.77,9.2,-2.85));
#5872 = DIRECTION('',(0.,0.,-1.));
#5873 = DIRECTION('',(0.,-1.,0.));
#5874 = ADVANCED_FACE('',(#5875),#5881,.T.);
#5875 = FACE_BOUND('',#5876,.T.);
#5876 = EDGE_LOOP('',(#5877,#5878,#5879,#5880));
#5877 = ORIENTED_EDGE('',*,*,#5532,.T.);
#5878 = ORIENTED_EDGE('',*,*,#5864,.T.);
#5879 = ORIENTED_EDGE('',*,*,#5697,.F.);
#5880 = ORIENTED_EDGE('',*,*,#5673,.F.);
#5881 = PLANE('',#5882);
#5882 = AXIS2_PLACEMENT_3D('',#5883,#5884,#5885);
#5883 = CARTESIAN_POINT('',(4.77,9.2,-1.71));
#5884 = DIRECTION('',(-0.,1.,0.));
#5885 = DIRECTION('',(1.,0.,0.));
#5886 = ADVANCED_FACE('',(#5887),#5898,.T.);
#5887 = FACE_BOUND('',#5888,.T.);
#5888 = EDGE_LOOP('',(#5889,#5890,#5891,#5897));
#5889 = ORIENTED_EDGE('',*,*,#5309,.T.);
#5890 = ORIENTED_EDGE('',*,*,#5752,.F.);
#5891 = ORIENTED_EDGE('',*,*,#5892,.F.);
#5892 = EDGE_CURVE('',#5556,#5745,#5893,.T.);
#5893 = LINE('',#5894,#5895);
#5894 = CARTESIAN_POINT('',(4.77,9.2,1.31));
#5895 = VECTOR('',#5896,1.);
#5896 = DIRECTION('',(-1.,0.,0.));
#5897 = ORIENTED_EDGE('',*,*,#5555,.T.);
#5898 = PLANE('',#5899);
#5899 = AXIS2_PLACEMENT_3D('',#5900,#5901,#5902);
#5900 = CARTESIAN_POINT('',(4.77,9.2,1.31));
#5901 = DIRECTION('',(0.,0.,-1.));
#5902 = DIRECTION('',(0.,-1.,0.));
#5903 = ADVANCED_FACE('',(#5904),#5915,.T.);
#5904 = FACE_BOUND('',#5905,.T.);
#5905 = EDGE_LOOP('',(#5906,#5907,#5908,#5909));
#5906 = ORIENTED_EDGE('',*,*,#5563,.T.);
#5907 = ORIENTED_EDGE('',*,*,#5892,.T.);
#5908 = ORIENTED_EDGE('',*,*,#5744,.F.);
#5909 = ORIENTED_EDGE('',*,*,#5910,.F.);
#5910 = EDGE_CURVE('',#5564,#5737,#5911,.T.);
#5911 = LINE('',#5912,#5913);
#5912 = CARTESIAN_POINT('',(4.77,9.2,2.45));
#5913 = VECTOR('',#5914,1.);
#5914 = DIRECTION('',(-1.,0.,0.));
#5915 = PLANE('',#5916);
#5916 = AXIS2_PLACEMENT_3D('',#5917,#5918,#5919);
#5917 = CARTESIAN_POINT('',(4.77,9.2,2.45));
#5918 = DIRECTION('',(-0.,1.,0.));
#5919 = DIRECTION('',(1.,0.,0.));
#5920 = ADVANCED_FACE('',(#5921),#5932,.T.);
#5921 = FACE_BOUND('',#5922,.T.);
#5922 = EDGE_LOOP('',(#5923,#5924,#5925,#5926));
#5923 = ORIENTED_EDGE('',*,*,#5571,.T.);
#5924 = ORIENTED_EDGE('',*,*,#5910,.T.);
#5925 = ORIENTED_EDGE('',*,*,#5736,.F.);
#5926 = ORIENTED_EDGE('',*,*,#5927,.F.);
#5927 = EDGE_CURVE('',#5572,#5729,#5928,.T.);
#5928 = LINE('',#5929,#5930);
#5929 = CARTESIAN_POINT('',(4.77,4.3,2.45));
#5930 = VECTOR('',#5931,1.);
#5931 = DIRECTION('',(-1.,0.,0.));
#5932 = PLANE('',#5933);
#5933 = AXIS2_PLACEMENT_3D('',#5934,#5935,#5936);
#5934 = CARTESIAN_POINT('',(4.77,4.3,2.45));
#5935 = DIRECTION('',(0.,0.,1.));
#5936 = DIRECTION('',(1.,0.,-0.));
#5937 = ADVANCED_FACE('',(#5938),#5944,.T.);
#5938 = FACE_BOUND('',#5939,.T.);
#5939 = EDGE_LOOP('',(#5940,#5941,#5942,#5943));
#5940 = ORIENTED_EDGE('',*,*,#5293,.F.);
#5941 = ORIENTED_EDGE('',*,*,#5579,.T.);
#5942 = ORIENTED_EDGE('',*,*,#5927,.T.);
#5943 = ORIENTED_EDGE('',*,*,#5728,.F.);
#5944 = PLANE('',#5945);
#5945 = AXIS2_PLACEMENT_3D('',#5946,#5947,#5948);
#5946 = CARTESIAN_POINT('',(4.77,3.7,2.85));
#5947 = DIRECTION('',(0.,0.554700196225,0.832050294338));
#5948 = DIRECTION('',(1.,-0.,0.));
#5949 = ADVANCED_FACE('',(#5950),#5961,.T.);
#5950 = FACE_BOUND('',#5951,.T.);
#5951 = EDGE_LOOP('',(#5952,#5953,#5959,#5960));
#5952 = ORIENTED_EDGE('',*,*,#5593,.T.);
#5953 = ORIENTED_EDGE('',*,*,#5954,.T.);
#5954 = EDGE_CURVE('',#5594,#5767,#5955,.T.);
#5955 = LINE('',#5956,#5957);
#5956 = CARTESIAN_POINT('',(4.77,-2.23,2.25));
#5957 = VECTOR('',#5958,1.);
#5958 = DIRECTION('',(-1.,0.,0.));
#5959 = ORIENTED_EDGE('',*,*,#5766,.F.);
#5960 = ORIENTED_EDGE('',*,*,#1668,.F.);
#5961 = PLANE('',#5962);
#5962 = AXIS2_PLACEMENT_3D('',#5963,#5964,#5965);
#5963 = CARTESIAN_POINT('',(4.77,3.7,2.25));
#5964 = DIRECTION('',(0.,0.,-1.));
#5965 = DIRECTION('',(0.,-1.,0.));
#5966 = ADVANCED_FACE('',(#5967),#5978,.T.);
#5967 = FACE_BOUND('',#5968,.T.);
#5968 = EDGE_LOOP('',(#5969,#5970,#5976,#5977));
#5969 = ORIENTED_EDGE('',*,*,#5618,.T.);
#5970 = ORIENTED_EDGE('',*,*,#5971,.T.);
#5971 = EDGE_CURVE('',#5611,#5775,#5972,.T.);
#5972 = LINE('',#5973,#5974);
#5973 = CARTESIAN_POINT('',(4.77,-3.5,2.7));
#5974 = VECTOR('',#5975,1.);
#5975 = DIRECTION('',(-1.,0.,0.));
#5976 = ORIENTED_EDGE('',*,*,#5774,.F.);
#5977 = ORIENTED_EDGE('',*,*,#5954,.F.);
#5978 = PLANE('',#5979);
#5979 = AXIS2_PLACEMENT_3D('',#5980,#5981,#5982);
#5980 = CARTESIAN_POINT('',(4.77,-2.23,2.25));
#5981 = DIRECTION('',(0.,-0.333984527886,-0.942578556478));
#5982 = DIRECTION('',(0.,-0.942578556478,0.333984527886));
#5983 = ADVANCED_FACE('',(#5984),#5995,.T.);
#5984 = FACE_BOUND('',#5985,.T.);
#5985 = EDGE_LOOP('',(#5986,#5987,#5993,#5994));
#5986 = ORIENTED_EDGE('',*,*,#5610,.T.);
#5987 = ORIENTED_EDGE('',*,*,#5988,.T.);
#5988 = EDGE_CURVE('',#5603,#5783,#5989,.T.);
#5989 = LINE('',#5990,#5991);
#5990 = CARTESIAN_POINT('',(4.77,-3.5,2.85));
#5991 = VECTOR('',#5992,1.);
#5992 = DIRECTION('',(-1.,0.,0.));
#5993 = ORIENTED_EDGE('',*,*,#5782,.F.);
#5994 = ORIENTED_EDGE('',*,*,#5971,.F.);
#5995 = PLANE('',#5996);
#5996 = AXIS2_PLACEMENT_3D('',#5997,#5998,#5999);
#5997 = CARTESIAN_POINT('',(4.77,-3.5,2.7));
#5998 = DIRECTION('',(0.,-1.,0.));
#5999 = DIRECTION('',(0.,0.,-1.));
#6000 = ADVANCED_FACE('',(#6001),#6007,.T.);
#6001 = FACE_BOUND('',#6002,.T.);
#6002 = EDGE_LOOP('',(#6003,#6004,#6005,#6006));
#6003 = ORIENTED_EDGE('',*,*,#5602,.T.);
#6004 = ORIENTED_EDGE('',*,*,#1684,.T.);
#6005 = ORIENTED_EDGE('',*,*,#5790,.F.);
#6006 = ORIENTED_EDGE('',*,*,#5988,.F.);
#6007 = PLANE('',#6008);
#6008 = AXIS2_PLACEMENT_3D('',#6009,#6010,#6011);
#6009 = CARTESIAN_POINT('',(4.77,-3.5,2.85));
#6010 = DIRECTION('',(0.,0.,1.));
#6011 = DIRECTION('',(1.,0.,-0.));
#6012 = ADVANCED_FACE('',(#6013),#6024,.T.);
#6013 = FACE_BOUND('',#6014,.T.);
#6014 = EDGE_LOOP('',(#6015,#6016,#6017,#6023));
#6015 = ORIENTED_EDGE('',*,*,#1610,.T.);
#6016 = ORIENTED_EDGE('',*,*,#5830,.F.);
#6017 = ORIENTED_EDGE('',*,*,#6018,.F.);
#6018 = EDGE_CURVE('',#5634,#5823,#6019,.T.);
#6019 = LINE('',#6020,#6021);
#6020 = CARTESIAN_POINT('',(4.77,-2.23,-2.65));
#6021 = VECTOR('',#6022,1.);
#6022 = DIRECTION('',(-1.,0.,0.));
#6023 = ORIENTED_EDGE('',*,*,#5633,.T.);
#6024 = PLANE('',#6025);
#6025 = AXIS2_PLACEMENT_3D('',#6026,#6027,#6028);
#6026 = CARTESIAN_POINT('',(4.77,-2.23,-2.65));
#6027 = DIRECTION('',(0.,0.,1.));
#6028 = DIRECTION('',(1.,0.,-0.));
#6029 = ADVANCED_FACE('',(#6030),#6041,.T.);
#6030 = FACE_BOUND('',#6031,.T.);
#6031 = EDGE_LOOP('',(#6032,#6033,#6034,#6035));
#6032 = ORIENTED_EDGE('',*,*,#5641,.T.);
#6033 = ORIENTED_EDGE('',*,*,#6018,.T.);
#6034 = ORIENTED_EDGE('',*,*,#5822,.F.);
#6035 = ORIENTED_EDGE('',*,*,#6036,.F.);
#6036 = EDGE_CURVE('',#5642,#5815,#6037,.T.);
#6037 = LINE('',#6038,#6039);
#6038 = CARTESIAN_POINT('',(4.77,-3.5,-3.1));
#6039 = VECTOR('',#6040,1.);
#6040 = DIRECTION('',(-1.,0.,0.));
#6041 = PLANE('',#6042);
#6042 = AXIS2_PLACEMENT_3D('',#6043,#6044,#6045);
#6043 = CARTESIAN_POINT('',(4.77,-3.5,-3.1));
#6044 = DIRECTION('',(0.,-0.333984527886,0.942578556478));
#6045 = DIRECTION('',(-1.,0.,0.));
#6046 = ADVANCED_FACE('',(#6047),#6058,.T.);
#6047 = FACE_BOUND('',#6048,.T.);
#6048 = EDGE_LOOP('',(#6049,#6050,#6051,#6052));
#6049 = ORIENTED_EDGE('',*,*,#5649,.T.);
#6050 = ORIENTED_EDGE('',*,*,#6036,.T.);
#6051 = ORIENTED_EDGE('',*,*,#5814,.F.);
#6052 = ORIENTED_EDGE('',*,*,#6053,.F.);
#6053 = EDGE_CURVE('',#5650,#5807,#6054,.T.);
#6054 = LINE('',#6055,#6056);
#6055 = CARTESIAN_POINT('',(4.77,-3.5,-3.25));
#6056 = VECTOR('',#6057,1.);
#6057 = DIRECTION('',(-1.,0.,0.));
#6058 = PLANE('',#6059);
#6059 = AXIS2_PLACEMENT_3D('',#6060,#6061,#6062);
#6060 = CARTESIAN_POINT('',(4.77,-3.5,-3.25));
#6061 = DIRECTION('',(0.,-1.,0.));
#6062 = DIRECTION('',(0.,0.,-1.));
#6063 = ADVANCED_FACE('',(#6064),#6070,.T.);
#6064 = FACE_BOUND('',#6065,.T.);
#6065 = EDGE_LOOP('',(#6066,#6067,#6068,#6069));
#6066 = ORIENTED_EDGE('',*,*,#1594,.F.);
#6067 = ORIENTED_EDGE('',*,*,#5657,.T.);
#6068 = ORIENTED_EDGE('',*,*,#6053,.T.);
#6069 = ORIENTED_EDGE('',*,*,#5806,.F.);
#6070 = PLANE('',#6071);
#6071 = AXIS2_PLACEMENT_3D('',#6072,#6073,#6074);
#6072 = CARTESIAN_POINT('',(4.77,3.7,-3.25));
#6073 = DIRECTION('',(0.,0.,-1.));
#6074 = DIRECTION('',(0.,-1.,0.));
#6075 = ADVANCED_FACE('',(#6076),#6082,.F.);
#6076 = FACE_BOUND('',#6077,.T.);
#6077 = EDGE_LOOP('',(#6078,#6079,#6080,#6081));
#6078 = ORIENTED_EDGE('',*,*,#997,.F.);
#6079 = ORIENTED_EDGE('',*,*,#2448,.T.);
#6080 = ORIENTED_EDGE('',*,*,#1560,.F.);
#6081 = ORIENTED_EDGE('',*,*,#2342,.F.);
#6082 = PLANE('',#6083);
#6083 = AXIS2_PLACEMENT_3D('',#6084,#6085,#6086);
#6084 = CARTESIAN_POINT('',(2.9,0.,-0.5));
#6085 = DIRECTION('',(-1.,0.,0.));
#6086 = DIRECTION('',(0.,0.,1.));
#6087 = ADVANCED_FACE('',(#6088),#6094,.F.);
#6088 = FACE_BOUND('',#6089,.T.);
#6089 = EDGE_LOOP('',(#6090,#6091,#6092,#6093));
#6090 = ORIENTED_EDGE('',*,*,#2176,.F.);
#6091 = ORIENTED_EDGE('',*,*,#1786,.T.);
#6092 = ORIENTED_EDGE('',*,*,#1576,.F.);
#6093 = ORIENTED_EDGE('',*,*,#2441,.T.);
#6094 = PLANE('',#6095);
#6095 = AXIS2_PLACEMENT_3D('',#6096,#6097,#6098);
#6096 = CARTESIAN_POINT('',(3.2,0.,-3.8));
#6097 = DIRECTION('',(-1.,0.,0.));
#6098 = DIRECTION('',(0.,0.,1.));
#6099 = ADVANCED_FACE('',(#6100),#6106,.F.);
#6100 = FACE_BOUND('',#6101,.T.);
#6101 = EDGE_LOOP('',(#6102,#6103,#6104,#6105));
#6102 = ORIENTED_EDGE('',*,*,#1093,.F.);
#6103 = ORIENTED_EDGE('',*,*,#2482,.T.);
#6104 = ORIENTED_EDGE('',*,*,#1881,.F.);
#6105 = ORIENTED_EDGE('',*,*,#2365,.F.);
#6106 = PLANE('',#6107);
#6107 = AXIS2_PLACEMENT_3D('',#6108,#6109,#6110);
#6108 = CARTESIAN_POINT('',(-5.5,0.,-0.5));
#6109 = DIRECTION('',(-1.,0.,0.));
#6110 = DIRECTION('',(0.,0.,1.));
#6111 = ADVANCED_FACE('',(#6112),#6118,.F.);
#6112 = FACE_BOUND('',#6113,.T.);
#6113 = EDGE_LOOP('',(#6114,#6115,#6116,#6117));
#6114 = ORIENTED_EDGE('',*,*,#2270,.T.);
#6115 = ORIENTED_EDGE('',*,*,#2496,.T.);
#6116 = ORIENTED_EDGE('',*,*,#1849,.F.);
#6117 = ORIENTED_EDGE('',*,*,#1834,.F.);
#6118 = PLANE('',#6119);
#6119 = AXIS2_PLACEMENT_3D('',#6120,#6121,#6122);
#6120 = CARTESIAN_POINT('',(-3.2,0.,-4.8));
#6121 = DIRECTION('',(1.,0.,0.));
#6122 = DIRECTION('',(-0.,1.,0.));
#6123 = ADVANCED_FACE('',(#6124),#6130,.F.);
#6124 = FACE_BOUND('',#6125,.T.);
#6125 = EDGE_LOOP('',(#6126,#6127,#6128,#6129));
#6126 = ORIENTED_EDGE('',*,*,#2044,.T.);
#6127 = ORIENTED_EDGE('',*,*,#1203,.T.);
#6128 = ORIENTED_EDGE('',*,*,#1109,.F.);
#6129 = ORIENTED_EDGE('',*,*,#2358,.F.);
#6130 = PLANE('',#6131);
#6131 = AXIS2_PLACEMENT_3D('',#6132,#6133,#6134);
#6132 = CARTESIAN_POINT('',(-5.9,0.,-0.5));
#6133 = DIRECTION('',(1.,0.,0.));
#6134 = DIRECTION('',(-0.,1.,0.));
#6135 = ADVANCED_FACE('',(#6136),#6142,.F.);
#6136 = FACE_BOUND('',#6137,.T.);
#6137 = EDGE_LOOP('',(#6138,#6139,#6140,#6141));
#6138 = ORIENTED_EDGE('',*,*,#1019,.F.);
#6139 = ORIENTED_EDGE('',*,*,#1471,.T.);
#6140 = ORIENTED_EDGE('',*,*,#1964,.F.);
#6141 = ORIENTED_EDGE('',*,*,#1265,.F.);
#6142 = PLANE('',#6143);
#6143 = AXIS2_PLACEMENT_3D('',#6144,#6145,#6146);
#6144 = CARTESIAN_POINT('',(-2.9,0.,0.5));
#6145 = DIRECTION('',(1.,0.,0.));
#6146 = DIRECTION('',(-0.,1.,0.));
#6147 = ADVANCED_FACE('',(#6148),#6154,.F.);
#6148 = FACE_BOUND('',#6149,.T.);
#6149 = EDGE_LOOP('',(#6150,#6151,#6152,#6153));
#6150 = ORIENTED_EDGE('',*,*,#957,.F.);
#6151 = ORIENTED_EDGE('',*,*,#1235,.T.);
#6152 = ORIENTED_EDGE('',*,*,#1641,.F.);
#6153 = ORIENTED_EDGE('',*,*,#1360,.F.);
#6154 = PLANE('',#6155);
#6155 = AXIS2_PLACEMENT_3D('',#6156,#6157,#6158);
#6156 = CARTESIAN_POINT('',(2.9,0.,3.8));
#6157 = DIRECTION('',(-1.,0.,0.));
#6158 = DIRECTION('',(0.,0.,1.));
#6159 = ( GEOMETRIC_REPRESENTATION_CONTEXT(3) 
GLOBAL_UNCERTAINTY_ASSIGNED_CONTEXT((#6163)) 
GLOBAL_UNIT_ASSIGNED_CONTEXT((#6160,#6161,#6162)) REPRESENTATION_CONTEXT
('Context #1','3D Context with UNIT and UNCERTAINTY') );
#6160 = ( LENGTH_UNIT() NAMED_UNIT(*) SI_UNIT(.MILLI.,.METRE.) );
#6161 = ( NAMED_UNIT(*) PLANE_ANGLE_UNIT() SI_UNIT($,.RADIAN.) );
#6162 = ( NAMED_UNIT(*) SI_UNIT($,.STERADIAN.) SOLID_ANGLE_UNIT() );
#6163 = UNCERTAINTY_MEASURE_WITH_UNIT(LENGTH_MEASURE(1.E-07),#6160,
  'distance_accuracy_value','confusion accuracy');
#6164 = CONTEXT_DEPENDENT_SHAPE_REPRESENTATION(#6165,#6167);
#6165 = ( REPRESENTATION_RELATIONSHIP('','',#628,#605) 
REPRESENTATION_RELATIONSHIP_WITH_TRANSFORMATION(#6166) 
SHAPE_REPRESENTATION_RELATIONSHIP() );
#6166 = ITEM_DEFINED_TRANSFORMATION('','',#11,#606);
#6167 = PRODUCT_DEFINITION_SHAPE('Placement','Placement of an item',
  #6168);
#6168 = NEXT_ASSEMBLY_USAGE_OCCURRENCE('16','=>[0:1:1:5]','',#600,#623,$
  );
#6169 = PRODUCT_RELATED_PRODUCT_CATEGORY('part',$,(#625));
#6170 = CONTEXT_DEPENDENT_SHAPE_REPRESENTATION(#6171,#6173);
#6171 = ( REPRESENTATION_RELATIONSHIP('','',#156,#10) 
REPRESENTATION_RELATIONSHIP_WITH_TRANSFORMATION(#6172) 
SHAPE_REPRESENTATION_RELATIONSHIP() );
#6172 = ITEM_DEFINED_TRANSFORMATION('','',#11,#75);
#6173 = PRODUCT_DEFINITION_SHAPE('Placement','Placement of an item',
  #6174);
#6174 = NEXT_ASSEMBLY_USAGE_OCCURRENCE('18','R5','',#5,#151,$);
#6175 = CONTEXT_DEPENDENT_SHAPE_REPRESENTATION(#6176,#6178);
#6176 = ( REPRESENTATION_RELATIONSHIP('','',#156,#10) 
REPRESENTATION_RELATIONSHIP_WITH_TRANSFORMATION(#6177) 
SHAPE_REPRESENTATION_RELATIONSHIP() );
#6177 = ITEM_DEFINED_TRANSFORMATION('','',#11,#79);
#6178 = PRODUCT_DEFINITION_SHAPE('Placement','Placement of an item',
  #6179);
#6179 = NEXT_ASSEMBLY_USAGE_OCCURRENCE('19','R24','',#5,#151,$);
#6180 = CONTEXT_DEPENDENT_SHAPE_REPRESENTATION(#6181,#6183);
#6181 = ( REPRESENTATION_RELATIONSHIP('','',#156,#10) 
REPRESENTATION_RELATIONSHIP_WITH_TRANSFORMATION(#6182) 
SHAPE_REPRESENTATION_RELATIONSHIP() );
#6182 = ITEM_DEFINED_TRANSFORMATION('','',#11,#83);
#6183 = PRODUCT_DEFINITION_SHAPE('Placement','Placement of an item',
  #6184);
#6184 = NEXT_ASSEMBLY_USAGE_OCCURRENCE('20','R28','',#5,#151,$);
#6185 = CONTEXT_DEPENDENT_SHAPE_REPRESENTATION(#6186,#6188);
#6186 = ( REPRESENTATION_RELATIONSHIP('','',#156,#10) 
REPRESENTATION_RELATIONSHIP_WITH_TRANSFORMATION(#6187) 
SHAPE_REPRESENTATION_RELATIONSHIP() );
#6187 = ITEM_DEFINED_TRANSFORMATION('','',#11,#87);
#6188 = PRODUCT_DEFINITION_SHAPE('Placement','Placement of an item',
  #6189);
#6189 = NEXT_ASSEMBLY_USAGE_OCCURRENCE('21','R11','',#5,#151,$);
#6190 = CONTEXT_DEPENDENT_SHAPE_REPRESENTATION(#6191,#6193);
#6191 = ( REPRESENTATION_RELATIONSHIP('','',#156,#10) 
REPRESENTATION_RELATIONSHIP_WITH_TRANSFORMATION(#6192) 
SHAPE_REPRESENTATION_RELATIONSHIP() );
#6192 = ITEM_DEFINED_TRANSFORMATION('','',#11,#91);
#6193 = PRODUCT_DEFINITION_SHAPE('Placement','Placement of an item',
  #6194);
#6194 = NEXT_ASSEMBLY_USAGE_OCCURRENCE('22','R29','',#5,#151,$);
#6195 = CONTEXT_DEPENDENT_SHAPE_REPRESENTATION(#6196,#6198);
#6196 = ( REPRESENTATION_RELATIONSHIP('','',#156,#10) 
REPRESENTATION_RELATIONSHIP_WITH_TRANSFORMATION(#6197) 
SHAPE_REPRESENTATION_RELATIONSHIP() );
#6197 = ITEM_DEFINED_TRANSFORMATION('','',#11,#95);
#6198 = PRODUCT_DEFINITION_SHAPE('Placement','Placement of an item',
  #6199);
#6199 = NEXT_ASSEMBLY_USAGE_OCCURRENCE('23','R27','',#5,#151,$);
#6200 = CONTEXT_DEPENDENT_SHAPE_REPRESENTATION(#6201,#6203);
#6201 = ( REPRESENTATION_RELATIONSHIP('','',#156,#10) 
REPRESENTATION_RELATIONSHIP_WITH_TRANSFORMATION(#6202) 
SHAPE_REPRESENTATION_RELATIONSHIP() );
#6202 = ITEM_DEFINED_TRANSFORMATION('','',#11,#99);
#6203 = PRODUCT_DEFINITION_SHAPE('Placement','Placement of an item',
  #6204);
#6204 = NEXT_ASSEMBLY_USAGE_OCCURRENCE('24','R26','',#5,#151,$);
#6205 = CONTEXT_DEPENDENT_SHAPE_REPRESENTATION(#6206,#6208);
#6206 = ( REPRESENTATION_RELATIONSHIP('','',#156,#10) 
REPRESENTATION_RELATIONSHIP_WITH_TRANSFORMATION(#6207) 
SHAPE_REPRESENTATION_RELATIONSHIP() );
#6207 = ITEM_DEFINED_TRANSFORMATION('','',#11,#103);
#6208 = PRODUCT_DEFINITION_SHAPE('Placement','Placement of an item',
  #6209);
#6209 = NEXT_ASSEMBLY_USAGE_OCCURRENCE('25','R14','',#5,#151,$);
#6210 = CONTEXT_DEPENDENT_SHAPE_REPRESENTATION(#6211,#6213);
#6211 = ( REPRESENTATION_RELATIONSHIP('','',#156,#10) 
REPRESENTATION_RELATIONSHIP_WITH_TRANSFORMATION(#6212) 
SHAPE_REPRESENTATION_RELATIONSHIP() );
#6212 = ITEM_DEFINED_TRANSFORMATION('','',#11,#107);
#6213 = PRODUCT_DEFINITION_SHAPE('Placement','Placement of an item',
  #6214);
#6214 = NEXT_ASSEMBLY_USAGE_OCCURRENCE('26','R30','',#5,#151,$);
#6215 = CONTEXT_DEPENDENT_SHAPE_REPRESENTATION(#6216,#6218);
#6216 = ( REPRESENTATION_RELATIONSHIP('','',#156,#10) 
REPRESENTATION_RELATIONSHIP_WITH_TRANSFORMATION(#6217) 
SHAPE_REPRESENTATION_RELATIONSHIP() );
#6217 = ITEM_DEFINED_TRANSFORMATION('','',#11,#111);
#6218 = PRODUCT_DEFINITION_SHAPE('Placement','Placement of an item',
  #6219);
#6219 = NEXT_ASSEMBLY_USAGE_OCCURRENCE('27','R13','',#5,#151,$);
#6220 = CONTEXT_DEPENDENT_SHAPE_REPRESENTATION(#6221,#6223);
#6221 = ( REPRESENTATION_RELATIONSHIP('','',#156,#10) 
REPRESENTATION_RELATIONSHIP_WITH_TRANSFORMATION(#6222) 
SHAPE_REPRESENTATION_RELATIONSHIP() );
#6222 = ITEM_DEFINED_TRANSFORMATION('','',#11,#115);
#6223 = PRODUCT_DEFINITION_SHAPE('Placement','Placement of an item',
  #6224);
#6224 = NEXT_ASSEMBLY_USAGE_OCCURRENCE('28','R15','',#5,#151,$);
#6225 = CONTEXT_DEPENDENT_SHAPE_REPRESENTATION(#6226,#6228);
#6226 = ( REPRESENTATION_RELATIONSHIP('','',#156,#10) 
REPRESENTATION_RELATIONSHIP_WITH_TRANSFORMATION(#6227) 
SHAPE_REPRESENTATION_RELATIONSHIP() );
#6227 = ITEM_DEFINED_TRANSFORMATION('','',#11,#119);
#6228 = PRODUCT_DEFINITION_SHAPE('Placement','Placement of an item',
  #6229);
#6229 = NEXT_ASSEMBLY_USAGE_OCCURRENCE('29','R9','',#5,#151,$);
#6230 = CONTEXT_DEPENDENT_SHAPE_REPRESENTATION(#6231,#6233);
#6231 = ( REPRESENTATION_RELATIONSHIP('','',#156,#10) 
REPRESENTATION_RELATIONSHIP_WITH_TRANSFORMATION(#6232) 
SHAPE_REPRESENTATION_RELATIONSHIP() );
#6232 = ITEM_DEFINED_TRANSFORMATION('','',#11,#123);
#6233 = PRODUCT_DEFINITION_SHAPE('Placement','Placement of an item',
  #6234);
#6234 = NEXT_ASSEMBLY_USAGE_OCCURRENCE('30','R25','',#5,#151,$);
#6235 = CONTEXT_DEPENDENT_SHAPE_REPRESENTATION(#6236,#6238);
#6236 = ( REPRESENTATION_RELATIONSHIP('','',#156,#10) 
REPRESENTATION_RELATIONSHIP_WITH_TRANSFORMATION(#6237) 
SHAPE_REPRESENTATION_RELATIONSHIP() );
#6237 = ITEM_DEFINED_TRANSFORMATION('','',#11,#127);
#6238 = PRODUCT_DEFINITION_SHAPE('Placement','Placement of an item',
  #6239);
#6239 = NEXT_ASSEMBLY_USAGE_OCCURRENCE('31','R10','',#5,#151,$);
#6240 = CONTEXT_DEPENDENT_SHAPE_REPRESENTATION(#6241,#6243);
#6241 = ( REPRESENTATION_RELATIONSHIP('','',#156,#10) 
REPRESENTATION_RELATIONSHIP_WITH_TRANSFORMATION(#6242) 
SHAPE_REPRESENTATION_RELATIONSHIP() );
#6242 = ITEM_DEFINED_TRANSFORMATION('','',#11,#131);
#6243 = PRODUCT_DEFINITION_SHAPE('Placement','Placement of an item',
  #6244);
#6244 = NEXT_ASSEMBLY_USAGE_OCCURRENCE('32','R12','',#5,#151,$);
#6245 = CONTEXT_DEPENDENT_SHAPE_REPRESENTATION(#6246,#6248);
#6246 = ( REPRESENTATION_RELATIONSHIP('','',#156,#10) 
REPRESENTATION_RELATIONSHIP_WITH_TRANSFORMATION(#6247) 
SHAPE_REPRESENTATION_RELATIONSHIP() );
#6247 = ITEM_DEFINED_TRANSFORMATION('','',#11,#135);
#6248 = PRODUCT_DEFINITION_SHAPE('Placement','Placement of an item',
  #6249);
#6249 = NEXT_ASSEMBLY_USAGE_OCCURRENCE('33','R23','',#5,#151,$);
#6250 = SHAPE_DEFINITION_REPRESENTATION(#6251,#6257);
#6251 = PRODUCT_DEFINITION_SHAPE('','',#6252);
#6252 = PRODUCT_DEFINITION('design','',#6253,#6256);
#6253 = PRODUCT_DEFINITION_FORMATION('','',#6254);
#6254 = PRODUCT('_autosave-PDU_Resistors_Board_PCB',
  '_autosave-PDU_Resistors_Board_PCB','',(#6255));
#6255 = PRODUCT_CONTEXT('',#2,'mechanical');
#6256 = PRODUCT_DEFINITION_CONTEXT('part definition',#2,'design');
#6257 = ADVANCED_BREP_SHAPE_REPRESENTATION('',(#11,#6258),#9377);
#6258 = MANIFOLD_SOLID_BREP('',#6259);
#6259 = CLOSED_SHELL('',(#6260,#6302,#6333,#6364,#7210,#8056,#8073,#8090
    ,#8107,#8124,#8141,#8158,#8175,#8187,#8204,#8221,#8238,#8255,#8272,
    #8289,#8306,#8323,#8340,#8357,#8374,#8391,#8408,#8425,#8442,#8459,
    #8476,#8493,#8510,#8527,#8544,#8561,#8578,#8595,#8612,#8629,#8646,
    #8663,#8680,#8697,#8714,#8731,#8748,#8765,#8782,#8799,#8816,#8833,
    #8850,#8867,#8884,#8901,#8918,#8935,#8952,#8969,#8986,#9003,#9020,
    #9037,#9054,#9071,#9088,#9105,#9122,#9139,#9156,#9173,#9190,#9207,
    #9224,#9241,#9258,#9275,#9292,#9309,#9326,#9343,#9360));
#6260 = ADVANCED_FACE('',(#6261),#6297,.T.);
#6261 = FACE_BOUND('',#6262,.T.);
#6262 = EDGE_LOOP('',(#6263,#6273,#6282,#6290));
#6263 = ORIENTED_EDGE('',*,*,#6264,.T.);
#6264 = EDGE_CURVE('',#6265,#6267,#6269,.T.);
#6265 = VERTEX_POINT('',#6266);
#6266 = CARTESIAN_POINT('',(239.6,-64.78278,0.));
#6267 = VERTEX_POINT('',#6268);
#6268 = CARTESIAN_POINT('',(239.6,-64.78278,1.6));
#6269 = LINE('',#6270,#6271);
#6270 = CARTESIAN_POINT('',(239.6,-64.78278,0.));
#6271 = VECTOR('',#6272,1.);
#6272 = DIRECTION('',(0.,0.,1.));
#6273 = ORIENTED_EDGE('',*,*,#6274,.T.);
#6274 = EDGE_CURVE('',#6267,#6275,#6277,.T.);
#6275 = VERTEX_POINT('',#6276);
#6276 = CARTESIAN_POINT('',(243.01722,-68.2,1.6));
#6277 = CIRCLE('',#6278,3.417221484523);
#6278 = AXIS2_PLACEMENT_3D('',#6279,#6280,#6281);
#6279 = CARTESIAN_POINT('',(239.59999851547,-68.20000148452,1.6));
#6280 = DIRECTION('',(0.,0.,-1.));
#6281 = DIRECTION('',(4.344237959959E-07,1.,0.));
#6282 = ORIENTED_EDGE('',*,*,#6283,.F.);
#6283 = EDGE_CURVE('',#6284,#6275,#6286,.T.);
#6284 = VERTEX_POINT('',#6285);
#6285 = CARTESIAN_POINT('',(243.01722,-68.2,0.));
#6286 = LINE('',#6287,#6288);
#6287 = CARTESIAN_POINT('',(243.01722,-68.2,0.));
#6288 = VECTOR('',#6289,1.);
#6289 = DIRECTION('',(0.,0.,1.));
#6290 = ORIENTED_EDGE('',*,*,#6291,.F.);
#6291 = EDGE_CURVE('',#6265,#6284,#6292,.T.);
#6292 = CIRCLE('',#6293,3.417221484523);
#6293 = AXIS2_PLACEMENT_3D('',#6294,#6295,#6296);
#6294 = CARTESIAN_POINT('',(239.59999851547,-68.20000148452,0.));
#6295 = DIRECTION('',(0.,0.,-1.));
#6296 = DIRECTION('',(4.344237959959E-07,1.,0.));
#6297 = CYLINDRICAL_SURFACE('',#6298,3.417221484523);
#6298 = AXIS2_PLACEMENT_3D('',#6299,#6300,#6301);
#6299 = CARTESIAN_POINT('',(239.59999851547,-68.20000148452,0.));
#6300 = DIRECTION('',(0.,0.,-1.));
#6301 = DIRECTION('',(4.344237959959E-07,1.,0.));
#6302 = ADVANCED_FACE('',(#6303),#6328,.T.);
#6303 = FACE_BOUND('',#6304,.T.);
#6304 = EDGE_LOOP('',(#6305,#6315,#6321,#6322));
#6305 = ORIENTED_EDGE('',*,*,#6306,.T.);
#6306 = EDGE_CURVE('',#6307,#6309,#6311,.T.);
#6307 = VERTEX_POINT('',#6308);
#6308 = CARTESIAN_POINT('',(174.41722,-64.78278,0.));
#6309 = VERTEX_POINT('',#6310);
#6310 = CARTESIAN_POINT('',(174.41722,-64.78278,1.6));
#6311 = LINE('',#6312,#6313);
#6312 = CARTESIAN_POINT('',(174.41722,-64.78278,0.));
#6313 = VECTOR('',#6314,1.);
#6314 = DIRECTION('',(0.,0.,1.));
#6315 = ORIENTED_EDGE('',*,*,#6316,.T.);
#6316 = EDGE_CURVE('',#6309,#6267,#6317,.T.);
#6317 = LINE('',#6318,#6319);
#6318 = CARTESIAN_POINT('',(174.41722,-64.78278,1.6));
#6319 = VECTOR('',#6320,1.);
#6320 = DIRECTION('',(1.,0.,0.));
#6321 = ORIENTED_EDGE('',*,*,#6264,.F.);
#6322 = ORIENTED_EDGE('',*,*,#6323,.F.);
#6323 = EDGE_CURVE('',#6307,#6265,#6324,.T.);
#6324 = LINE('',#6325,#6326);
#6325 = CARTESIAN_POINT('',(174.41722,-64.78278,0.));
#6326 = VECTOR('',#6327,1.);
#6327 = DIRECTION('',(1.,0.,0.));
#6328 = PLANE('',#6329);
#6329 = AXIS2_PLACEMENT_3D('',#6330,#6331,#6332);
#6330 = CARTESIAN_POINT('',(174.41722,-64.78278,0.));
#6331 = DIRECTION('',(0.,1.,0.));
#6332 = DIRECTION('',(1.,0.,0.));
#6333 = ADVANCED_FACE('',(#6334),#6359,.T.);
#6334 = FACE_BOUND('',#6335,.T.);
#6335 = EDGE_LOOP('',(#6336,#6337,#6345,#6353));
#6336 = ORIENTED_EDGE('',*,*,#6283,.T.);
#6337 = ORIENTED_EDGE('',*,*,#6338,.T.);
#6338 = EDGE_CURVE('',#6275,#6339,#6341,.T.);
#6339 = VERTEX_POINT('',#6340);
#6340 = CARTESIAN_POINT('',(243.01722,-336.58278,1.6));
#6341 = LINE('',#6342,#6343);
#6342 = CARTESIAN_POINT('',(243.01722,-68.2,1.6));
#6343 = VECTOR('',#6344,1.);
#6344 = DIRECTION('',(0.,-1.,0.));
#6345 = ORIENTED_EDGE('',*,*,#6346,.F.);
#6346 = EDGE_CURVE('',#6347,#6339,#6349,.T.);
#6347 = VERTEX_POINT('',#6348);
#6348 = CARTESIAN_POINT('',(243.01722,-336.58278,0.));
#6349 = LINE('',#6350,#6351);
#6350 = CARTESIAN_POINT('',(243.01722,-336.58278,0.));
#6351 = VECTOR('',#6352,1.);
#6352 = DIRECTION('',(0.,0.,1.));
#6353 = ORIENTED_EDGE('',*,*,#6354,.F.);
#6354 = EDGE_CURVE('',#6284,#6347,#6355,.T.);
#6355 = LINE('',#6356,#6357);
#6356 = CARTESIAN_POINT('',(243.01722,-68.2,0.));
#6357 = VECTOR('',#6358,1.);
#6358 = DIRECTION('',(0.,-1.,0.));
#6359 = PLANE('',#6360);
#6360 = AXIS2_PLACEMENT_3D('',#6361,#6362,#6363);
#6361 = CARTESIAN_POINT('',(243.01722,-68.2,0.));
#6362 = DIRECTION('',(1.,0.,-0.));
#6363 = DIRECTION('',(0.,-1.,0.));
#6364 = ADVANCED_FACE('',(#6365,#6435,#6446,#6457,#6468,#6479,#6490,
    #6501,#6512,#6523,#6534,#6545,#6556,#6567,#6578,#6589,#6600,#6611,
    #6622,#6633,#6644,#6655,#6666,#6677,#6688,#6699,#6710,#6721,#6732,
    #6743,#6754,#6765,#6776,#6787,#6798,#6809,#6820,#6831,#6842,#6853,
    #6864,#6875,#6886,#6897,#6908,#6919,#6930,#6941,#6952,#6963,#6974,
    #6985,#6996,#7007,#7018,#7029,#7040,#7051,#7062,#7073,#7084,#7095,
    #7106,#7117,#7128,#7139,#7150,#7161,#7172,#7183,#7194),#7205,.F.);
#6365 = FACE_BOUND('',#6366,.F.);
#6366 = EDGE_LOOP('',(#6367,#6368,#6369,#6377,#6386,#6394,#6402,#6411,
    #6419,#6427,#6434));
#6367 = ORIENTED_EDGE('',*,*,#6291,.F.);
#6368 = ORIENTED_EDGE('',*,*,#6323,.F.);
#6369 = ORIENTED_EDGE('',*,*,#6370,.F.);
#6370 = EDGE_CURVE('',#6371,#6307,#6373,.T.);
#6371 = VERTEX_POINT('',#6372);
#6372 = CARTESIAN_POINT('',(174.238249,-64.78504,0.));
#6373 = LINE('',#6374,#6375);
#6374 = CARTESIAN_POINT('',(174.238249,-64.78504,0.));
#6375 = VECTOR('',#6376,1.);
#6376 = DIRECTION('',(0.999920279573,1.262673747047E-02,0.));
#6377 = ORIENTED_EDGE('',*,*,#6378,.F.);
#6378 = EDGE_CURVE('',#6379,#6371,#6381,.T.);
#6379 = VERTEX_POINT('',#6380);
#6380 = CARTESIAN_POINT('',(171.,-68.2,0.));
#6381 = CIRCLE('',#6382,3.415196233575);
#6382 = AXIS2_PLACEMENT_3D('',#6383,#6384,#6385);
#6383 = CARTESIAN_POINT('',(174.41519346237,-68.19564932548,0.));
#6384 = DIRECTION('',(0.,0.,-1.));
#6385 = DIRECTION('',(-0.999999188568,-1.273916408017E-03,-0.));
#6386 = ORIENTED_EDGE('',*,*,#6387,.F.);
#6387 = EDGE_CURVE('',#6388,#6379,#6390,.T.);
#6388 = VERTEX_POINT('',#6389);
#6389 = CARTESIAN_POINT('',(171.,-336.58278,0.));
#6390 = LINE('',#6391,#6392);
#6391 = CARTESIAN_POINT('',(171.,-336.58278,0.));
#6392 = VECTOR('',#6393,1.);
#6393 = DIRECTION('',(0.,1.,0.));
#6394 = ORIENTED_EDGE('',*,*,#6395,.F.);
#6395 = EDGE_CURVE('',#6396,#6388,#6398,.T.);
#6396 = VERTEX_POINT('',#6397);
#6397 = CARTESIAN_POINT('',(171.00226,-336.761751,0.));
#6398 = LINE('',#6399,#6400);
#6399 = CARTESIAN_POINT('',(171.00226,-336.761751,0.));
#6400 = VECTOR('',#6401,1.);
#6401 = DIRECTION('',(-1.262673747055E-02,0.999920279573,0.));
#6402 = ORIENTED_EDGE('',*,*,#6403,.F.);
#6403 = EDGE_CURVE('',#6404,#6396,#6406,.T.);
#6404 = VERTEX_POINT('',#6405);
#6405 = CARTESIAN_POINT('',(174.41722,-340.,0.));
#6406 = CIRCLE('',#6407,3.4152151443);
#6407 = AXIS2_PLACEMENT_3D('',#6408,#6409,#6410);
#6408 = CARTESIAN_POINT('',(174.4128872793,-336.584787604,0.));
#6409 = DIRECTION('',(0.,0.,-1.));
#6410 = DIRECTION('',(1.268652342642E-03,-0.99999919526,0.));
#6411 = ORIENTED_EDGE('',*,*,#6412,.F.);
#6412 = EDGE_CURVE('',#6413,#6404,#6415,.T.);
#6413 = VERTEX_POINT('',#6414);
#6414 = CARTESIAN_POINT('',(239.6,-340.,0.));
#6415 = LINE('',#6416,#6417);
#6416 = CARTESIAN_POINT('',(239.6,-340.,0.));
#6417 = VECTOR('',#6418,1.);
#6418 = DIRECTION('',(-1.,0.,0.));
#6419 = ORIENTED_EDGE('',*,*,#6420,.F.);
#6420 = EDGE_CURVE('',#6421,#6413,#6423,.T.);
#6421 = VERTEX_POINT('',#6422);
#6422 = CARTESIAN_POINT('',(239.77897,-339.997738,0.));
#6423 = LINE('',#6424,#6425);
#6424 = CARTESIAN_POINT('',(239.77897,-339.997738,0.));
#6425 = VECTOR('',#6426,1.);
#6426 = DIRECTION('',(-0.999920137537,-1.263798039382E-02,0.));
#6427 = ORIENTED_EDGE('',*,*,#6428,.F.);
#6428 = EDGE_CURVE('',#6347,#6421,#6429,.T.);
#6429 = CIRCLE('',#6430,3.415250857607);
#6430 = AXIS2_PLACEMENT_3D('',#6431,#6432,#6433);
#6431 = CARTESIAN_POINT('',(239.60197184529,-336.5870767629,0.));
#6432 = DIRECTION('',(0.,0.,-1.));
#6433 = DIRECTION('',(0.999999208579,1.258110508838E-03,0.));
#6434 = ORIENTED_EDGE('',*,*,#6354,.F.);
#6435 = FACE_BOUND('',#6436,.F.);
#6436 = EDGE_LOOP('',(#6437));
#6437 = ORIENTED_EDGE('',*,*,#6438,.T.);
#6438 = EDGE_CURVE('',#6439,#6439,#6441,.T.);
#6439 = VERTEX_POINT('',#6440);
#6440 = CARTESIAN_POINT('',(176.,-337.15,0.));
#6441 = CIRCLE('',#6442,2.15);
#6442 = AXIS2_PLACEMENT_3D('',#6443,#6444,#6445);
#6443 = CARTESIAN_POINT('',(176.,-335.,0.));
#6444 = DIRECTION('',(-0.,0.,-1.));
#6445 = DIRECTION('',(-0.,-1.,0.));
#6446 = FACE_BOUND('',#6447,.F.);
#6447 = EDGE_LOOP('',(#6448));
#6448 = ORIENTED_EDGE('',*,*,#6449,.T.);
#6449 = EDGE_CURVE('',#6450,#6450,#6452,.T.);
#6450 = VERTEX_POINT('',#6451);
#6451 = CARTESIAN_POINT('',(173.98,-324.23,0.));
#6452 = CIRCLE('',#6453,0.6);
#6453 = AXIS2_PLACEMENT_3D('',#6454,#6455,#6456);
#6454 = CARTESIAN_POINT('',(173.98,-323.63,0.));
#6455 = DIRECTION('',(-0.,0.,-1.));
#6456 = DIRECTION('',(-4.736951571734E-14,-1.,0.));
#6457 = FACE_BOUND('',#6458,.F.);
#6458 = EDGE_LOOP('',(#6459));
#6459 = ORIENTED_EDGE('',*,*,#6460,.T.);
#6460 = EDGE_CURVE('',#6461,#6461,#6463,.T.);
#6461 = VERTEX_POINT('',#6462);
#6462 = CARTESIAN_POINT('',(173.96,-316.5,0.));
#6463 = CIRCLE('',#6464,0.6);
#6464 = AXIS2_PLACEMENT_3D('',#6465,#6466,#6467);
#6465 = CARTESIAN_POINT('',(173.96,-315.9,0.));
#6466 = DIRECTION('',(-0.,0.,-1.));
#6467 = DIRECTION('',(-0.,-1.,0.));
#6468 = FACE_BOUND('',#6469,.F.);
#6469 = EDGE_LOOP('',(#6470));
#6470 = ORIENTED_EDGE('',*,*,#6471,.T.);
#6471 = EDGE_CURVE('',#6472,#6472,#6474,.T.);
#6472 = VERTEX_POINT('',#6473);
#6473 = CARTESIAN_POINT('',(173.98,-308.68,0.));
#6474 = CIRCLE('',#6475,0.6);
#6475 = AXIS2_PLACEMENT_3D('',#6476,#6477,#6478);
#6476 = CARTESIAN_POINT('',(173.98,-308.08,0.));
#6477 = DIRECTION('',(-0.,0.,-1.));
#6478 = DIRECTION('',(-4.736951571734E-14,-1.,0.));
#6479 = FACE_BOUND('',#6480,.F.);
#6480 = EDGE_LOOP('',(#6481));
#6481 = ORIENTED_EDGE('',*,*,#6482,.T.);
#6482 = EDGE_CURVE('',#6483,#6483,#6485,.T.);
#6483 = VERTEX_POINT('',#6484);
#6484 = CARTESIAN_POINT('',(173.96,-300.95,0.));
#6485 = CIRCLE('',#6486,0.6);
#6486 = AXIS2_PLACEMENT_3D('',#6487,#6488,#6489);
#6487 = CARTESIAN_POINT('',(173.96,-300.35,0.));
#6488 = DIRECTION('',(-0.,0.,-1.));
#6489 = DIRECTION('',(-0.,-1.,0.));
#6490 = FACE_BOUND('',#6491,.F.);
#6491 = EDGE_LOOP('',(#6492));
#6492 = ORIENTED_EDGE('',*,*,#6493,.T.);
#6493 = EDGE_CURVE('',#6494,#6494,#6496,.T.);
#6494 = VERTEX_POINT('',#6495);
#6495 = CARTESIAN_POINT('',(173.98,-293.13,0.));
#6496 = CIRCLE('',#6497,0.6);
#6497 = AXIS2_PLACEMENT_3D('',#6498,#6499,#6500);
#6498 = CARTESIAN_POINT('',(173.98,-292.53,0.));
#6499 = DIRECTION('',(-0.,0.,-1.));
#6500 = DIRECTION('',(-4.736951571734E-14,-1.,0.));
#6501 = FACE_BOUND('',#6502,.F.);
#6502 = EDGE_LOOP('',(#6503));
#6503 = ORIENTED_EDGE('',*,*,#6504,.T.);
#6504 = EDGE_CURVE('',#6505,#6505,#6507,.T.);
#6505 = VERTEX_POINT('',#6506);
#6506 = CARTESIAN_POINT('',(173.96,-285.4,0.));
#6507 = CIRCLE('',#6508,0.6);
#6508 = AXIS2_PLACEMENT_3D('',#6509,#6510,#6511);
#6509 = CARTESIAN_POINT('',(173.96,-284.8,0.));
#6510 = DIRECTION('',(-0.,0.,-1.));
#6511 = DIRECTION('',(-0.,-1.,0.));
#6512 = FACE_BOUND('',#6513,.F.);
#6513 = EDGE_LOOP('',(#6514));
#6514 = ORIENTED_EDGE('',*,*,#6515,.T.);
#6515 = EDGE_CURVE('',#6516,#6516,#6518,.T.);
#6516 = VERTEX_POINT('',#6517);
#6517 = CARTESIAN_POINT('',(173.98,-277.58,0.));
#6518 = CIRCLE('',#6519,0.6);
#6519 = AXIS2_PLACEMENT_3D('',#6520,#6521,#6522);
#6520 = CARTESIAN_POINT('',(173.98,-276.98,0.));
#6521 = DIRECTION('',(-0.,0.,-1.));
#6522 = DIRECTION('',(-4.736951571734E-14,-1.,0.));
#6523 = FACE_BOUND('',#6524,.F.);
#6524 = EDGE_LOOP('',(#6525));
#6525 = ORIENTED_EDGE('',*,*,#6526,.T.);
#6526 = EDGE_CURVE('',#6527,#6527,#6529,.T.);
#6527 = VERTEX_POINT('',#6528);
#6528 = CARTESIAN_POINT('',(173.96,-269.9,0.));
#6529 = CIRCLE('',#6530,0.6);
#6530 = AXIS2_PLACEMENT_3D('',#6531,#6532,#6533);
#6531 = CARTESIAN_POINT('',(173.96,-269.3,0.));
#6532 = DIRECTION('',(-0.,0.,-1.));
#6533 = DIRECTION('',(-0.,-1.,0.));
#6534 = FACE_BOUND('',#6535,.F.);
#6535 = EDGE_LOOP('',(#6536));
#6536 = ORIENTED_EDGE('',*,*,#6537,.T.);
#6537 = EDGE_CURVE('',#6538,#6538,#6540,.T.);
#6538 = VERTEX_POINT('',#6539);
#6539 = CARTESIAN_POINT('',(173.98,-262.03,0.));
#6540 = CIRCLE('',#6541,0.6);
#6541 = AXIS2_PLACEMENT_3D('',#6542,#6543,#6544);
#6542 = CARTESIAN_POINT('',(173.98,-261.43,0.));
#6543 = DIRECTION('',(-0.,0.,-1.));
#6544 = DIRECTION('',(-4.736951571734E-14,-1.,0.));
#6545 = FACE_BOUND('',#6546,.F.);
#6546 = EDGE_LOOP('',(#6547));
#6547 = ORIENTED_EDGE('',*,*,#6548,.T.);
#6548 = EDGE_CURVE('',#6549,#6549,#6551,.T.);
#6549 = VERTEX_POINT('',#6550);
#6550 = CARTESIAN_POINT('',(173.96,-254.35,0.));
#6551 = CIRCLE('',#6552,0.6);
#6552 = AXIS2_PLACEMENT_3D('',#6553,#6554,#6555);
#6553 = CARTESIAN_POINT('',(173.96,-253.75,0.));
#6554 = DIRECTION('',(-0.,0.,-1.));
#6555 = DIRECTION('',(-0.,-1.,0.));
#6556 = FACE_BOUND('',#6557,.F.);
#6557 = EDGE_LOOP('',(#6558));
#6558 = ORIENTED_EDGE('',*,*,#6559,.T.);
#6559 = EDGE_CURVE('',#6560,#6560,#6562,.T.);
#6560 = VERTEX_POINT('',#6561);
#6561 = CARTESIAN_POINT('',(173.98,-246.48,0.));
#6562 = CIRCLE('',#6563,0.6);
#6563 = AXIS2_PLACEMENT_3D('',#6564,#6565,#6566);
#6564 = CARTESIAN_POINT('',(173.98,-245.88,0.));
#6565 = DIRECTION('',(-0.,0.,-1.));
#6566 = DIRECTION('',(-4.736951571734E-14,-1.,0.));
#6567 = FACE_BOUND('',#6568,.F.);
#6568 = EDGE_LOOP('',(#6569));
#6569 = ORIENTED_EDGE('',*,*,#6570,.T.);
#6570 = EDGE_CURVE('',#6571,#6571,#6573,.T.);
#6571 = VERTEX_POINT('',#6572);
#6572 = CARTESIAN_POINT('',(173.96,-238.8,0.));
#6573 = CIRCLE('',#6574,0.6);
#6574 = AXIS2_PLACEMENT_3D('',#6575,#6576,#6577);
#6575 = CARTESIAN_POINT('',(173.96,-238.2,0.));
#6576 = DIRECTION('',(-0.,0.,-1.));
#6577 = DIRECTION('',(-0.,-1.,0.));
#6578 = FACE_BOUND('',#6579,.F.);
#6579 = EDGE_LOOP('',(#6580));
#6580 = ORIENTED_EDGE('',*,*,#6581,.T.);
#6581 = EDGE_CURVE('',#6582,#6582,#6584,.T.);
#6582 = VERTEX_POINT('',#6583);
#6583 = CARTESIAN_POINT('',(173.98,-230.93,0.));
#6584 = CIRCLE('',#6585,0.6);
#6585 = AXIS2_PLACEMENT_3D('',#6586,#6587,#6588);
#6586 = CARTESIAN_POINT('',(173.98,-230.33,0.));
#6587 = DIRECTION('',(-0.,0.,-1.));
#6588 = DIRECTION('',(-4.736951571734E-14,-1.,0.));
#6589 = FACE_BOUND('',#6590,.F.);
#6590 = EDGE_LOOP('',(#6591));
#6591 = ORIENTED_EDGE('',*,*,#6592,.T.);
#6592 = EDGE_CURVE('',#6593,#6593,#6595,.T.);
#6593 = VERTEX_POINT('',#6594);
#6594 = CARTESIAN_POINT('',(173.96,-223.25,0.));
#6595 = CIRCLE('',#6596,0.6);
#6596 = AXIS2_PLACEMENT_3D('',#6597,#6598,#6599);
#6597 = CARTESIAN_POINT('',(173.96,-222.65,0.));
#6598 = DIRECTION('',(-0.,0.,-1.));
#6599 = DIRECTION('',(-0.,-1.,0.));
#6600 = FACE_BOUND('',#6601,.F.);
#6601 = EDGE_LOOP('',(#6602));
#6602 = ORIENTED_EDGE('',*,*,#6603,.T.);
#6603 = EDGE_CURVE('',#6604,#6604,#6606,.T.);
#6604 = VERTEX_POINT('',#6605);
#6605 = CARTESIAN_POINT('',(173.96,-215.15,0.));
#6606 = CIRCLE('',#6607,0.6);
#6607 = AXIS2_PLACEMENT_3D('',#6608,#6609,#6610);
#6608 = CARTESIAN_POINT('',(173.96,-214.55,0.));
#6609 = DIRECTION('',(-0.,0.,-1.));
#6610 = DIRECTION('',(-0.,-1.,0.));
#6611 = FACE_BOUND('',#6612,.F.);
#6612 = EDGE_LOOP('',(#6613));
#6613 = ORIENTED_EDGE('',*,*,#6614,.T.);
#6614 = EDGE_CURVE('',#6615,#6615,#6617,.T.);
#6615 = VERTEX_POINT('',#6616);
#6616 = CARTESIAN_POINT('',(173.96,-207.75,0.));
#6617 = CIRCLE('',#6618,0.6);
#6618 = AXIS2_PLACEMENT_3D('',#6619,#6620,#6621);
#6619 = CARTESIAN_POINT('',(173.96,-207.15,0.));
#6620 = DIRECTION('',(-0.,0.,-1.));
#6621 = DIRECTION('',(-0.,-1.,0.));
#6622 = FACE_BOUND('',#6623,.F.);
#6623 = EDGE_LOOP('',(#6624));
#6624 = ORIENTED_EDGE('',*,*,#6625,.T.);
#6625 = EDGE_CURVE('',#6626,#6626,#6628,.T.);
#6626 = VERTEX_POINT('',#6627);
#6627 = CARTESIAN_POINT('',(238.,-337.15,0.));
#6628 = CIRCLE('',#6629,2.15);
#6629 = AXIS2_PLACEMENT_3D('',#6630,#6631,#6632);
#6630 = CARTESIAN_POINT('',(238.,-335.,0.));
#6631 = DIRECTION('',(-0.,0.,-1.));
#6632 = DIRECTION('',(-0.,-1.,0.));
#6633 = FACE_BOUND('',#6634,.F.);
#6634 = EDGE_LOOP('',(#6635));
#6635 = ORIENTED_EDGE('',*,*,#6636,.T.);
#6636 = EDGE_CURVE('',#6637,#6637,#6639,.T.);
#6637 = VERTEX_POINT('',#6638);
#6638 = CARTESIAN_POINT('',(240.02,-324.23,0.));
#6639 = CIRCLE('',#6640,0.6);
#6640 = AXIS2_PLACEMENT_3D('',#6641,#6642,#6643);
#6641 = CARTESIAN_POINT('',(240.02,-323.63,0.));
#6642 = DIRECTION('',(-0.,0.,-1.));
#6643 = DIRECTION('',(4.736951571734E-14,-1.,-0.));
#6644 = FACE_BOUND('',#6645,.F.);
#6645 = EDGE_LOOP('',(#6646));
#6646 = ORIENTED_EDGE('',*,*,#6647,.T.);
#6647 = EDGE_CURVE('',#6648,#6648,#6650,.T.);
#6648 = VERTEX_POINT('',#6649);
#6649 = CARTESIAN_POINT('',(240.,-316.5,0.));
#6650 = CIRCLE('',#6651,0.6);
#6651 = AXIS2_PLACEMENT_3D('',#6652,#6653,#6654);
#6652 = CARTESIAN_POINT('',(240.,-315.9,0.));
#6653 = DIRECTION('',(-0.,0.,-1.));
#6654 = DIRECTION('',(-0.,-1.,0.));
#6655 = FACE_BOUND('',#6656,.F.);
#6656 = EDGE_LOOP('',(#6657));
#6657 = ORIENTED_EDGE('',*,*,#6658,.T.);
#6658 = EDGE_CURVE('',#6659,#6659,#6661,.T.);
#6659 = VERTEX_POINT('',#6660);
#6660 = CARTESIAN_POINT('',(240.02,-308.68,0.));
#6661 = CIRCLE('',#6662,0.6);
#6662 = AXIS2_PLACEMENT_3D('',#6663,#6664,#6665);
#6663 = CARTESIAN_POINT('',(240.02,-308.08,0.));
#6664 = DIRECTION('',(-0.,0.,-1.));
#6665 = DIRECTION('',(4.736951571734E-14,-1.,-0.));
#6666 = FACE_BOUND('',#6667,.F.);
#6667 = EDGE_LOOP('',(#6668));
#6668 = ORIENTED_EDGE('',*,*,#6669,.T.);
#6669 = EDGE_CURVE('',#6670,#6670,#6672,.T.);
#6670 = VERTEX_POINT('',#6671);
#6671 = CARTESIAN_POINT('',(240.,-300.95,0.));
#6672 = CIRCLE('',#6673,0.6);
#6673 = AXIS2_PLACEMENT_3D('',#6674,#6675,#6676);
#6674 = CARTESIAN_POINT('',(240.,-300.35,0.));
#6675 = DIRECTION('',(-0.,0.,-1.));
#6676 = DIRECTION('',(-0.,-1.,0.));
#6677 = FACE_BOUND('',#6678,.F.);
#6678 = EDGE_LOOP('',(#6679));
#6679 = ORIENTED_EDGE('',*,*,#6680,.T.);
#6680 = EDGE_CURVE('',#6681,#6681,#6683,.T.);
#6681 = VERTEX_POINT('',#6682);
#6682 = CARTESIAN_POINT('',(240.02,-293.13,0.));
#6683 = CIRCLE('',#6684,0.6);
#6684 = AXIS2_PLACEMENT_3D('',#6685,#6686,#6687);
#6685 = CARTESIAN_POINT('',(240.02,-292.53,0.));
#6686 = DIRECTION('',(-0.,0.,-1.));
#6687 = DIRECTION('',(4.736951571734E-14,-1.,-0.));
#6688 = FACE_BOUND('',#6689,.F.);
#6689 = EDGE_LOOP('',(#6690));
#6690 = ORIENTED_EDGE('',*,*,#6691,.T.);
#6691 = EDGE_CURVE('',#6692,#6692,#6694,.T.);
#6692 = VERTEX_POINT('',#6693);
#6693 = CARTESIAN_POINT('',(240.,-285.4,0.));
#6694 = CIRCLE('',#6695,0.6);
#6695 = AXIS2_PLACEMENT_3D('',#6696,#6697,#6698);
#6696 = CARTESIAN_POINT('',(240.,-284.8,0.));
#6697 = DIRECTION('',(-0.,0.,-1.));
#6698 = DIRECTION('',(-0.,-1.,0.));
#6699 = FACE_BOUND('',#6700,.F.);
#6700 = EDGE_LOOP('',(#6701));
#6701 = ORIENTED_EDGE('',*,*,#6702,.T.);
#6702 = EDGE_CURVE('',#6703,#6703,#6705,.T.);
#6703 = VERTEX_POINT('',#6704);
#6704 = CARTESIAN_POINT('',(240.02,-277.58,0.));
#6705 = CIRCLE('',#6706,0.6);
#6706 = AXIS2_PLACEMENT_3D('',#6707,#6708,#6709);
#6707 = CARTESIAN_POINT('',(240.02,-276.98,0.));
#6708 = DIRECTION('',(-0.,0.,-1.));
#6709 = DIRECTION('',(4.736951571734E-14,-1.,-0.));
#6710 = FACE_BOUND('',#6711,.F.);
#6711 = EDGE_LOOP('',(#6712));
#6712 = ORIENTED_EDGE('',*,*,#6713,.T.);
#6713 = EDGE_CURVE('',#6714,#6714,#6716,.T.);
#6714 = VERTEX_POINT('',#6715);
#6715 = CARTESIAN_POINT('',(240.,-269.9,0.));
#6716 = CIRCLE('',#6717,0.6);
#6717 = AXIS2_PLACEMENT_3D('',#6718,#6719,#6720);
#6718 = CARTESIAN_POINT('',(240.,-269.3,0.));
#6719 = DIRECTION('',(-0.,0.,-1.));
#6720 = DIRECTION('',(-0.,-1.,0.));
#6721 = FACE_BOUND('',#6722,.F.);
#6722 = EDGE_LOOP('',(#6723));
#6723 = ORIENTED_EDGE('',*,*,#6724,.T.);
#6724 = EDGE_CURVE('',#6725,#6725,#6727,.T.);
#6725 = VERTEX_POINT('',#6726);
#6726 = CARTESIAN_POINT('',(240.02,-262.03,0.));
#6727 = CIRCLE('',#6728,0.6);
#6728 = AXIS2_PLACEMENT_3D('',#6729,#6730,#6731);
#6729 = CARTESIAN_POINT('',(240.02,-261.43,0.));
#6730 = DIRECTION('',(-0.,0.,-1.));
#6731 = DIRECTION('',(4.736951571734E-14,-1.,-0.));
#6732 = FACE_BOUND('',#6733,.F.);
#6733 = EDGE_LOOP('',(#6734));
#6734 = ORIENTED_EDGE('',*,*,#6735,.T.);
#6735 = EDGE_CURVE('',#6736,#6736,#6738,.T.);
#6736 = VERTEX_POINT('',#6737);
#6737 = CARTESIAN_POINT('',(240.,-254.35,0.));
#6738 = CIRCLE('',#6739,0.6);
#6739 = AXIS2_PLACEMENT_3D('',#6740,#6741,#6742);
#6740 = CARTESIAN_POINT('',(240.,-253.75,0.));
#6741 = DIRECTION('',(-0.,0.,-1.));
#6742 = DIRECTION('',(-0.,-1.,0.));
#6743 = FACE_BOUND('',#6744,.F.);
#6744 = EDGE_LOOP('',(#6745));
#6745 = ORIENTED_EDGE('',*,*,#6746,.T.);
#6746 = EDGE_CURVE('',#6747,#6747,#6749,.T.);
#6747 = VERTEX_POINT('',#6748);
#6748 = CARTESIAN_POINT('',(240.02,-246.48,0.));
#6749 = CIRCLE('',#6750,0.6);
#6750 = AXIS2_PLACEMENT_3D('',#6751,#6752,#6753);
#6751 = CARTESIAN_POINT('',(240.02,-245.88,0.));
#6752 = DIRECTION('',(-0.,0.,-1.));
#6753 = DIRECTION('',(4.736951571734E-14,-1.,-0.));
#6754 = FACE_BOUND('',#6755,.F.);
#6755 = EDGE_LOOP('',(#6756));
#6756 = ORIENTED_EDGE('',*,*,#6757,.T.);
#6757 = EDGE_CURVE('',#6758,#6758,#6760,.T.);
#6758 = VERTEX_POINT('',#6759);
#6759 = CARTESIAN_POINT('',(240.,-238.8,0.));
#6760 = CIRCLE('',#6761,0.6);
#6761 = AXIS2_PLACEMENT_3D('',#6762,#6763,#6764);
#6762 = CARTESIAN_POINT('',(240.,-238.2,0.));
#6763 = DIRECTION('',(-0.,0.,-1.));
#6764 = DIRECTION('',(-0.,-1.,0.));
#6765 = FACE_BOUND('',#6766,.F.);
#6766 = EDGE_LOOP('',(#6767));
#6767 = ORIENTED_EDGE('',*,*,#6768,.T.);
#6768 = EDGE_CURVE('',#6769,#6769,#6771,.T.);
#6769 = VERTEX_POINT('',#6770);
#6770 = CARTESIAN_POINT('',(240.02,-230.93,0.));
#6771 = CIRCLE('',#6772,0.6);
#6772 = AXIS2_PLACEMENT_3D('',#6773,#6774,#6775);
#6773 = CARTESIAN_POINT('',(240.02,-230.33,0.));
#6774 = DIRECTION('',(-0.,0.,-1.));
#6775 = DIRECTION('',(4.736951571734E-14,-1.,-0.));
#6776 = FACE_BOUND('',#6777,.F.);
#6777 = EDGE_LOOP('',(#6778));
#6778 = ORIENTED_EDGE('',*,*,#6779,.T.);
#6779 = EDGE_CURVE('',#6780,#6780,#6782,.T.);
#6780 = VERTEX_POINT('',#6781);
#6781 = CARTESIAN_POINT('',(240.,-223.25,0.));
#6782 = CIRCLE('',#6783,0.6);
#6783 = AXIS2_PLACEMENT_3D('',#6784,#6785,#6786);
#6784 = CARTESIAN_POINT('',(240.,-222.65,0.));
#6785 = DIRECTION('',(-0.,0.,-1.));
#6786 = DIRECTION('',(-0.,-1.,0.));
#6787 = FACE_BOUND('',#6788,.F.);
#6788 = EDGE_LOOP('',(#6789));
#6789 = ORIENTED_EDGE('',*,*,#6790,.T.);
#6790 = EDGE_CURVE('',#6791,#6791,#6793,.T.);
#6791 = VERTEX_POINT('',#6792);
#6792 = CARTESIAN_POINT('',(240.,-215.15,0.));
#6793 = CIRCLE('',#6794,0.6);
#6794 = AXIS2_PLACEMENT_3D('',#6795,#6796,#6797);
#6795 = CARTESIAN_POINT('',(240.,-214.55,0.));
#6796 = DIRECTION('',(-0.,0.,-1.));
#6797 = DIRECTION('',(-0.,-1.,0.));
#6798 = FACE_BOUND('',#6799,.F.);
#6799 = EDGE_LOOP('',(#6800));
#6800 = ORIENTED_EDGE('',*,*,#6801,.T.);
#6801 = EDGE_CURVE('',#6802,#6802,#6804,.T.);
#6802 = VERTEX_POINT('',#6803);
#6803 = CARTESIAN_POINT('',(240.,-207.75,0.));
#6804 = CIRCLE('',#6805,0.6);
#6805 = AXIS2_PLACEMENT_3D('',#6806,#6807,#6808);
#6806 = CARTESIAN_POINT('',(240.,-207.15,0.));
#6807 = DIRECTION('',(-0.,0.,-1.));
#6808 = DIRECTION('',(-0.,-1.,0.));
#6809 = FACE_BOUND('',#6810,.F.);
#6810 = EDGE_LOOP('',(#6811));
#6811 = ORIENTED_EDGE('',*,*,#6812,.T.);
#6812 = EDGE_CURVE('',#6813,#6813,#6815,.T.);
#6813 = VERTEX_POINT('',#6814);
#6814 = CARTESIAN_POINT('',(173.96,-199.95,0.));
#6815 = CIRCLE('',#6816,0.6);
#6816 = AXIS2_PLACEMENT_3D('',#6817,#6818,#6819);
#6817 = CARTESIAN_POINT('',(173.96,-199.35,0.));
#6818 = DIRECTION('',(-0.,0.,-1.));
#6819 = DIRECTION('',(-0.,-1.,0.));
#6820 = FACE_BOUND('',#6821,.F.);
#6821 = EDGE_LOOP('',(#6822));
#6822 = ORIENTED_EDGE('',*,*,#6823,.T.);
#6823 = EDGE_CURVE('',#6824,#6824,#6826,.T.);
#6824 = VERTEX_POINT('',#6825);
#6825 = CARTESIAN_POINT('',(173.96,-192.2,0.));
#6826 = CIRCLE('',#6827,0.6);
#6827 = AXIS2_PLACEMENT_3D('',#6828,#6829,#6830);
#6828 = CARTESIAN_POINT('',(173.96,-191.6,0.));
#6829 = DIRECTION('',(-0.,0.,-1.));
#6830 = DIRECTION('',(-0.,-1.,0.));
#6831 = FACE_BOUND('',#6832,.F.);
#6832 = EDGE_LOOP('',(#6833));
#6833 = ORIENTED_EDGE('',*,*,#6834,.T.);
#6834 = EDGE_CURVE('',#6835,#6835,#6837,.T.);
#6835 = VERTEX_POINT('',#6836);
#6836 = CARTESIAN_POINT('',(173.96,-184.4,0.));
#6837 = CIRCLE('',#6838,0.6);
#6838 = AXIS2_PLACEMENT_3D('',#6839,#6840,#6841);
#6839 = CARTESIAN_POINT('',(173.96,-183.8,0.));
#6840 = DIRECTION('',(-0.,0.,-1.));
#6841 = DIRECTION('',(-0.,-1.,0.));
#6842 = FACE_BOUND('',#6843,.F.);
#6843 = EDGE_LOOP('',(#6844));
#6844 = ORIENTED_EDGE('',*,*,#6845,.T.);
#6845 = EDGE_CURVE('',#6846,#6846,#6848,.T.);
#6846 = VERTEX_POINT('',#6847);
#6847 = CARTESIAN_POINT('',(173.96,-176.65,0.));
#6848 = CIRCLE('',#6849,0.6);
#6849 = AXIS2_PLACEMENT_3D('',#6850,#6851,#6852);
#6850 = CARTESIAN_POINT('',(173.96,-176.05,0.));
#6851 = DIRECTION('',(-0.,0.,-1.));
#6852 = DIRECTION('',(-0.,-1.,0.));
#6853 = FACE_BOUND('',#6854,.F.);
#6854 = EDGE_LOOP('',(#6855));
#6855 = ORIENTED_EDGE('',*,*,#6856,.T.);
#6856 = EDGE_CURVE('',#6857,#6857,#6859,.T.);
#6857 = VERTEX_POINT('',#6858);
#6858 = CARTESIAN_POINT('',(173.96,-168.85,0.));
#6859 = CIRCLE('',#6860,0.6);
#6860 = AXIS2_PLACEMENT_3D('',#6861,#6862,#6863);
#6861 = CARTESIAN_POINT('',(173.96,-168.25,0.));
#6862 = DIRECTION('',(-0.,0.,-1.));
#6863 = DIRECTION('',(-0.,-1.,0.));
#6864 = FACE_BOUND('',#6865,.F.);
#6865 = EDGE_LOOP('',(#6866));
#6866 = ORIENTED_EDGE('',*,*,#6867,.T.);
#6867 = EDGE_CURVE('',#6868,#6868,#6870,.T.);
#6868 = VERTEX_POINT('',#6869);
#6869 = CARTESIAN_POINT('',(173.96,-161.1,0.));
#6870 = CIRCLE('',#6871,0.6);
#6871 = AXIS2_PLACEMENT_3D('',#6872,#6873,#6874);
#6872 = CARTESIAN_POINT('',(173.96,-160.5,0.));
#6873 = DIRECTION('',(-0.,0.,-1.));
#6874 = DIRECTION('',(-0.,-1.,0.));
#6875 = FACE_BOUND('',#6876,.F.);
#6876 = EDGE_LOOP('',(#6877));
#6877 = ORIENTED_EDGE('',*,*,#6878,.T.);
#6878 = EDGE_CURVE('',#6879,#6879,#6881,.T.);
#6879 = VERTEX_POINT('',#6880);
#6880 = CARTESIAN_POINT('',(173.96,-153.3,0.));
#6881 = CIRCLE('',#6882,0.6);
#6882 = AXIS2_PLACEMENT_3D('',#6883,#6884,#6885);
#6883 = CARTESIAN_POINT('',(173.96,-152.7,0.));
#6884 = DIRECTION('',(-0.,0.,-1.));
#6885 = DIRECTION('',(-0.,-1.,0.));
#6886 = FACE_BOUND('',#6887,.F.);
#6887 = EDGE_LOOP('',(#6888));
#6888 = ORIENTED_EDGE('',*,*,#6889,.T.);
#6889 = EDGE_CURVE('',#6890,#6890,#6892,.T.);
#6890 = VERTEX_POINT('',#6891);
#6891 = CARTESIAN_POINT('',(173.96,-145.55,0.));
#6892 = CIRCLE('',#6893,0.6);
#6893 = AXIS2_PLACEMENT_3D('',#6894,#6895,#6896);
#6894 = CARTESIAN_POINT('',(173.96,-144.95,0.));
#6895 = DIRECTION('',(-0.,0.,-1.));
#6896 = DIRECTION('',(-0.,-1.,0.));
#6897 = FACE_BOUND('',#6898,.F.);
#6898 = EDGE_LOOP('',(#6899));
#6899 = ORIENTED_EDGE('',*,*,#6900,.T.);
#6900 = EDGE_CURVE('',#6901,#6901,#6903,.T.);
#6901 = VERTEX_POINT('',#6902);
#6902 = CARTESIAN_POINT('',(173.96,-137.75,0.));
#6903 = CIRCLE('',#6904,0.6);
#6904 = AXIS2_PLACEMENT_3D('',#6905,#6906,#6907);
#6905 = CARTESIAN_POINT('',(173.96,-137.15,0.));
#6906 = DIRECTION('',(-0.,0.,-1.));
#6907 = DIRECTION('',(-0.,-1.,0.));
#6908 = FACE_BOUND('',#6909,.F.);
#6909 = EDGE_LOOP('',(#6910));
#6910 = ORIENTED_EDGE('',*,*,#6911,.T.);
#6911 = EDGE_CURVE('',#6912,#6912,#6914,.T.);
#6912 = VERTEX_POINT('',#6913);
#6913 = CARTESIAN_POINT('',(173.96,-130.,0.));
#6914 = CIRCLE('',#6915,0.6);
#6915 = AXIS2_PLACEMENT_3D('',#6916,#6917,#6918);
#6916 = CARTESIAN_POINT('',(173.96,-129.4,0.));
#6917 = DIRECTION('',(-0.,0.,-1.));
#6918 = DIRECTION('',(-0.,-1.,0.));
#6919 = FACE_BOUND('',#6920,.F.);
#6920 = EDGE_LOOP('',(#6921));
#6921 = ORIENTED_EDGE('',*,*,#6922,.T.);
#6922 = EDGE_CURVE('',#6923,#6923,#6925,.T.);
#6923 = VERTEX_POINT('',#6924);
#6924 = CARTESIAN_POINT('',(173.96,-122.2,0.));
#6925 = CIRCLE('',#6926,0.6);
#6926 = AXIS2_PLACEMENT_3D('',#6927,#6928,#6929);
#6927 = CARTESIAN_POINT('',(173.96,-121.6,0.));
#6928 = DIRECTION('',(-0.,0.,-1.));
#6929 = DIRECTION('',(-0.,-1.,0.));
#6930 = FACE_BOUND('',#6931,.F.);
#6931 = EDGE_LOOP('',(#6932));
#6932 = ORIENTED_EDGE('',*,*,#6933,.T.);
#6933 = EDGE_CURVE('',#6934,#6934,#6936,.T.);
#6934 = VERTEX_POINT('',#6935);
#6935 = CARTESIAN_POINT('',(173.96,-114.45,0.));
#6936 = CIRCLE('',#6937,0.6);
#6937 = AXIS2_PLACEMENT_3D('',#6938,#6939,#6940);
#6938 = CARTESIAN_POINT('',(173.96,-113.85,0.));
#6939 = DIRECTION('',(-0.,0.,-1.));
#6940 = DIRECTION('',(-0.,-1.,0.));
#6941 = FACE_BOUND('',#6942,.F.);
#6942 = EDGE_LOOP('',(#6943));
#6943 = ORIENTED_EDGE('',*,*,#6944,.T.);
#6944 = EDGE_CURVE('',#6945,#6945,#6947,.T.);
#6945 = VERTEX_POINT('',#6946);
#6946 = CARTESIAN_POINT('',(173.96,-106.65,0.));
#6947 = CIRCLE('',#6948,0.6);
#6948 = AXIS2_PLACEMENT_3D('',#6949,#6950,#6951);
#6949 = CARTESIAN_POINT('',(173.96,-106.05,0.));
#6950 = DIRECTION('',(-0.,0.,-1.));
#6951 = DIRECTION('',(-0.,-1.,0.));
#6952 = FACE_BOUND('',#6953,.F.);
#6953 = EDGE_LOOP('',(#6954));
#6954 = ORIENTED_EDGE('',*,*,#6955,.T.);
#6955 = EDGE_CURVE('',#6956,#6956,#6958,.T.);
#6956 = VERTEX_POINT('',#6957);
#6957 = CARTESIAN_POINT('',(173.96,-98.9,0.));
#6958 = CIRCLE('',#6959,0.6);
#6959 = AXIS2_PLACEMENT_3D('',#6960,#6961,#6962);
#6960 = CARTESIAN_POINT('',(173.96,-98.3,0.));
#6961 = DIRECTION('',(-0.,0.,-1.));
#6962 = DIRECTION('',(-0.,-1.,0.));
#6963 = FACE_BOUND('',#6964,.F.);
#6964 = EDGE_LOOP('',(#6965));
#6965 = ORIENTED_EDGE('',*,*,#6966,.T.);
#6966 = EDGE_CURVE('',#6967,#6967,#6969,.T.);
#6967 = VERTEX_POINT('',#6968);
#6968 = CARTESIAN_POINT('',(176.,-72.15,0.));
#6969 = CIRCLE('',#6970,2.15);
#6970 = AXIS2_PLACEMENT_3D('',#6971,#6972,#6973);
#6971 = CARTESIAN_POINT('',(176.,-70.,0.));
#6972 = DIRECTION('',(-0.,0.,-1.));
#6973 = DIRECTION('',(-0.,-1.,0.));
#6974 = FACE_BOUND('',#6975,.F.);
#6975 = EDGE_LOOP('',(#6976));
#6976 = ORIENTED_EDGE('',*,*,#6977,.T.);
#6977 = EDGE_CURVE('',#6978,#6978,#6980,.T.);
#6978 = VERTEX_POINT('',#6979);
#6979 = CARTESIAN_POINT('',(240.,-199.95,0.));
#6980 = CIRCLE('',#6981,0.6);
#6981 = AXIS2_PLACEMENT_3D('',#6982,#6983,#6984);
#6982 = CARTESIAN_POINT('',(240.,-199.35,0.));
#6983 = DIRECTION('',(-0.,0.,-1.));
#6984 = DIRECTION('',(-0.,-1.,0.));
#6985 = FACE_BOUND('',#6986,.F.);
#6986 = EDGE_LOOP('',(#6987));
#6987 = ORIENTED_EDGE('',*,*,#6988,.T.);
#6988 = EDGE_CURVE('',#6989,#6989,#6991,.T.);
#6989 = VERTEX_POINT('',#6990);
#6990 = CARTESIAN_POINT('',(240.,-192.2,0.));
#6991 = CIRCLE('',#6992,0.6);
#6992 = AXIS2_PLACEMENT_3D('',#6993,#6994,#6995);
#6993 = CARTESIAN_POINT('',(240.,-191.6,0.));
#6994 = DIRECTION('',(-0.,0.,-1.));
#6995 = DIRECTION('',(-0.,-1.,0.));
#6996 = FACE_BOUND('',#6997,.F.);
#6997 = EDGE_LOOP('',(#6998));
#6998 = ORIENTED_EDGE('',*,*,#6999,.T.);
#6999 = EDGE_CURVE('',#7000,#7000,#7002,.T.);
#7000 = VERTEX_POINT('',#7001);
#7001 = CARTESIAN_POINT('',(240.,-184.4,0.));
#7002 = CIRCLE('',#7003,0.6);
#7003 = AXIS2_PLACEMENT_3D('',#7004,#7005,#7006);
#7004 = CARTESIAN_POINT('',(240.,-183.8,0.));
#7005 = DIRECTION('',(-0.,0.,-1.));
#7006 = DIRECTION('',(-0.,-1.,0.));
#7007 = FACE_BOUND('',#7008,.F.);
#7008 = EDGE_LOOP('',(#7009));
#7009 = ORIENTED_EDGE('',*,*,#7010,.T.);
#7010 = EDGE_CURVE('',#7011,#7011,#7013,.T.);
#7011 = VERTEX_POINT('',#7012);
#7012 = CARTESIAN_POINT('',(240.,-176.65,0.));
#7013 = CIRCLE('',#7014,0.6);
#7014 = AXIS2_PLACEMENT_3D('',#7015,#7016,#7017);
#7015 = CARTESIAN_POINT('',(240.,-176.05,0.));
#7016 = DIRECTION('',(-0.,0.,-1.));
#7017 = DIRECTION('',(-0.,-1.,0.));
#7018 = FACE_BOUND('',#7019,.F.);
#7019 = EDGE_LOOP('',(#7020));
#7020 = ORIENTED_EDGE('',*,*,#7021,.T.);
#7021 = EDGE_CURVE('',#7022,#7022,#7024,.T.);
#7022 = VERTEX_POINT('',#7023);
#7023 = CARTESIAN_POINT('',(240.,-168.85,0.));
#7024 = CIRCLE('',#7025,0.6);
#7025 = AXIS2_PLACEMENT_3D('',#7026,#7027,#7028);
#7026 = CARTESIAN_POINT('',(240.,-168.25,0.));
#7027 = DIRECTION('',(-0.,0.,-1.));
#7028 = DIRECTION('',(-0.,-1.,0.));
#7029 = FACE_BOUND('',#7030,.F.);
#7030 = EDGE_LOOP('',(#7031));
#7031 = ORIENTED_EDGE('',*,*,#7032,.T.);
#7032 = EDGE_CURVE('',#7033,#7033,#7035,.T.);
#7033 = VERTEX_POINT('',#7034);
#7034 = CARTESIAN_POINT('',(240.,-161.1,0.));
#7035 = CIRCLE('',#7036,0.6);
#7036 = AXIS2_PLACEMENT_3D('',#7037,#7038,#7039);
#7037 = CARTESIAN_POINT('',(240.,-160.5,0.));
#7038 = DIRECTION('',(-0.,0.,-1.));
#7039 = DIRECTION('',(-0.,-1.,0.));
#7040 = FACE_BOUND('',#7041,.F.);
#7041 = EDGE_LOOP('',(#7042));
#7042 = ORIENTED_EDGE('',*,*,#7043,.T.);
#7043 = EDGE_CURVE('',#7044,#7044,#7046,.T.);
#7044 = VERTEX_POINT('',#7045);
#7045 = CARTESIAN_POINT('',(240.,-153.3,0.));
#7046 = CIRCLE('',#7047,0.6);
#7047 = AXIS2_PLACEMENT_3D('',#7048,#7049,#7050);
#7048 = CARTESIAN_POINT('',(240.,-152.7,0.));
#7049 = DIRECTION('',(-0.,0.,-1.));
#7050 = DIRECTION('',(-0.,-1.,0.));
#7051 = FACE_BOUND('',#7052,.F.);
#7052 = EDGE_LOOP('',(#7053));
#7053 = ORIENTED_EDGE('',*,*,#7054,.T.);
#7054 = EDGE_CURVE('',#7055,#7055,#7057,.T.);
#7055 = VERTEX_POINT('',#7056);
#7056 = CARTESIAN_POINT('',(240.,-145.55,0.));
#7057 = CIRCLE('',#7058,0.6);
#7058 = AXIS2_PLACEMENT_3D('',#7059,#7060,#7061);
#7059 = CARTESIAN_POINT('',(240.,-144.95,0.));
#7060 = DIRECTION('',(-0.,0.,-1.));
#7061 = DIRECTION('',(-0.,-1.,0.));
#7062 = FACE_BOUND('',#7063,.F.);
#7063 = EDGE_LOOP('',(#7064));
#7064 = ORIENTED_EDGE('',*,*,#7065,.T.);
#7065 = EDGE_CURVE('',#7066,#7066,#7068,.T.);
#7066 = VERTEX_POINT('',#7067);
#7067 = CARTESIAN_POINT('',(240.,-137.75,0.));
#7068 = CIRCLE('',#7069,0.6);
#7069 = AXIS2_PLACEMENT_3D('',#7070,#7071,#7072);
#7070 = CARTESIAN_POINT('',(240.,-137.15,0.));
#7071 = DIRECTION('',(-0.,0.,-1.));
#7072 = DIRECTION('',(-0.,-1.,0.));
#7073 = FACE_BOUND('',#7074,.F.);
#7074 = EDGE_LOOP('',(#7075));
#7075 = ORIENTED_EDGE('',*,*,#7076,.T.);
#7076 = EDGE_CURVE('',#7077,#7077,#7079,.T.);
#7077 = VERTEX_POINT('',#7078);
#7078 = CARTESIAN_POINT('',(208.2,-87.85,0.));
#7079 = CIRCLE('',#7080,0.7);
#7080 = AXIS2_PLACEMENT_3D('',#7081,#7082,#7083);
#7081 = CARTESIAN_POINT('',(208.2,-87.15,0.));
#7082 = DIRECTION('',(-0.,0.,-1.));
#7083 = DIRECTION('',(-0.,-1.,0.));
#7084 = FACE_BOUND('',#7085,.F.);
#7085 = EDGE_LOOP('',(#7086));
#7086 = ORIENTED_EDGE('',*,*,#7087,.T.);
#7087 = EDGE_CURVE('',#7088,#7088,#7090,.T.);
#7088 = VERTEX_POINT('',#7089);
#7089 = CARTESIAN_POINT('',(213.7,-87.85,0.));
#7090 = CIRCLE('',#7091,0.7);
#7091 = AXIS2_PLACEMENT_3D('',#7092,#7093,#7094);
#7092 = CARTESIAN_POINT('',(213.7,-87.15,0.));
#7093 = DIRECTION('',(-0.,0.,-1.));
#7094 = DIRECTION('',(-0.,-1.,0.));
#7095 = FACE_BOUND('',#7096,.F.);
#7096 = EDGE_LOOP('',(#7097));
#7097 = ORIENTED_EDGE('',*,*,#7098,.T.);
#7098 = EDGE_CURVE('',#7099,#7099,#7101,.T.);
#7099 = VERTEX_POINT('',#7100);
#7100 = CARTESIAN_POINT('',(208.2,-83.65,0.));
#7101 = CIRCLE('',#7102,0.7);
#7102 = AXIS2_PLACEMENT_3D('',#7103,#7104,#7105);
#7103 = CARTESIAN_POINT('',(208.2,-82.95,0.));
#7104 = DIRECTION('',(-0.,0.,-1.));
#7105 = DIRECTION('',(-0.,-1.,0.));
#7106 = FACE_BOUND('',#7107,.F.);
#7107 = EDGE_LOOP('',(#7108));
#7108 = ORIENTED_EDGE('',*,*,#7109,.T.);
#7109 = EDGE_CURVE('',#7110,#7110,#7112,.T.);
#7110 = VERTEX_POINT('',#7111);
#7111 = CARTESIAN_POINT('',(208.2,-79.45,0.));
#7112 = CIRCLE('',#7113,0.7);
#7113 = AXIS2_PLACEMENT_3D('',#7114,#7115,#7116);
#7114 = CARTESIAN_POINT('',(208.2,-78.75,0.));
#7115 = DIRECTION('',(-0.,0.,-1.));
#7116 = DIRECTION('',(-0.,-1.,0.));
#7117 = FACE_BOUND('',#7118,.F.);
#7118 = EDGE_LOOP('',(#7119));
#7119 = ORIENTED_EDGE('',*,*,#7120,.T.);
#7120 = EDGE_CURVE('',#7121,#7121,#7123,.T.);
#7121 = VERTEX_POINT('',#7122);
#7122 = CARTESIAN_POINT('',(213.7,-83.65,0.));
#7123 = CIRCLE('',#7124,0.7);
#7124 = AXIS2_PLACEMENT_3D('',#7125,#7126,#7127);
#7125 = CARTESIAN_POINT('',(213.7,-82.95,0.));
#7126 = DIRECTION('',(-0.,0.,-1.));
#7127 = DIRECTION('',(-0.,-1.,0.));
#7128 = FACE_BOUND('',#7129,.F.);
#7129 = EDGE_LOOP('',(#7130));
#7130 = ORIENTED_EDGE('',*,*,#7131,.T.);
#7131 = EDGE_CURVE('',#7132,#7132,#7134,.T.);
#7132 = VERTEX_POINT('',#7133);
#7133 = CARTESIAN_POINT('',(213.7,-79.45,0.));
#7134 = CIRCLE('',#7135,0.7);
#7135 = AXIS2_PLACEMENT_3D('',#7136,#7137,#7138);
#7136 = CARTESIAN_POINT('',(213.7,-78.75,0.));
#7137 = DIRECTION('',(-0.,0.,-1.));
#7138 = DIRECTION('',(-0.,-1.,0.));
#7139 = FACE_BOUND('',#7140,.F.);
#7140 = EDGE_LOOP('',(#7141));
#7141 = ORIENTED_EDGE('',*,*,#7142,.T.);
#7142 = EDGE_CURVE('',#7143,#7143,#7145,.T.);
#7143 = VERTEX_POINT('',#7144);
#7144 = CARTESIAN_POINT('',(240.,-130.,0.));
#7145 = CIRCLE('',#7146,0.6);
#7146 = AXIS2_PLACEMENT_3D('',#7147,#7148,#7149);
#7147 = CARTESIAN_POINT('',(240.,-129.4,0.));
#7148 = DIRECTION('',(-0.,0.,-1.));
#7149 = DIRECTION('',(-0.,-1.,0.));
#7150 = FACE_BOUND('',#7151,.F.);
#7151 = EDGE_LOOP('',(#7152));
#7152 = ORIENTED_EDGE('',*,*,#7153,.T.);
#7153 = EDGE_CURVE('',#7154,#7154,#7156,.T.);
#7154 = VERTEX_POINT('',#7155);
#7155 = CARTESIAN_POINT('',(240.,-122.2,0.));
#7156 = CIRCLE('',#7157,0.6);
#7157 = AXIS2_PLACEMENT_3D('',#7158,#7159,#7160);
#7158 = CARTESIAN_POINT('',(240.,-121.6,0.));
#7159 = DIRECTION('',(-0.,0.,-1.));
#7160 = DIRECTION('',(-0.,-1.,0.));
#7161 = FACE_BOUND('',#7162,.F.);
#7162 = EDGE_LOOP('',(#7163));
#7163 = ORIENTED_EDGE('',*,*,#7164,.T.);
#7164 = EDGE_CURVE('',#7165,#7165,#7167,.T.);
#7165 = VERTEX_POINT('',#7166);
#7166 = CARTESIAN_POINT('',(240.,-114.45,0.));
#7167 = CIRCLE('',#7168,0.6);
#7168 = AXIS2_PLACEMENT_3D('',#7169,#7170,#7171);
#7169 = CARTESIAN_POINT('',(240.,-113.85,0.));
#7170 = DIRECTION('',(-0.,0.,-1.));
#7171 = DIRECTION('',(-0.,-1.,0.));
#7172 = FACE_BOUND('',#7173,.F.);
#7173 = EDGE_LOOP('',(#7174));
#7174 = ORIENTED_EDGE('',*,*,#7175,.T.);
#7175 = EDGE_CURVE('',#7176,#7176,#7178,.T.);
#7176 = VERTEX_POINT('',#7177);
#7177 = CARTESIAN_POINT('',(240.,-106.65,0.));
#7178 = CIRCLE('',#7179,0.6);
#7179 = AXIS2_PLACEMENT_3D('',#7180,#7181,#7182);
#7180 = CARTESIAN_POINT('',(240.,-106.05,0.));
#7181 = DIRECTION('',(-0.,0.,-1.));
#7182 = DIRECTION('',(-0.,-1.,0.));
#7183 = FACE_BOUND('',#7184,.F.);
#7184 = EDGE_LOOP('',(#7185));
#7185 = ORIENTED_EDGE('',*,*,#7186,.T.);
#7186 = EDGE_CURVE('',#7187,#7187,#7189,.T.);
#7187 = VERTEX_POINT('',#7188);
#7188 = CARTESIAN_POINT('',(240.,-98.9,0.));
#7189 = CIRCLE('',#7190,0.6);
#7190 = AXIS2_PLACEMENT_3D('',#7191,#7192,#7193);
#7191 = CARTESIAN_POINT('',(240.,-98.3,0.));
#7192 = DIRECTION('',(-0.,0.,-1.));
#7193 = DIRECTION('',(-0.,-1.,0.));
#7194 = FACE_BOUND('',#7195,.F.);
#7195 = EDGE_LOOP('',(#7196));
#7196 = ORIENTED_EDGE('',*,*,#7197,.T.);
#7197 = EDGE_CURVE('',#7198,#7198,#7200,.T.);
#7198 = VERTEX_POINT('',#7199);
#7199 = CARTESIAN_POINT('',(238.,-72.15,0.));
#7200 = CIRCLE('',#7201,2.15);
#7201 = AXIS2_PLACEMENT_3D('',#7202,#7203,#7204);
#7202 = CARTESIAN_POINT('',(238.,-70.,0.));
#7203 = DIRECTION('',(-0.,0.,-1.));
#7204 = DIRECTION('',(-0.,-1.,0.));
#7205 = PLANE('',#7206);
#7206 = AXIS2_PLACEMENT_3D('',#7207,#7208,#7209);
#7207 = CARTESIAN_POINT('',(0.,0.,0.));
#7208 = DIRECTION('',(0.,0.,1.));
#7209 = DIRECTION('',(1.,0.,-0.));
#7210 = ADVANCED_FACE('',(#7211,#7281,#7292,#7303,#7314,#7325,#7336,
    #7347,#7358,#7369,#7380,#7391,#7402,#7413,#7424,#7435,#7446,#7457,
    #7468,#7479,#7490,#7501,#7512,#7523,#7534,#7545,#7556,#7567,#7578,
    #7589,#7600,#7611,#7622,#7633,#7644,#7655,#7666,#7677,#7688,#7699,
    #7710,#7721,#7732,#7743,#7754,#7765,#7776,#7787,#7798,#7809,#7820,
    #7831,#7842,#7853,#7864,#7875,#7886,#7897,#7908,#7919,#7930,#7941,
    #7952,#7963,#7974,#7985,#7996,#8007,#8018,#8029,#8040),#8051,.T.);
#7211 = FACE_BOUND('',#7212,.T.);
#7212 = EDGE_LOOP('',(#7213,#7214,#7215,#7223,#7232,#7240,#7248,#7257,
    #7265,#7273,#7280));
#7213 = ORIENTED_EDGE('',*,*,#6274,.F.);
#7214 = ORIENTED_EDGE('',*,*,#6316,.F.);
#7215 = ORIENTED_EDGE('',*,*,#7216,.F.);
#7216 = EDGE_CURVE('',#7217,#6309,#7219,.T.);
#7217 = VERTEX_POINT('',#7218);
#7218 = CARTESIAN_POINT('',(174.238249,-64.78504,1.6));
#7219 = LINE('',#7220,#7221);
#7220 = CARTESIAN_POINT('',(174.238249,-64.78504,1.6));
#7221 = VECTOR('',#7222,1.);
#7222 = DIRECTION('',(0.999920279573,1.262673747047E-02,0.));
#7223 = ORIENTED_EDGE('',*,*,#7224,.F.);
#7224 = EDGE_CURVE('',#7225,#7217,#7227,.T.);
#7225 = VERTEX_POINT('',#7226);
#7226 = CARTESIAN_POINT('',(171.,-68.2,1.6));
#7227 = CIRCLE('',#7228,3.415196233575);
#7228 = AXIS2_PLACEMENT_3D('',#7229,#7230,#7231);
#7229 = CARTESIAN_POINT('',(174.41519346237,-68.19564932548,1.6));
#7230 = DIRECTION('',(0.,0.,-1.));
#7231 = DIRECTION('',(-0.999999188568,-1.273916408017E-03,-0.));
#7232 = ORIENTED_EDGE('',*,*,#7233,.F.);
#7233 = EDGE_CURVE('',#7234,#7225,#7236,.T.);
#7234 = VERTEX_POINT('',#7235);
#7235 = CARTESIAN_POINT('',(171.,-336.58278,1.6));
#7236 = LINE('',#7237,#7238);
#7237 = CARTESIAN_POINT('',(171.,-336.58278,1.6));
#7238 = VECTOR('',#7239,1.);
#7239 = DIRECTION('',(0.,1.,0.));
#7240 = ORIENTED_EDGE('',*,*,#7241,.F.);
#7241 = EDGE_CURVE('',#7242,#7234,#7244,.T.);
#7242 = VERTEX_POINT('',#7243);
#7243 = CARTESIAN_POINT('',(171.00226,-336.761751,1.6));
#7244 = LINE('',#7245,#7246);
#7245 = CARTESIAN_POINT('',(171.00226,-336.761751,1.6));
#7246 = VECTOR('',#7247,1.);
#7247 = DIRECTION('',(-1.262673747055E-02,0.999920279573,0.));
#7248 = ORIENTED_EDGE('',*,*,#7249,.F.);
#7249 = EDGE_CURVE('',#7250,#7242,#7252,.T.);
#7250 = VERTEX_POINT('',#7251);
#7251 = CARTESIAN_POINT('',(174.41722,-340.,1.6));
#7252 = CIRCLE('',#7253,3.4152151443);
#7253 = AXIS2_PLACEMENT_3D('',#7254,#7255,#7256);
#7254 = CARTESIAN_POINT('',(174.4128872793,-336.584787604,1.6));
#7255 = DIRECTION('',(0.,0.,-1.));
#7256 = DIRECTION('',(1.268652342642E-03,-0.99999919526,0.));
#7257 = ORIENTED_EDGE('',*,*,#7258,.F.);
#7258 = EDGE_CURVE('',#7259,#7250,#7261,.T.);
#7259 = VERTEX_POINT('',#7260);
#7260 = CARTESIAN_POINT('',(239.6,-340.,1.6));
#7261 = LINE('',#7262,#7263);
#7262 = CARTESIAN_POINT('',(239.6,-340.,1.6));
#7263 = VECTOR('',#7264,1.);
#7264 = DIRECTION('',(-1.,0.,0.));
#7265 = ORIENTED_EDGE('',*,*,#7266,.F.);
#7266 = EDGE_CURVE('',#7267,#7259,#7269,.T.);
#7267 = VERTEX_POINT('',#7268);
#7268 = CARTESIAN_POINT('',(239.77897,-339.997738,1.6));
#7269 = LINE('',#7270,#7271);
#7270 = CARTESIAN_POINT('',(239.77897,-339.997738,1.6));
#7271 = VECTOR('',#7272,1.);
#7272 = DIRECTION('',(-0.999920137537,-1.263798039382E-02,0.));
#7273 = ORIENTED_EDGE('',*,*,#7274,.F.);
#7274 = EDGE_CURVE('',#6339,#7267,#7275,.T.);
#7275 = CIRCLE('',#7276,3.415250857607);
#7276 = AXIS2_PLACEMENT_3D('',#7277,#7278,#7279);
#7277 = CARTESIAN_POINT('',(239.60197184529,-336.5870767629,1.6));
#7278 = DIRECTION('',(0.,0.,-1.));
#7279 = DIRECTION('',(0.999999208579,1.258110508838E-03,0.));
#7280 = ORIENTED_EDGE('',*,*,#6338,.F.);
#7281 = FACE_BOUND('',#7282,.T.);
#7282 = EDGE_LOOP('',(#7283));
#7283 = ORIENTED_EDGE('',*,*,#7284,.T.);
#7284 = EDGE_CURVE('',#7285,#7285,#7287,.T.);
#7285 = VERTEX_POINT('',#7286);
#7286 = CARTESIAN_POINT('',(176.,-337.15,1.6));
#7287 = CIRCLE('',#7288,2.15);
#7288 = AXIS2_PLACEMENT_3D('',#7289,#7290,#7291);
#7289 = CARTESIAN_POINT('',(176.,-335.,1.6));
#7290 = DIRECTION('',(-0.,0.,-1.));
#7291 = DIRECTION('',(-0.,-1.,0.));
#7292 = FACE_BOUND('',#7293,.T.);
#7293 = EDGE_LOOP('',(#7294));
#7294 = ORIENTED_EDGE('',*,*,#7295,.T.);
#7295 = EDGE_CURVE('',#7296,#7296,#7298,.T.);
#7296 = VERTEX_POINT('',#7297);
#7297 = CARTESIAN_POINT('',(173.98,-324.23,1.6));
#7298 = CIRCLE('',#7299,0.6);
#7299 = AXIS2_PLACEMENT_3D('',#7300,#7301,#7302);
#7300 = CARTESIAN_POINT('',(173.98,-323.63,1.6));
#7301 = DIRECTION('',(-0.,0.,-1.));
#7302 = DIRECTION('',(-4.736951571734E-14,-1.,0.));
#7303 = FACE_BOUND('',#7304,.T.);
#7304 = EDGE_LOOP('',(#7305));
#7305 = ORIENTED_EDGE('',*,*,#7306,.T.);
#7306 = EDGE_CURVE('',#7307,#7307,#7309,.T.);
#7307 = VERTEX_POINT('',#7308);
#7308 = CARTESIAN_POINT('',(173.96,-316.5,1.6));
#7309 = CIRCLE('',#7310,0.6);
#7310 = AXIS2_PLACEMENT_3D('',#7311,#7312,#7313);
#7311 = CARTESIAN_POINT('',(173.96,-315.9,1.6));
#7312 = DIRECTION('',(-0.,0.,-1.));
#7313 = DIRECTION('',(-0.,-1.,0.));
#7314 = FACE_BOUND('',#7315,.T.);
#7315 = EDGE_LOOP('',(#7316));
#7316 = ORIENTED_EDGE('',*,*,#7317,.T.);
#7317 = EDGE_CURVE('',#7318,#7318,#7320,.T.);
#7318 = VERTEX_POINT('',#7319);
#7319 = CARTESIAN_POINT('',(173.98,-308.68,1.6));
#7320 = CIRCLE('',#7321,0.6);
#7321 = AXIS2_PLACEMENT_3D('',#7322,#7323,#7324);
#7322 = CARTESIAN_POINT('',(173.98,-308.08,1.6));
#7323 = DIRECTION('',(-0.,0.,-1.));
#7324 = DIRECTION('',(-4.736951571734E-14,-1.,0.));
#7325 = FACE_BOUND('',#7326,.T.);
#7326 = EDGE_LOOP('',(#7327));
#7327 = ORIENTED_EDGE('',*,*,#7328,.T.);
#7328 = EDGE_CURVE('',#7329,#7329,#7331,.T.);
#7329 = VERTEX_POINT('',#7330);
#7330 = CARTESIAN_POINT('',(173.96,-300.95,1.6));
#7331 = CIRCLE('',#7332,0.6);
#7332 = AXIS2_PLACEMENT_3D('',#7333,#7334,#7335);
#7333 = CARTESIAN_POINT('',(173.96,-300.35,1.6));
#7334 = DIRECTION('',(-0.,0.,-1.));
#7335 = DIRECTION('',(-0.,-1.,0.));
#7336 = FACE_BOUND('',#7337,.T.);
#7337 = EDGE_LOOP('',(#7338));
#7338 = ORIENTED_EDGE('',*,*,#7339,.T.);
#7339 = EDGE_CURVE('',#7340,#7340,#7342,.T.);
#7340 = VERTEX_POINT('',#7341);
#7341 = CARTESIAN_POINT('',(173.98,-293.13,1.6));
#7342 = CIRCLE('',#7343,0.6);
#7343 = AXIS2_PLACEMENT_3D('',#7344,#7345,#7346);
#7344 = CARTESIAN_POINT('',(173.98,-292.53,1.6));
#7345 = DIRECTION('',(-0.,0.,-1.));
#7346 = DIRECTION('',(-4.736951571734E-14,-1.,0.));
#7347 = FACE_BOUND('',#7348,.T.);
#7348 = EDGE_LOOP('',(#7349));
#7349 = ORIENTED_EDGE('',*,*,#7350,.T.);
#7350 = EDGE_CURVE('',#7351,#7351,#7353,.T.);
#7351 = VERTEX_POINT('',#7352);
#7352 = CARTESIAN_POINT('',(173.96,-285.4,1.6));
#7353 = CIRCLE('',#7354,0.6);
#7354 = AXIS2_PLACEMENT_3D('',#7355,#7356,#7357);
#7355 = CARTESIAN_POINT('',(173.96,-284.8,1.6));
#7356 = DIRECTION('',(-0.,0.,-1.));
#7357 = DIRECTION('',(-0.,-1.,0.));
#7358 = FACE_BOUND('',#7359,.T.);
#7359 = EDGE_LOOP('',(#7360));
#7360 = ORIENTED_EDGE('',*,*,#7361,.T.);
#7361 = EDGE_CURVE('',#7362,#7362,#7364,.T.);
#7362 = VERTEX_POINT('',#7363);
#7363 = CARTESIAN_POINT('',(173.98,-277.58,1.6));
#7364 = CIRCLE('',#7365,0.6);
#7365 = AXIS2_PLACEMENT_3D('',#7366,#7367,#7368);
#7366 = CARTESIAN_POINT('',(173.98,-276.98,1.6));
#7367 = DIRECTION('',(-0.,0.,-1.));
#7368 = DIRECTION('',(-4.736951571734E-14,-1.,0.));
#7369 = FACE_BOUND('',#7370,.T.);
#7370 = EDGE_LOOP('',(#7371));
#7371 = ORIENTED_EDGE('',*,*,#7372,.T.);
#7372 = EDGE_CURVE('',#7373,#7373,#7375,.T.);
#7373 = VERTEX_POINT('',#7374);
#7374 = CARTESIAN_POINT('',(173.96,-269.9,1.6));
#7375 = CIRCLE('',#7376,0.6);
#7376 = AXIS2_PLACEMENT_3D('',#7377,#7378,#7379);
#7377 = CARTESIAN_POINT('',(173.96,-269.3,1.6));
#7378 = DIRECTION('',(-0.,0.,-1.));
#7379 = DIRECTION('',(-0.,-1.,0.));
#7380 = FACE_BOUND('',#7381,.T.);
#7381 = EDGE_LOOP('',(#7382));
#7382 = ORIENTED_EDGE('',*,*,#7383,.T.);
#7383 = EDGE_CURVE('',#7384,#7384,#7386,.T.);
#7384 = VERTEX_POINT('',#7385);
#7385 = CARTESIAN_POINT('',(173.98,-262.03,1.6));
#7386 = CIRCLE('',#7387,0.6);
#7387 = AXIS2_PLACEMENT_3D('',#7388,#7389,#7390);
#7388 = CARTESIAN_POINT('',(173.98,-261.43,1.6));
#7389 = DIRECTION('',(-0.,0.,-1.));
#7390 = DIRECTION('',(-4.736951571734E-14,-1.,0.));
#7391 = FACE_BOUND('',#7392,.T.);
#7392 = EDGE_LOOP('',(#7393));
#7393 = ORIENTED_EDGE('',*,*,#7394,.T.);
#7394 = EDGE_CURVE('',#7395,#7395,#7397,.T.);
#7395 = VERTEX_POINT('',#7396);
#7396 = CARTESIAN_POINT('',(173.96,-254.35,1.6));
#7397 = CIRCLE('',#7398,0.6);
#7398 = AXIS2_PLACEMENT_3D('',#7399,#7400,#7401);
#7399 = CARTESIAN_POINT('',(173.96,-253.75,1.6));
#7400 = DIRECTION('',(-0.,0.,-1.));
#7401 = DIRECTION('',(-0.,-1.,0.));
#7402 = FACE_BOUND('',#7403,.T.);
#7403 = EDGE_LOOP('',(#7404));
#7404 = ORIENTED_EDGE('',*,*,#7405,.T.);
#7405 = EDGE_CURVE('',#7406,#7406,#7408,.T.);
#7406 = VERTEX_POINT('',#7407);
#7407 = CARTESIAN_POINT('',(173.98,-246.48,1.6));
#7408 = CIRCLE('',#7409,0.6);
#7409 = AXIS2_PLACEMENT_3D('',#7410,#7411,#7412);
#7410 = CARTESIAN_POINT('',(173.98,-245.88,1.6));
#7411 = DIRECTION('',(-0.,0.,-1.));
#7412 = DIRECTION('',(-4.736951571734E-14,-1.,0.));
#7413 = FACE_BOUND('',#7414,.T.);
#7414 = EDGE_LOOP('',(#7415));
#7415 = ORIENTED_EDGE('',*,*,#7416,.T.);
#7416 = EDGE_CURVE('',#7417,#7417,#7419,.T.);
#7417 = VERTEX_POINT('',#7418);
#7418 = CARTESIAN_POINT('',(173.96,-238.8,1.6));
#7419 = CIRCLE('',#7420,0.6);
#7420 = AXIS2_PLACEMENT_3D('',#7421,#7422,#7423);
#7421 = CARTESIAN_POINT('',(173.96,-238.2,1.6));
#7422 = DIRECTION('',(-0.,0.,-1.));
#7423 = DIRECTION('',(-0.,-1.,0.));
#7424 = FACE_BOUND('',#7425,.T.);
#7425 = EDGE_LOOP('',(#7426));
#7426 = ORIENTED_EDGE('',*,*,#7427,.T.);
#7427 = EDGE_CURVE('',#7428,#7428,#7430,.T.);
#7428 = VERTEX_POINT('',#7429);
#7429 = CARTESIAN_POINT('',(173.98,-230.93,1.6));
#7430 = CIRCLE('',#7431,0.6);
#7431 = AXIS2_PLACEMENT_3D('',#7432,#7433,#7434);
#7432 = CARTESIAN_POINT('',(173.98,-230.33,1.6));
#7433 = DIRECTION('',(-0.,0.,-1.));
#7434 = DIRECTION('',(-4.736951571734E-14,-1.,0.));
#7435 = FACE_BOUND('',#7436,.T.);
#7436 = EDGE_LOOP('',(#7437));
#7437 = ORIENTED_EDGE('',*,*,#7438,.T.);
#7438 = EDGE_CURVE('',#7439,#7439,#7441,.T.);
#7439 = VERTEX_POINT('',#7440);
#7440 = CARTESIAN_POINT('',(173.96,-223.25,1.6));
#7441 = CIRCLE('',#7442,0.6);
#7442 = AXIS2_PLACEMENT_3D('',#7443,#7444,#7445);
#7443 = CARTESIAN_POINT('',(173.96,-222.65,1.6));
#7444 = DIRECTION('',(-0.,0.,-1.));
#7445 = DIRECTION('',(-0.,-1.,0.));
#7446 = FACE_BOUND('',#7447,.T.);
#7447 = EDGE_LOOP('',(#7448));
#7448 = ORIENTED_EDGE('',*,*,#7449,.T.);
#7449 = EDGE_CURVE('',#7450,#7450,#7452,.T.);
#7450 = VERTEX_POINT('',#7451);
#7451 = CARTESIAN_POINT('',(173.96,-215.15,1.6));
#7452 = CIRCLE('',#7453,0.6);
#7453 = AXIS2_PLACEMENT_3D('',#7454,#7455,#7456);
#7454 = CARTESIAN_POINT('',(173.96,-214.55,1.6));
#7455 = DIRECTION('',(-0.,0.,-1.));
#7456 = DIRECTION('',(-0.,-1.,0.));
#7457 = FACE_BOUND('',#7458,.T.);
#7458 = EDGE_LOOP('',(#7459));
#7459 = ORIENTED_EDGE('',*,*,#7460,.T.);
#7460 = EDGE_CURVE('',#7461,#7461,#7463,.T.);
#7461 = VERTEX_POINT('',#7462);
#7462 = CARTESIAN_POINT('',(173.96,-207.75,1.6));
#7463 = CIRCLE('',#7464,0.6);
#7464 = AXIS2_PLACEMENT_3D('',#7465,#7466,#7467);
#7465 = CARTESIAN_POINT('',(173.96,-207.15,1.6));
#7466 = DIRECTION('',(-0.,0.,-1.));
#7467 = DIRECTION('',(-0.,-1.,0.));
#7468 = FACE_BOUND('',#7469,.T.);
#7469 = EDGE_LOOP('',(#7470));
#7470 = ORIENTED_EDGE('',*,*,#7471,.T.);
#7471 = EDGE_CURVE('',#7472,#7472,#7474,.T.);
#7472 = VERTEX_POINT('',#7473);
#7473 = CARTESIAN_POINT('',(238.,-337.15,1.6));
#7474 = CIRCLE('',#7475,2.15);
#7475 = AXIS2_PLACEMENT_3D('',#7476,#7477,#7478);
#7476 = CARTESIAN_POINT('',(238.,-335.,1.6));
#7477 = DIRECTION('',(-0.,0.,-1.));
#7478 = DIRECTION('',(-0.,-1.,0.));
#7479 = FACE_BOUND('',#7480,.T.);
#7480 = EDGE_LOOP('',(#7481));
#7481 = ORIENTED_EDGE('',*,*,#7482,.T.);
#7482 = EDGE_CURVE('',#7483,#7483,#7485,.T.);
#7483 = VERTEX_POINT('',#7484);
#7484 = CARTESIAN_POINT('',(240.02,-324.23,1.6));
#7485 = CIRCLE('',#7486,0.6);
#7486 = AXIS2_PLACEMENT_3D('',#7487,#7488,#7489);
#7487 = CARTESIAN_POINT('',(240.02,-323.63,1.6));
#7488 = DIRECTION('',(-0.,0.,-1.));
#7489 = DIRECTION('',(4.736951571734E-14,-1.,-0.));
#7490 = FACE_BOUND('',#7491,.T.);
#7491 = EDGE_LOOP('',(#7492));
#7492 = ORIENTED_EDGE('',*,*,#7493,.T.);
#7493 = EDGE_CURVE('',#7494,#7494,#7496,.T.);
#7494 = VERTEX_POINT('',#7495);
#7495 = CARTESIAN_POINT('',(240.,-316.5,1.6));
#7496 = CIRCLE('',#7497,0.6);
#7497 = AXIS2_PLACEMENT_3D('',#7498,#7499,#7500);
#7498 = CARTESIAN_POINT('',(240.,-315.9,1.6));
#7499 = DIRECTION('',(-0.,0.,-1.));
#7500 = DIRECTION('',(-0.,-1.,0.));
#7501 = FACE_BOUND('',#7502,.T.);
#7502 = EDGE_LOOP('',(#7503));
#7503 = ORIENTED_EDGE('',*,*,#7504,.T.);
#7504 = EDGE_CURVE('',#7505,#7505,#7507,.T.);
#7505 = VERTEX_POINT('',#7506);
#7506 = CARTESIAN_POINT('',(240.02,-308.68,1.6));
#7507 = CIRCLE('',#7508,0.6);
#7508 = AXIS2_PLACEMENT_3D('',#7509,#7510,#7511);
#7509 = CARTESIAN_POINT('',(240.02,-308.08,1.6));
#7510 = DIRECTION('',(-0.,0.,-1.));
#7511 = DIRECTION('',(4.736951571734E-14,-1.,-0.));
#7512 = FACE_BOUND('',#7513,.T.);
#7513 = EDGE_LOOP('',(#7514));
#7514 = ORIENTED_EDGE('',*,*,#7515,.T.);
#7515 = EDGE_CURVE('',#7516,#7516,#7518,.T.);
#7516 = VERTEX_POINT('',#7517);
#7517 = CARTESIAN_POINT('',(240.,-300.95,1.6));
#7518 = CIRCLE('',#7519,0.6);
#7519 = AXIS2_PLACEMENT_3D('',#7520,#7521,#7522);
#7520 = CARTESIAN_POINT('',(240.,-300.35,1.6));
#7521 = DIRECTION('',(-0.,0.,-1.));
#7522 = DIRECTION('',(-0.,-1.,0.));
#7523 = FACE_BOUND('',#7524,.T.);
#7524 = EDGE_LOOP('',(#7525));
#7525 = ORIENTED_EDGE('',*,*,#7526,.T.);
#7526 = EDGE_CURVE('',#7527,#7527,#7529,.T.);
#7527 = VERTEX_POINT('',#7528);
#7528 = CARTESIAN_POINT('',(240.02,-293.13,1.6));
#7529 = CIRCLE('',#7530,0.6);
#7530 = AXIS2_PLACEMENT_3D('',#7531,#7532,#7533);
#7531 = CARTESIAN_POINT('',(240.02,-292.53,1.6));
#7532 = DIRECTION('',(-0.,0.,-1.));
#7533 = DIRECTION('',(4.736951571734E-14,-1.,-0.));
#7534 = FACE_BOUND('',#7535,.T.);
#7535 = EDGE_LOOP('',(#7536));
#7536 = ORIENTED_EDGE('',*,*,#7537,.T.);
#7537 = EDGE_CURVE('',#7538,#7538,#7540,.T.);
#7538 = VERTEX_POINT('',#7539);
#7539 = CARTESIAN_POINT('',(240.,-285.4,1.6));
#7540 = CIRCLE('',#7541,0.6);
#7541 = AXIS2_PLACEMENT_3D('',#7542,#7543,#7544);
#7542 = CARTESIAN_POINT('',(240.,-284.8,1.6));
#7543 = DIRECTION('',(-0.,0.,-1.));
#7544 = DIRECTION('',(-0.,-1.,0.));
#7545 = FACE_BOUND('',#7546,.T.);
#7546 = EDGE_LOOP('',(#7547));
#7547 = ORIENTED_EDGE('',*,*,#7548,.T.);
#7548 = EDGE_CURVE('',#7549,#7549,#7551,.T.);
#7549 = VERTEX_POINT('',#7550);
#7550 = CARTESIAN_POINT('',(240.02,-277.58,1.6));
#7551 = CIRCLE('',#7552,0.6);
#7552 = AXIS2_PLACEMENT_3D('',#7553,#7554,#7555);
#7553 = CARTESIAN_POINT('',(240.02,-276.98,1.6));
#7554 = DIRECTION('',(-0.,0.,-1.));
#7555 = DIRECTION('',(4.736951571734E-14,-1.,-0.));
#7556 = FACE_BOUND('',#7557,.T.);
#7557 = EDGE_LOOP('',(#7558));
#7558 = ORIENTED_EDGE('',*,*,#7559,.T.);
#7559 = EDGE_CURVE('',#7560,#7560,#7562,.T.);
#7560 = VERTEX_POINT('',#7561);
#7561 = CARTESIAN_POINT('',(240.,-269.9,1.6));
#7562 = CIRCLE('',#7563,0.6);
#7563 = AXIS2_PLACEMENT_3D('',#7564,#7565,#7566);
#7564 = CARTESIAN_POINT('',(240.,-269.3,1.6));
#7565 = DIRECTION('',(-0.,0.,-1.));
#7566 = DIRECTION('',(-0.,-1.,0.));
#7567 = FACE_BOUND('',#7568,.T.);
#7568 = EDGE_LOOP('',(#7569));
#7569 = ORIENTED_EDGE('',*,*,#7570,.T.);
#7570 = EDGE_CURVE('',#7571,#7571,#7573,.T.);
#7571 = VERTEX_POINT('',#7572);
#7572 = CARTESIAN_POINT('',(240.02,-262.03,1.6));
#7573 = CIRCLE('',#7574,0.6);
#7574 = AXIS2_PLACEMENT_3D('',#7575,#7576,#7577);
#7575 = CARTESIAN_POINT('',(240.02,-261.43,1.6));
#7576 = DIRECTION('',(-0.,0.,-1.));
#7577 = DIRECTION('',(4.736951571734E-14,-1.,-0.));
#7578 = FACE_BOUND('',#7579,.T.);
#7579 = EDGE_LOOP('',(#7580));
#7580 = ORIENTED_EDGE('',*,*,#7581,.T.);
#7581 = EDGE_CURVE('',#7582,#7582,#7584,.T.);
#7582 = VERTEX_POINT('',#7583);
#7583 = CARTESIAN_POINT('',(240.,-254.35,1.6));
#7584 = CIRCLE('',#7585,0.6);
#7585 = AXIS2_PLACEMENT_3D('',#7586,#7587,#7588);
#7586 = CARTESIAN_POINT('',(240.,-253.75,1.6));
#7587 = DIRECTION('',(-0.,0.,-1.));
#7588 = DIRECTION('',(-0.,-1.,0.));
#7589 = FACE_BOUND('',#7590,.T.);
#7590 = EDGE_LOOP('',(#7591));
#7591 = ORIENTED_EDGE('',*,*,#7592,.T.);
#7592 = EDGE_CURVE('',#7593,#7593,#7595,.T.);
#7593 = VERTEX_POINT('',#7594);
#7594 = CARTESIAN_POINT('',(240.02,-246.48,1.6));
#7595 = CIRCLE('',#7596,0.6);
#7596 = AXIS2_PLACEMENT_3D('',#7597,#7598,#7599);
#7597 = CARTESIAN_POINT('',(240.02,-245.88,1.6));
#7598 = DIRECTION('',(-0.,0.,-1.));
#7599 = DIRECTION('',(4.736951571734E-14,-1.,-0.));
#7600 = FACE_BOUND('',#7601,.T.);
#7601 = EDGE_LOOP('',(#7602));
#7602 = ORIENTED_EDGE('',*,*,#7603,.T.);
#7603 = EDGE_CURVE('',#7604,#7604,#7606,.T.);
#7604 = VERTEX_POINT('',#7605);
#7605 = CARTESIAN_POINT('',(240.,-238.8,1.6));
#7606 = CIRCLE('',#7607,0.6);
#7607 = AXIS2_PLACEMENT_3D('',#7608,#7609,#7610);
#7608 = CARTESIAN_POINT('',(240.,-238.2,1.6));
#7609 = DIRECTION('',(-0.,0.,-1.));
#7610 = DIRECTION('',(-0.,-1.,0.));
#7611 = FACE_BOUND('',#7612,.T.);
#7612 = EDGE_LOOP('',(#7613));
#7613 = ORIENTED_EDGE('',*,*,#7614,.T.);
#7614 = EDGE_CURVE('',#7615,#7615,#7617,.T.);
#7615 = VERTEX_POINT('',#7616);
#7616 = CARTESIAN_POINT('',(240.02,-230.93,1.6));
#7617 = CIRCLE('',#7618,0.6);
#7618 = AXIS2_PLACEMENT_3D('',#7619,#7620,#7621);
#7619 = CARTESIAN_POINT('',(240.02,-230.33,1.6));
#7620 = DIRECTION('',(-0.,0.,-1.));
#7621 = DIRECTION('',(4.736951571734E-14,-1.,-0.));
#7622 = FACE_BOUND('',#7623,.T.);
#7623 = EDGE_LOOP('',(#7624));
#7624 = ORIENTED_EDGE('',*,*,#7625,.T.);
#7625 = EDGE_CURVE('',#7626,#7626,#7628,.T.);
#7626 = VERTEX_POINT('',#7627);
#7627 = CARTESIAN_POINT('',(240.,-223.25,1.6));
#7628 = CIRCLE('',#7629,0.6);
#7629 = AXIS2_PLACEMENT_3D('',#7630,#7631,#7632);
#7630 = CARTESIAN_POINT('',(240.,-222.65,1.6));
#7631 = DIRECTION('',(-0.,0.,-1.));
#7632 = DIRECTION('',(-0.,-1.,0.));
#7633 = FACE_BOUND('',#7634,.T.);
#7634 = EDGE_LOOP('',(#7635));
#7635 = ORIENTED_EDGE('',*,*,#7636,.T.);
#7636 = EDGE_CURVE('',#7637,#7637,#7639,.T.);
#7637 = VERTEX_POINT('',#7638);
#7638 = CARTESIAN_POINT('',(240.,-215.15,1.6));
#7639 = CIRCLE('',#7640,0.6);
#7640 = AXIS2_PLACEMENT_3D('',#7641,#7642,#7643);
#7641 = CARTESIAN_POINT('',(240.,-214.55,1.6));
#7642 = DIRECTION('',(-0.,0.,-1.));
#7643 = DIRECTION('',(-0.,-1.,0.));
#7644 = FACE_BOUND('',#7645,.T.);
#7645 = EDGE_LOOP('',(#7646));
#7646 = ORIENTED_EDGE('',*,*,#7647,.T.);
#7647 = EDGE_CURVE('',#7648,#7648,#7650,.T.);
#7648 = VERTEX_POINT('',#7649);
#7649 = CARTESIAN_POINT('',(240.,-207.75,1.6));
#7650 = CIRCLE('',#7651,0.6);
#7651 = AXIS2_PLACEMENT_3D('',#7652,#7653,#7654);
#7652 = CARTESIAN_POINT('',(240.,-207.15,1.6));
#7653 = DIRECTION('',(-0.,0.,-1.));
#7654 = DIRECTION('',(-0.,-1.,0.));
#7655 = FACE_BOUND('',#7656,.T.);
#7656 = EDGE_LOOP('',(#7657));
#7657 = ORIENTED_EDGE('',*,*,#7658,.T.);
#7658 = EDGE_CURVE('',#7659,#7659,#7661,.T.);
#7659 = VERTEX_POINT('',#7660);
#7660 = CARTESIAN_POINT('',(173.96,-199.95,1.6));
#7661 = CIRCLE('',#7662,0.6);
#7662 = AXIS2_PLACEMENT_3D('',#7663,#7664,#7665);
#7663 = CARTESIAN_POINT('',(173.96,-199.35,1.6));
#7664 = DIRECTION('',(-0.,0.,-1.));
#7665 = DIRECTION('',(-0.,-1.,0.));
#7666 = FACE_BOUND('',#7667,.T.);
#7667 = EDGE_LOOP('',(#7668));
#7668 = ORIENTED_EDGE('',*,*,#7669,.T.);
#7669 = EDGE_CURVE('',#7670,#7670,#7672,.T.);
#7670 = VERTEX_POINT('',#7671);
#7671 = CARTESIAN_POINT('',(173.96,-192.2,1.6));
#7672 = CIRCLE('',#7673,0.6);
#7673 = AXIS2_PLACEMENT_3D('',#7674,#7675,#7676);
#7674 = CARTESIAN_POINT('',(173.96,-191.6,1.6));
#7675 = DIRECTION('',(-0.,0.,-1.));
#7676 = DIRECTION('',(-0.,-1.,0.));
#7677 = FACE_BOUND('',#7678,.T.);
#7678 = EDGE_LOOP('',(#7679));
#7679 = ORIENTED_EDGE('',*,*,#7680,.T.);
#7680 = EDGE_CURVE('',#7681,#7681,#7683,.T.);
#7681 = VERTEX_POINT('',#7682);
#7682 = CARTESIAN_POINT('',(173.96,-184.4,1.6));
#7683 = CIRCLE('',#7684,0.6);
#7684 = AXIS2_PLACEMENT_3D('',#7685,#7686,#7687);
#7685 = CARTESIAN_POINT('',(173.96,-183.8,1.6));
#7686 = DIRECTION('',(-0.,0.,-1.));
#7687 = DIRECTION('',(-0.,-1.,0.));
#7688 = FACE_BOUND('',#7689,.T.);
#7689 = EDGE_LOOP('',(#7690));
#7690 = ORIENTED_EDGE('',*,*,#7691,.T.);
#7691 = EDGE_CURVE('',#7692,#7692,#7694,.T.);
#7692 = VERTEX_POINT('',#7693);
#7693 = CARTESIAN_POINT('',(173.96,-176.65,1.6));
#7694 = CIRCLE('',#7695,0.6);
#7695 = AXIS2_PLACEMENT_3D('',#7696,#7697,#7698);
#7696 = CARTESIAN_POINT('',(173.96,-176.05,1.6));
#7697 = DIRECTION('',(-0.,0.,-1.));
#7698 = DIRECTION('',(-0.,-1.,0.));
#7699 = FACE_BOUND('',#7700,.T.);
#7700 = EDGE_LOOP('',(#7701));
#7701 = ORIENTED_EDGE('',*,*,#7702,.T.);
#7702 = EDGE_CURVE('',#7703,#7703,#7705,.T.);
#7703 = VERTEX_POINT('',#7704);
#7704 = CARTESIAN_POINT('',(173.96,-168.85,1.6));
#7705 = CIRCLE('',#7706,0.6);
#7706 = AXIS2_PLACEMENT_3D('',#7707,#7708,#7709);
#7707 = CARTESIAN_POINT('',(173.96,-168.25,1.6));
#7708 = DIRECTION('',(-0.,0.,-1.));
#7709 = DIRECTION('',(-0.,-1.,0.));
#7710 = FACE_BOUND('',#7711,.T.);
#7711 = EDGE_LOOP('',(#7712));
#7712 = ORIENTED_EDGE('',*,*,#7713,.T.);
#7713 = EDGE_CURVE('',#7714,#7714,#7716,.T.);
#7714 = VERTEX_POINT('',#7715);
#7715 = CARTESIAN_POINT('',(173.96,-161.1,1.6));
#7716 = CIRCLE('',#7717,0.6);
#7717 = AXIS2_PLACEMENT_3D('',#7718,#7719,#7720);
#7718 = CARTESIAN_POINT('',(173.96,-160.5,1.6));
#7719 = DIRECTION('',(-0.,0.,-1.));
#7720 = DIRECTION('',(-0.,-1.,0.));
#7721 = FACE_BOUND('',#7722,.T.);
#7722 = EDGE_LOOP('',(#7723));
#7723 = ORIENTED_EDGE('',*,*,#7724,.T.);
#7724 = EDGE_CURVE('',#7725,#7725,#7727,.T.);
#7725 = VERTEX_POINT('',#7726);
#7726 = CARTESIAN_POINT('',(173.96,-153.3,1.6));
#7727 = CIRCLE('',#7728,0.6);
#7728 = AXIS2_PLACEMENT_3D('',#7729,#7730,#7731);
#7729 = CARTESIAN_POINT('',(173.96,-152.7,1.6));
#7730 = DIRECTION('',(-0.,0.,-1.));
#7731 = DIRECTION('',(-0.,-1.,0.));
#7732 = FACE_BOUND('',#7733,.T.);
#7733 = EDGE_LOOP('',(#7734));
#7734 = ORIENTED_EDGE('',*,*,#7735,.T.);
#7735 = EDGE_CURVE('',#7736,#7736,#7738,.T.);
#7736 = VERTEX_POINT('',#7737);
#7737 = CARTESIAN_POINT('',(173.96,-145.55,1.6));
#7738 = CIRCLE('',#7739,0.6);
#7739 = AXIS2_PLACEMENT_3D('',#7740,#7741,#7742);
#7740 = CARTESIAN_POINT('',(173.96,-144.95,1.6));
#7741 = DIRECTION('',(-0.,0.,-1.));
#7742 = DIRECTION('',(-0.,-1.,0.));
#7743 = FACE_BOUND('',#7744,.T.);
#7744 = EDGE_LOOP('',(#7745));
#7745 = ORIENTED_EDGE('',*,*,#7746,.T.);
#7746 = EDGE_CURVE('',#7747,#7747,#7749,.T.);
#7747 = VERTEX_POINT('',#7748);
#7748 = CARTESIAN_POINT('',(173.96,-137.75,1.6));
#7749 = CIRCLE('',#7750,0.6);
#7750 = AXIS2_PLACEMENT_3D('',#7751,#7752,#7753);
#7751 = CARTESIAN_POINT('',(173.96,-137.15,1.6));
#7752 = DIRECTION('',(-0.,0.,-1.));
#7753 = DIRECTION('',(-0.,-1.,0.));
#7754 = FACE_BOUND('',#7755,.T.);
#7755 = EDGE_LOOP('',(#7756));
#7756 = ORIENTED_EDGE('',*,*,#7757,.T.);
#7757 = EDGE_CURVE('',#7758,#7758,#7760,.T.);
#7758 = VERTEX_POINT('',#7759);
#7759 = CARTESIAN_POINT('',(173.96,-130.,1.6));
#7760 = CIRCLE('',#7761,0.6);
#7761 = AXIS2_PLACEMENT_3D('',#7762,#7763,#7764);
#7762 = CARTESIAN_POINT('',(173.96,-129.4,1.6));
#7763 = DIRECTION('',(-0.,0.,-1.));
#7764 = DIRECTION('',(-0.,-1.,0.));
#7765 = FACE_BOUND('',#7766,.T.);
#7766 = EDGE_LOOP('',(#7767));
#7767 = ORIENTED_EDGE('',*,*,#7768,.T.);
#7768 = EDGE_CURVE('',#7769,#7769,#7771,.T.);
#7769 = VERTEX_POINT('',#7770);
#7770 = CARTESIAN_POINT('',(173.96,-122.2,1.6));
#7771 = CIRCLE('',#7772,0.6);
#7772 = AXIS2_PLACEMENT_3D('',#7773,#7774,#7775);
#7773 = CARTESIAN_POINT('',(173.96,-121.6,1.6));
#7774 = DIRECTION('',(-0.,0.,-1.));
#7775 = DIRECTION('',(-0.,-1.,0.));
#7776 = FACE_BOUND('',#7777,.T.);
#7777 = EDGE_LOOP('',(#7778));
#7778 = ORIENTED_EDGE('',*,*,#7779,.T.);
#7779 = EDGE_CURVE('',#7780,#7780,#7782,.T.);
#7780 = VERTEX_POINT('',#7781);
#7781 = CARTESIAN_POINT('',(173.96,-114.45,1.6));
#7782 = CIRCLE('',#7783,0.6);
#7783 = AXIS2_PLACEMENT_3D('',#7784,#7785,#7786);
#7784 = CARTESIAN_POINT('',(173.96,-113.85,1.6));
#7785 = DIRECTION('',(-0.,0.,-1.));
#7786 = DIRECTION('',(-0.,-1.,0.));
#7787 = FACE_BOUND('',#7788,.T.);
#7788 = EDGE_LOOP('',(#7789));
#7789 = ORIENTED_EDGE('',*,*,#7790,.T.);
#7790 = EDGE_CURVE('',#7791,#7791,#7793,.T.);
#7791 = VERTEX_POINT('',#7792);
#7792 = CARTESIAN_POINT('',(173.96,-106.65,1.6));
#7793 = CIRCLE('',#7794,0.6);
#7794 = AXIS2_PLACEMENT_3D('',#7795,#7796,#7797);
#7795 = CARTESIAN_POINT('',(173.96,-106.05,1.6));
#7796 = DIRECTION('',(-0.,0.,-1.));
#7797 = DIRECTION('',(-0.,-1.,0.));
#7798 = FACE_BOUND('',#7799,.T.);
#7799 = EDGE_LOOP('',(#7800));
#7800 = ORIENTED_EDGE('',*,*,#7801,.T.);
#7801 = EDGE_CURVE('',#7802,#7802,#7804,.T.);
#7802 = VERTEX_POINT('',#7803);
#7803 = CARTESIAN_POINT('',(173.96,-98.9,1.6));
#7804 = CIRCLE('',#7805,0.6);
#7805 = AXIS2_PLACEMENT_3D('',#7806,#7807,#7808);
#7806 = CARTESIAN_POINT('',(173.96,-98.3,1.6));
#7807 = DIRECTION('',(-0.,0.,-1.));
#7808 = DIRECTION('',(-0.,-1.,0.));
#7809 = FACE_BOUND('',#7810,.T.);
#7810 = EDGE_LOOP('',(#7811));
#7811 = ORIENTED_EDGE('',*,*,#7812,.T.);
#7812 = EDGE_CURVE('',#7813,#7813,#7815,.T.);
#7813 = VERTEX_POINT('',#7814);
#7814 = CARTESIAN_POINT('',(176.,-72.15,1.6));
#7815 = CIRCLE('',#7816,2.15);
#7816 = AXIS2_PLACEMENT_3D('',#7817,#7818,#7819);
#7817 = CARTESIAN_POINT('',(176.,-70.,1.6));
#7818 = DIRECTION('',(-0.,0.,-1.));
#7819 = DIRECTION('',(-0.,-1.,0.));
#7820 = FACE_BOUND('',#7821,.T.);
#7821 = EDGE_LOOP('',(#7822));
#7822 = ORIENTED_EDGE('',*,*,#7823,.T.);
#7823 = EDGE_CURVE('',#7824,#7824,#7826,.T.);
#7824 = VERTEX_POINT('',#7825);
#7825 = CARTESIAN_POINT('',(240.,-199.95,1.6));
#7826 = CIRCLE('',#7827,0.6);
#7827 = AXIS2_PLACEMENT_3D('',#7828,#7829,#7830);
#7828 = CARTESIAN_POINT('',(240.,-199.35,1.6));
#7829 = DIRECTION('',(-0.,0.,-1.));
#7830 = DIRECTION('',(-0.,-1.,0.));
#7831 = FACE_BOUND('',#7832,.T.);
#7832 = EDGE_LOOP('',(#7833));
#7833 = ORIENTED_EDGE('',*,*,#7834,.T.);
#7834 = EDGE_CURVE('',#7835,#7835,#7837,.T.);
#7835 = VERTEX_POINT('',#7836);
#7836 = CARTESIAN_POINT('',(240.,-192.2,1.6));
#7837 = CIRCLE('',#7838,0.6);
#7838 = AXIS2_PLACEMENT_3D('',#7839,#7840,#7841);
#7839 = CARTESIAN_POINT('',(240.,-191.6,1.6));
#7840 = DIRECTION('',(-0.,0.,-1.));
#7841 = DIRECTION('',(-0.,-1.,0.));
#7842 = FACE_BOUND('',#7843,.T.);
#7843 = EDGE_LOOP('',(#7844));
#7844 = ORIENTED_EDGE('',*,*,#7845,.T.);
#7845 = EDGE_CURVE('',#7846,#7846,#7848,.T.);
#7846 = VERTEX_POINT('',#7847);
#7847 = CARTESIAN_POINT('',(240.,-184.4,1.6));
#7848 = CIRCLE('',#7849,0.6);
#7849 = AXIS2_PLACEMENT_3D('',#7850,#7851,#7852);
#7850 = CARTESIAN_POINT('',(240.,-183.8,1.6));
#7851 = DIRECTION('',(-0.,0.,-1.));
#7852 = DIRECTION('',(-0.,-1.,0.));
#7853 = FACE_BOUND('',#7854,.T.);
#7854 = EDGE_LOOP('',(#7855));
#7855 = ORIENTED_EDGE('',*,*,#7856,.T.);
#7856 = EDGE_CURVE('',#7857,#7857,#7859,.T.);
#7857 = VERTEX_POINT('',#7858);
#7858 = CARTESIAN_POINT('',(240.,-176.65,1.6));
#7859 = CIRCLE('',#7860,0.6);
#7860 = AXIS2_PLACEMENT_3D('',#7861,#7862,#7863);
#7861 = CARTESIAN_POINT('',(240.,-176.05,1.6));
#7862 = DIRECTION('',(-0.,0.,-1.));
#7863 = DIRECTION('',(-0.,-1.,0.));
#7864 = FACE_BOUND('',#7865,.T.);
#7865 = EDGE_LOOP('',(#7866));
#7866 = ORIENTED_EDGE('',*,*,#7867,.T.);
#7867 = EDGE_CURVE('',#7868,#7868,#7870,.T.);
#7868 = VERTEX_POINT('',#7869);
#7869 = CARTESIAN_POINT('',(240.,-168.85,1.6));
#7870 = CIRCLE('',#7871,0.6);
#7871 = AXIS2_PLACEMENT_3D('',#7872,#7873,#7874);
#7872 = CARTESIAN_POINT('',(240.,-168.25,1.6));
#7873 = DIRECTION('',(-0.,0.,-1.));
#7874 = DIRECTION('',(-0.,-1.,0.));
#7875 = FACE_BOUND('',#7876,.T.);
#7876 = EDGE_LOOP('',(#7877));
#7877 = ORIENTED_EDGE('',*,*,#7878,.T.);
#7878 = EDGE_CURVE('',#7879,#7879,#7881,.T.);
#7879 = VERTEX_POINT('',#7880);
#7880 = CARTESIAN_POINT('',(240.,-161.1,1.6));
#7881 = CIRCLE('',#7882,0.6);
#7882 = AXIS2_PLACEMENT_3D('',#7883,#7884,#7885);
#7883 = CARTESIAN_POINT('',(240.,-160.5,1.6));
#7884 = DIRECTION('',(-0.,0.,-1.));
#7885 = DIRECTION('',(-0.,-1.,0.));
#7886 = FACE_BOUND('',#7887,.T.);
#7887 = EDGE_LOOP('',(#7888));
#7888 = ORIENTED_EDGE('',*,*,#7889,.T.);
#7889 = EDGE_CURVE('',#7890,#7890,#7892,.T.);
#7890 = VERTEX_POINT('',#7891);
#7891 = CARTESIAN_POINT('',(240.,-153.3,1.6));
#7892 = CIRCLE('',#7893,0.6);
#7893 = AXIS2_PLACEMENT_3D('',#7894,#7895,#7896);
#7894 = CARTESIAN_POINT('',(240.,-152.7,1.6));
#7895 = DIRECTION('',(-0.,0.,-1.));
#7896 = DIRECTION('',(-0.,-1.,0.));
#7897 = FACE_BOUND('',#7898,.T.);
#7898 = EDGE_LOOP('',(#7899));
#7899 = ORIENTED_EDGE('',*,*,#7900,.T.);
#7900 = EDGE_CURVE('',#7901,#7901,#7903,.T.);
#7901 = VERTEX_POINT('',#7902);
#7902 = CARTESIAN_POINT('',(240.,-145.55,1.6));
#7903 = CIRCLE('',#7904,0.6);
#7904 = AXIS2_PLACEMENT_3D('',#7905,#7906,#7907);
#7905 = CARTESIAN_POINT('',(240.,-144.95,1.6));
#7906 = DIRECTION('',(-0.,0.,-1.));
#7907 = DIRECTION('',(-0.,-1.,0.));
#7908 = FACE_BOUND('',#7909,.T.);
#7909 = EDGE_LOOP('',(#7910));
#7910 = ORIENTED_EDGE('',*,*,#7911,.T.);
#7911 = EDGE_CURVE('',#7912,#7912,#7914,.T.);
#7912 = VERTEX_POINT('',#7913);
#7913 = CARTESIAN_POINT('',(240.,-137.75,1.6));
#7914 = CIRCLE('',#7915,0.6);
#7915 = AXIS2_PLACEMENT_3D('',#7916,#7917,#7918);
#7916 = CARTESIAN_POINT('',(240.,-137.15,1.6));
#7917 = DIRECTION('',(-0.,0.,-1.));
#7918 = DIRECTION('',(-0.,-1.,0.));
#7919 = FACE_BOUND('',#7920,.T.);
#7920 = EDGE_LOOP('',(#7921));
#7921 = ORIENTED_EDGE('',*,*,#7922,.T.);
#7922 = EDGE_CURVE('',#7923,#7923,#7925,.T.);
#7923 = VERTEX_POINT('',#7924);
#7924 = CARTESIAN_POINT('',(208.2,-87.85,1.6));
#7925 = CIRCLE('',#7926,0.7);
#7926 = AXIS2_PLACEMENT_3D('',#7927,#7928,#7929);
#7927 = CARTESIAN_POINT('',(208.2,-87.15,1.6));
#7928 = DIRECTION('',(-0.,0.,-1.));
#7929 = DIRECTION('',(-0.,-1.,0.));
#7930 = FACE_BOUND('',#7931,.T.);
#7931 = EDGE_LOOP('',(#7932));
#7932 = ORIENTED_EDGE('',*,*,#7933,.T.);
#7933 = EDGE_CURVE('',#7934,#7934,#7936,.T.);
#7934 = VERTEX_POINT('',#7935);
#7935 = CARTESIAN_POINT('',(213.7,-87.85,1.6));
#7936 = CIRCLE('',#7937,0.7);
#7937 = AXIS2_PLACEMENT_3D('',#7938,#7939,#7940);
#7938 = CARTESIAN_POINT('',(213.7,-87.15,1.6));
#7939 = DIRECTION('',(-0.,0.,-1.));
#7940 = DIRECTION('',(-0.,-1.,0.));
#7941 = FACE_BOUND('',#7942,.T.);
#7942 = EDGE_LOOP('',(#7943));
#7943 = ORIENTED_EDGE('',*,*,#7944,.T.);
#7944 = EDGE_CURVE('',#7945,#7945,#7947,.T.);
#7945 = VERTEX_POINT('',#7946);
#7946 = CARTESIAN_POINT('',(208.2,-83.65,1.6));
#7947 = CIRCLE('',#7948,0.7);
#7948 = AXIS2_PLACEMENT_3D('',#7949,#7950,#7951);
#7949 = CARTESIAN_POINT('',(208.2,-82.95,1.6));
#7950 = DIRECTION('',(-0.,0.,-1.));
#7951 = DIRECTION('',(-0.,-1.,0.));
#7952 = FACE_BOUND('',#7953,.T.);
#7953 = EDGE_LOOP('',(#7954));
#7954 = ORIENTED_EDGE('',*,*,#7955,.T.);
#7955 = EDGE_CURVE('',#7956,#7956,#7958,.T.);
#7956 = VERTEX_POINT('',#7957);
#7957 = CARTESIAN_POINT('',(208.2,-79.45,1.6));
#7958 = CIRCLE('',#7959,0.7);
#7959 = AXIS2_PLACEMENT_3D('',#7960,#7961,#7962);
#7960 = CARTESIAN_POINT('',(208.2,-78.75,1.6));
#7961 = DIRECTION('',(-0.,0.,-1.));
#7962 = DIRECTION('',(-0.,-1.,0.));
#7963 = FACE_BOUND('',#7964,.T.);
#7964 = EDGE_LOOP('',(#7965));
#7965 = ORIENTED_EDGE('',*,*,#7966,.T.);
#7966 = EDGE_CURVE('',#7967,#7967,#7969,.T.);
#7967 = VERTEX_POINT('',#7968);
#7968 = CARTESIAN_POINT('',(213.7,-83.65,1.6));
#7969 = CIRCLE('',#7970,0.7);
#7970 = AXIS2_PLACEMENT_3D('',#7971,#7972,#7973);
#7971 = CARTESIAN_POINT('',(213.7,-82.95,1.6));
#7972 = DIRECTION('',(-0.,0.,-1.));
#7973 = DIRECTION('',(-0.,-1.,0.));
#7974 = FACE_BOUND('',#7975,.T.);
#7975 = EDGE_LOOP('',(#7976));
#7976 = ORIENTED_EDGE('',*,*,#7977,.T.);
#7977 = EDGE_CURVE('',#7978,#7978,#7980,.T.);
#7978 = VERTEX_POINT('',#7979);
#7979 = CARTESIAN_POINT('',(213.7,-79.45,1.6));
#7980 = CIRCLE('',#7981,0.7);
#7981 = AXIS2_PLACEMENT_3D('',#7982,#7983,#7984);
#7982 = CARTESIAN_POINT('',(213.7,-78.75,1.6));
#7983 = DIRECTION('',(-0.,0.,-1.));
#7984 = DIRECTION('',(-0.,-1.,0.));
#7985 = FACE_BOUND('',#7986,.T.);
#7986 = EDGE_LOOP('',(#7987));
#7987 = ORIENTED_EDGE('',*,*,#7988,.T.);
#7988 = EDGE_CURVE('',#7989,#7989,#7991,.T.);
#7989 = VERTEX_POINT('',#7990);
#7990 = CARTESIAN_POINT('',(240.,-130.,1.6));
#7991 = CIRCLE('',#7992,0.6);
#7992 = AXIS2_PLACEMENT_3D('',#7993,#7994,#7995);
#7993 = CARTESIAN_POINT('',(240.,-129.4,1.6));
#7994 = DIRECTION('',(-0.,0.,-1.));
#7995 = DIRECTION('',(-0.,-1.,0.));
#7996 = FACE_BOUND('',#7997,.T.);
#7997 = EDGE_LOOP('',(#7998));
#7998 = ORIENTED_EDGE('',*,*,#7999,.T.);
#7999 = EDGE_CURVE('',#8000,#8000,#8002,.T.);
#8000 = VERTEX_POINT('',#8001);
#8001 = CARTESIAN_POINT('',(240.,-122.2,1.6));
#8002 = CIRCLE('',#8003,0.6);
#8003 = AXIS2_PLACEMENT_3D('',#8004,#8005,#8006);
#8004 = CARTESIAN_POINT('',(240.,-121.6,1.6));
#8005 = DIRECTION('',(-0.,0.,-1.));
#8006 = DIRECTION('',(-0.,-1.,0.));
#8007 = FACE_BOUND('',#8008,.T.);
#8008 = EDGE_LOOP('',(#8009));
#8009 = ORIENTED_EDGE('',*,*,#8010,.T.);
#8010 = EDGE_CURVE('',#8011,#8011,#8013,.T.);
#8011 = VERTEX_POINT('',#8012);
#8012 = CARTESIAN_POINT('',(240.,-114.45,1.6));
#8013 = CIRCLE('',#8014,0.6);
#8014 = AXIS2_PLACEMENT_3D('',#8015,#8016,#8017);
#8015 = CARTESIAN_POINT('',(240.,-113.85,1.6));
#8016 = DIRECTION('',(-0.,0.,-1.));
#8017 = DIRECTION('',(-0.,-1.,0.));
#8018 = FACE_BOUND('',#8019,.T.);
#8019 = EDGE_LOOP('',(#8020));
#8020 = ORIENTED_EDGE('',*,*,#8021,.T.);
#8021 = EDGE_CURVE('',#8022,#8022,#8024,.T.);
#8022 = VERTEX_POINT('',#8023);
#8023 = CARTESIAN_POINT('',(240.,-106.65,1.6));
#8024 = CIRCLE('',#8025,0.6);
#8025 = AXIS2_PLACEMENT_3D('',#8026,#8027,#8028);
#8026 = CARTESIAN_POINT('',(240.,-106.05,1.6));
#8027 = DIRECTION('',(-0.,0.,-1.));
#8028 = DIRECTION('',(-0.,-1.,0.));
#8029 = FACE_BOUND('',#8030,.T.);
#8030 = EDGE_LOOP('',(#8031));
#8031 = ORIENTED_EDGE('',*,*,#8032,.T.);
#8032 = EDGE_CURVE('',#8033,#8033,#8035,.T.);
#8033 = VERTEX_POINT('',#8034);
#8034 = CARTESIAN_POINT('',(240.,-98.9,1.6));
#8035 = CIRCLE('',#8036,0.6);
#8036 = AXIS2_PLACEMENT_3D('',#8037,#8038,#8039);
#8037 = CARTESIAN_POINT('',(240.,-98.3,1.6));
#8038 = DIRECTION('',(-0.,0.,-1.));
#8039 = DIRECTION('',(-0.,-1.,0.));
#8040 = FACE_BOUND('',#8041,.T.);
#8041 = EDGE_LOOP('',(#8042));
#8042 = ORIENTED_EDGE('',*,*,#8043,.T.);
#8043 = EDGE_CURVE('',#8044,#8044,#8046,.T.);
#8044 = VERTEX_POINT('',#8045);
#8045 = CARTESIAN_POINT('',(238.,-72.15,1.6));
#8046 = CIRCLE('',#8047,2.15);
#8047 = AXIS2_PLACEMENT_3D('',#8048,#8049,#8050);
#8048 = CARTESIAN_POINT('',(238.,-70.,1.6));
#8049 = DIRECTION('',(-0.,0.,-1.));
#8050 = DIRECTION('',(-0.,-1.,0.));
#8051 = PLANE('',#8052);
#8052 = AXIS2_PLACEMENT_3D('',#8053,#8054,#8055);
#8053 = CARTESIAN_POINT('',(0.,0.,1.6));
#8054 = DIRECTION('',(0.,0.,1.));
#8055 = DIRECTION('',(1.,0.,-0.));
#8056 = ADVANCED_FACE('',(#8057),#8068,.T.);
#8057 = FACE_BOUND('',#8058,.T.);
#8058 = EDGE_LOOP('',(#8059,#8065,#8066,#8067));
#8059 = ORIENTED_EDGE('',*,*,#8060,.T.);
#8060 = EDGE_CURVE('',#6371,#7217,#8061,.T.);
#8061 = LINE('',#8062,#8063);
#8062 = CARTESIAN_POINT('',(174.238249,-64.78504,0.));
#8063 = VECTOR('',#8064,1.);
#8064 = DIRECTION('',(0.,0.,1.));
#8065 = ORIENTED_EDGE('',*,*,#7216,.T.);
#8066 = ORIENTED_EDGE('',*,*,#6306,.F.);
#8067 = ORIENTED_EDGE('',*,*,#6370,.F.);
#8068 = PLANE('',#8069);
#8069 = AXIS2_PLACEMENT_3D('',#8070,#8071,#8072);
#8070 = CARTESIAN_POINT('',(174.238249,-64.78504,0.));
#8071 = DIRECTION('',(-1.262673747047E-02,0.999920279573,0.));
#8072 = DIRECTION('',(0.999920279573,1.262673747047E-02,0.));
#8073 = ADVANCED_FACE('',(#8074),#8085,.T.);
#8074 = FACE_BOUND('',#8075,.T.);
#8075 = EDGE_LOOP('',(#8076,#8077,#8078,#8084));
#8076 = ORIENTED_EDGE('',*,*,#6346,.T.);
#8077 = ORIENTED_EDGE('',*,*,#7274,.T.);
#8078 = ORIENTED_EDGE('',*,*,#8079,.F.);
#8079 = EDGE_CURVE('',#6421,#7267,#8080,.T.);
#8080 = LINE('',#8081,#8082);
#8081 = CARTESIAN_POINT('',(239.77897,-339.997738,0.));
#8082 = VECTOR('',#8083,1.);
#8083 = DIRECTION('',(0.,0.,1.));
#8084 = ORIENTED_EDGE('',*,*,#6428,.F.);
#8085 = CYLINDRICAL_SURFACE('',#8086,3.415250857607);
#8086 = AXIS2_PLACEMENT_3D('',#8087,#8088,#8089);
#8087 = CARTESIAN_POINT('',(239.60197184529,-336.5870767629,0.));
#8088 = DIRECTION('',(0.,0.,-1.));
#8089 = DIRECTION('',(0.999999208579,1.258110508838E-03,0.));
#8090 = ADVANCED_FACE('',(#8091),#8102,.T.);
#8091 = FACE_BOUND('',#8092,.T.);
#8092 = EDGE_LOOP('',(#8093,#8099,#8100,#8101));
#8093 = ORIENTED_EDGE('',*,*,#8094,.T.);
#8094 = EDGE_CURVE('',#6379,#7225,#8095,.T.);
#8095 = LINE('',#8096,#8097);
#8096 = CARTESIAN_POINT('',(171.,-68.2,0.));
#8097 = VECTOR('',#8098,1.);
#8098 = DIRECTION('',(0.,0.,1.));
#8099 = ORIENTED_EDGE('',*,*,#7224,.T.);
#8100 = ORIENTED_EDGE('',*,*,#8060,.F.);
#8101 = ORIENTED_EDGE('',*,*,#6378,.F.);
#8102 = CYLINDRICAL_SURFACE('',#8103,3.415196233575);
#8103 = AXIS2_PLACEMENT_3D('',#8104,#8105,#8106);
#8104 = CARTESIAN_POINT('',(174.41519346237,-68.19564932548,0.));
#8105 = DIRECTION('',(0.,0.,-1.));
#8106 = DIRECTION('',(-0.999999188568,-1.273916408017E-03,-0.));
#8107 = ADVANCED_FACE('',(#8108),#8119,.T.);
#8108 = FACE_BOUND('',#8109,.T.);
#8109 = EDGE_LOOP('',(#8110,#8111,#8112,#8118));
#8110 = ORIENTED_EDGE('',*,*,#8079,.T.);
#8111 = ORIENTED_EDGE('',*,*,#7266,.T.);
#8112 = ORIENTED_EDGE('',*,*,#8113,.F.);
#8113 = EDGE_CURVE('',#6413,#7259,#8114,.T.);
#8114 = LINE('',#8115,#8116);
#8115 = CARTESIAN_POINT('',(239.6,-340.,0.));
#8116 = VECTOR('',#8117,1.);
#8117 = DIRECTION('',(0.,0.,1.));
#8118 = ORIENTED_EDGE('',*,*,#6420,.F.);
#8119 = PLANE('',#8120);
#8120 = AXIS2_PLACEMENT_3D('',#8121,#8122,#8123);
#8121 = CARTESIAN_POINT('',(239.77897,-339.997738,0.));
#8122 = DIRECTION('',(1.263798039382E-02,-0.999920137537,0.));
#8123 = DIRECTION('',(-0.999920137537,-1.263798039382E-02,0.));
#8124 = ADVANCED_FACE('',(#8125),#8136,.T.);
#8125 = FACE_BOUND('',#8126,.T.);
#8126 = EDGE_LOOP('',(#8127,#8133,#8134,#8135));
#8127 = ORIENTED_EDGE('',*,*,#8128,.T.);
#8128 = EDGE_CURVE('',#6388,#7234,#8129,.T.);
#8129 = LINE('',#8130,#8131);
#8130 = CARTESIAN_POINT('',(171.,-336.58278,0.));
#8131 = VECTOR('',#8132,1.);
#8132 = DIRECTION('',(0.,0.,1.));
#8133 = ORIENTED_EDGE('',*,*,#7233,.T.);
#8134 = ORIENTED_EDGE('',*,*,#8094,.F.);
#8135 = ORIENTED_EDGE('',*,*,#6387,.F.);
#8136 = PLANE('',#8137);
#8137 = AXIS2_PLACEMENT_3D('',#8138,#8139,#8140);
#8138 = CARTESIAN_POINT('',(171.,-336.58278,0.));
#8139 = DIRECTION('',(-1.,0.,0.));
#8140 = DIRECTION('',(0.,1.,0.));
#8141 = ADVANCED_FACE('',(#8142),#8153,.T.);
#8142 = FACE_BOUND('',#8143,.T.);
#8143 = EDGE_LOOP('',(#8144,#8145,#8146,#8152));
#8144 = ORIENTED_EDGE('',*,*,#8113,.T.);
#8145 = ORIENTED_EDGE('',*,*,#7258,.T.);
#8146 = ORIENTED_EDGE('',*,*,#8147,.F.);
#8147 = EDGE_CURVE('',#6404,#7250,#8148,.T.);
#8148 = LINE('',#8149,#8150);
#8149 = CARTESIAN_POINT('',(174.41722,-340.,0.));
#8150 = VECTOR('',#8151,1.);
#8151 = DIRECTION('',(0.,0.,1.));
#8152 = ORIENTED_EDGE('',*,*,#6412,.F.);
#8153 = PLANE('',#8154);
#8154 = AXIS2_PLACEMENT_3D('',#8155,#8156,#8157);
#8155 = CARTESIAN_POINT('',(239.6,-340.,0.));
#8156 = DIRECTION('',(0.,-1.,0.));
#8157 = DIRECTION('',(-1.,0.,0.));
#8158 = ADVANCED_FACE('',(#8159),#8170,.T.);
#8159 = FACE_BOUND('',#8160,.T.);
#8160 = EDGE_LOOP('',(#8161,#8167,#8168,#8169));
#8161 = ORIENTED_EDGE('',*,*,#8162,.T.);
#8162 = EDGE_CURVE('',#6396,#7242,#8163,.T.);
#8163 = LINE('',#8164,#8165);
#8164 = CARTESIAN_POINT('',(171.00226,-336.761751,0.));
#8165 = VECTOR('',#8166,1.);
#8166 = DIRECTION('',(0.,0.,1.));
#8167 = ORIENTED_EDGE('',*,*,#7241,.T.);
#8168 = ORIENTED_EDGE('',*,*,#8128,.F.);
#8169 = ORIENTED_EDGE('',*,*,#6395,.F.);
#8170 = PLANE('',#8171);
#8171 = AXIS2_PLACEMENT_3D('',#8172,#8173,#8174);
#8172 = CARTESIAN_POINT('',(171.00226,-336.761751,0.));
#8173 = DIRECTION('',(-0.999920279573,-1.262673747055E-02,0.));
#8174 = DIRECTION('',(-1.262673747055E-02,0.999920279573,0.));
#8175 = ADVANCED_FACE('',(#8176),#8182,.T.);
#8176 = FACE_BOUND('',#8177,.T.);
#8177 = EDGE_LOOP('',(#8178,#8179,#8180,#8181));
#8178 = ORIENTED_EDGE('',*,*,#8147,.T.);
#8179 = ORIENTED_EDGE('',*,*,#7249,.T.);
#8180 = ORIENTED_EDGE('',*,*,#8162,.F.);
#8181 = ORIENTED_EDGE('',*,*,#6403,.F.);
#8182 = CYLINDRICAL_SURFACE('',#8183,3.4152151443);
#8183 = AXIS2_PLACEMENT_3D('',#8184,#8185,#8186);
#8184 = CARTESIAN_POINT('',(174.4128872793,-336.584787604,0.));
#8185 = DIRECTION('',(0.,0.,-1.));
#8186 = DIRECTION('',(1.268652342642E-03,-0.99999919526,0.));
#8187 = ADVANCED_FACE('',(#8188),#8199,.F.);
#8188 = FACE_BOUND('',#8189,.T.);
#8189 = EDGE_LOOP('',(#8190,#8191,#8197,#8198));
#8190 = ORIENTED_EDGE('',*,*,#6438,.T.);
#8191 = ORIENTED_EDGE('',*,*,#8192,.T.);
#8192 = EDGE_CURVE('',#6439,#7285,#8193,.T.);
#8193 = LINE('',#8194,#8195);
#8194 = CARTESIAN_POINT('',(176.,-337.15,-4.5E-02));
#8195 = VECTOR('',#8196,1.);
#8196 = DIRECTION('',(0.,0.,1.));
#8197 = ORIENTED_EDGE('',*,*,#7284,.F.);
#8198 = ORIENTED_EDGE('',*,*,#8192,.F.);
#8199 = CYLINDRICAL_SURFACE('',#8200,2.15);
#8200 = AXIS2_PLACEMENT_3D('',#8201,#8202,#8203);
#8201 = CARTESIAN_POINT('',(176.,-335.,-4.5E-02));
#8202 = DIRECTION('',(-0.,-0.,-1.));
#8203 = DIRECTION('',(-0.,-1.,0.));
#8204 = ADVANCED_FACE('',(#8205),#8216,.F.);
#8205 = FACE_BOUND('',#8206,.T.);
#8206 = EDGE_LOOP('',(#8207,#8208,#8214,#8215));
#8207 = ORIENTED_EDGE('',*,*,#6449,.T.);
#8208 = ORIENTED_EDGE('',*,*,#8209,.T.);
#8209 = EDGE_CURVE('',#6450,#7296,#8210,.T.);
#8210 = LINE('',#8211,#8212);
#8211 = CARTESIAN_POINT('',(173.98,-324.23,-4.5E-02));
#8212 = VECTOR('',#8213,1.);
#8213 = DIRECTION('',(0.,0.,1.));
#8214 = ORIENTED_EDGE('',*,*,#7295,.F.);
#8215 = ORIENTED_EDGE('',*,*,#8209,.F.);
#8216 = CYLINDRICAL_SURFACE('',#8217,0.6);
#8217 = AXIS2_PLACEMENT_3D('',#8218,#8219,#8220);
#8218 = CARTESIAN_POINT('',(173.98,-323.63,-4.5E-02));
#8219 = DIRECTION('',(-0.,-0.,-1.));
#8220 = DIRECTION('',(-4.736951571734E-14,-1.,0.));
#8221 = ADVANCED_FACE('',(#8222),#8233,.F.);
#8222 = FACE_BOUND('',#8223,.T.);
#8223 = EDGE_LOOP('',(#8224,#8225,#8231,#8232));
#8224 = ORIENTED_EDGE('',*,*,#6460,.T.);
#8225 = ORIENTED_EDGE('',*,*,#8226,.T.);
#8226 = EDGE_CURVE('',#6461,#7307,#8227,.T.);
#8227 = LINE('',#8228,#8229);
#8228 = CARTESIAN_POINT('',(173.96,-316.5,-4.5E-02));
#8229 = VECTOR('',#8230,1.);
#8230 = DIRECTION('',(0.,0.,1.));
#8231 = ORIENTED_EDGE('',*,*,#7306,.F.);
#8232 = ORIENTED_EDGE('',*,*,#8226,.F.);
#8233 = CYLINDRICAL_SURFACE('',#8234,0.6);
#8234 = AXIS2_PLACEMENT_3D('',#8235,#8236,#8237);
#8235 = CARTESIAN_POINT('',(173.96,-315.9,-4.5E-02));
#8236 = DIRECTION('',(-0.,-0.,-1.));
#8237 = DIRECTION('',(-0.,-1.,0.));
#8238 = ADVANCED_FACE('',(#8239),#8250,.F.);
#8239 = FACE_BOUND('',#8240,.T.);
#8240 = EDGE_LOOP('',(#8241,#8242,#8248,#8249));
#8241 = ORIENTED_EDGE('',*,*,#6471,.T.);
#8242 = ORIENTED_EDGE('',*,*,#8243,.T.);
#8243 = EDGE_CURVE('',#6472,#7318,#8244,.T.);
#8244 = LINE('',#8245,#8246);
#8245 = CARTESIAN_POINT('',(173.98,-308.68,-4.5E-02));
#8246 = VECTOR('',#8247,1.);
#8247 = DIRECTION('',(0.,0.,1.));
#8248 = ORIENTED_EDGE('',*,*,#7317,.F.);
#8249 = ORIENTED_EDGE('',*,*,#8243,.F.);
#8250 = CYLINDRICAL_SURFACE('',#8251,0.6);
#8251 = AXIS2_PLACEMENT_3D('',#8252,#8253,#8254);
#8252 = CARTESIAN_POINT('',(173.98,-308.08,-4.5E-02));
#8253 = DIRECTION('',(-0.,-0.,-1.));
#8254 = DIRECTION('',(-4.736951571734E-14,-1.,0.));
#8255 = ADVANCED_FACE('',(#8256),#8267,.F.);
#8256 = FACE_BOUND('',#8257,.T.);
#8257 = EDGE_LOOP('',(#8258,#8259,#8265,#8266));
#8258 = ORIENTED_EDGE('',*,*,#6482,.T.);
#8259 = ORIENTED_EDGE('',*,*,#8260,.T.);
#8260 = EDGE_CURVE('',#6483,#7329,#8261,.T.);
#8261 = LINE('',#8262,#8263);
#8262 = CARTESIAN_POINT('',(173.96,-300.95,-4.5E-02));
#8263 = VECTOR('',#8264,1.);
#8264 = DIRECTION('',(0.,0.,1.));
#8265 = ORIENTED_EDGE('',*,*,#7328,.F.);
#8266 = ORIENTED_EDGE('',*,*,#8260,.F.);
#8267 = CYLINDRICAL_SURFACE('',#8268,0.6);
#8268 = AXIS2_PLACEMENT_3D('',#8269,#8270,#8271);
#8269 = CARTESIAN_POINT('',(173.96,-300.35,-4.5E-02));
#8270 = DIRECTION('',(-0.,-0.,-1.));
#8271 = DIRECTION('',(-0.,-1.,0.));
#8272 = ADVANCED_FACE('',(#8273),#8284,.F.);
#8273 = FACE_BOUND('',#8274,.T.);
#8274 = EDGE_LOOP('',(#8275,#8276,#8282,#8283));
#8275 = ORIENTED_EDGE('',*,*,#6493,.T.);
#8276 = ORIENTED_EDGE('',*,*,#8277,.T.);
#8277 = EDGE_CURVE('',#6494,#7340,#8278,.T.);
#8278 = LINE('',#8279,#8280);
#8279 = CARTESIAN_POINT('',(173.98,-293.13,-4.5E-02));
#8280 = VECTOR('',#8281,1.);
#8281 = DIRECTION('',(0.,0.,1.));
#8282 = ORIENTED_EDGE('',*,*,#7339,.F.);
#8283 = ORIENTED_EDGE('',*,*,#8277,.F.);
#8284 = CYLINDRICAL_SURFACE('',#8285,0.6);
#8285 = AXIS2_PLACEMENT_3D('',#8286,#8287,#8288);
#8286 = CARTESIAN_POINT('',(173.98,-292.53,-4.5E-02));
#8287 = DIRECTION('',(-0.,-0.,-1.));
#8288 = DIRECTION('',(-4.736951571734E-14,-1.,0.));
#8289 = ADVANCED_FACE('',(#8290),#8301,.F.);
#8290 = FACE_BOUND('',#8291,.T.);
#8291 = EDGE_LOOP('',(#8292,#8293,#8299,#8300));
#8292 = ORIENTED_EDGE('',*,*,#6504,.T.);
#8293 = ORIENTED_EDGE('',*,*,#8294,.T.);
#8294 = EDGE_CURVE('',#6505,#7351,#8295,.T.);
#8295 = LINE('',#8296,#8297);
#8296 = CARTESIAN_POINT('',(173.96,-285.4,-4.5E-02));
#8297 = VECTOR('',#8298,1.);
#8298 = DIRECTION('',(0.,0.,1.));
#8299 = ORIENTED_EDGE('',*,*,#7350,.F.);
#8300 = ORIENTED_EDGE('',*,*,#8294,.F.);
#8301 = CYLINDRICAL_SURFACE('',#8302,0.6);
#8302 = AXIS2_PLACEMENT_3D('',#8303,#8304,#8305);
#8303 = CARTESIAN_POINT('',(173.96,-284.8,-4.5E-02));
#8304 = DIRECTION('',(-0.,-0.,-1.));
#8305 = DIRECTION('',(-0.,-1.,0.));
#8306 = ADVANCED_FACE('',(#8307),#8318,.F.);
#8307 = FACE_BOUND('',#8308,.T.);
#8308 = EDGE_LOOP('',(#8309,#8310,#8316,#8317));
#8309 = ORIENTED_EDGE('',*,*,#6515,.T.);
#8310 = ORIENTED_EDGE('',*,*,#8311,.T.);
#8311 = EDGE_CURVE('',#6516,#7362,#8312,.T.);
#8312 = LINE('',#8313,#8314);
#8313 = CARTESIAN_POINT('',(173.98,-277.58,-4.5E-02));
#8314 = VECTOR('',#8315,1.);
#8315 = DIRECTION('',(0.,0.,1.));
#8316 = ORIENTED_EDGE('',*,*,#7361,.F.);
#8317 = ORIENTED_EDGE('',*,*,#8311,.F.);
#8318 = CYLINDRICAL_SURFACE('',#8319,0.6);
#8319 = AXIS2_PLACEMENT_3D('',#8320,#8321,#8322);
#8320 = CARTESIAN_POINT('',(173.98,-276.98,-4.5E-02));
#8321 = DIRECTION('',(-0.,-0.,-1.));
#8322 = DIRECTION('',(-4.736951571734E-14,-1.,0.));
#8323 = ADVANCED_FACE('',(#8324),#8335,.F.);
#8324 = FACE_BOUND('',#8325,.T.);
#8325 = EDGE_LOOP('',(#8326,#8327,#8333,#8334));
#8326 = ORIENTED_EDGE('',*,*,#6526,.T.);
#8327 = ORIENTED_EDGE('',*,*,#8328,.T.);
#8328 = EDGE_CURVE('',#6527,#7373,#8329,.T.);
#8329 = LINE('',#8330,#8331);
#8330 = CARTESIAN_POINT('',(173.96,-269.9,-4.5E-02));
#8331 = VECTOR('',#8332,1.);
#8332 = DIRECTION('',(0.,0.,1.));
#8333 = ORIENTED_EDGE('',*,*,#7372,.F.);
#8334 = ORIENTED_EDGE('',*,*,#8328,.F.);
#8335 = CYLINDRICAL_SURFACE('',#8336,0.6);
#8336 = AXIS2_PLACEMENT_3D('',#8337,#8338,#8339);
#8337 = CARTESIAN_POINT('',(173.96,-269.3,-4.5E-02));
#8338 = DIRECTION('',(-0.,-0.,-1.));
#8339 = DIRECTION('',(-0.,-1.,0.));
#8340 = ADVANCED_FACE('',(#8341),#8352,.F.);
#8341 = FACE_BOUND('',#8342,.T.);
#8342 = EDGE_LOOP('',(#8343,#8344,#8350,#8351));
#8343 = ORIENTED_EDGE('',*,*,#6537,.T.);
#8344 = ORIENTED_EDGE('',*,*,#8345,.T.);
#8345 = EDGE_CURVE('',#6538,#7384,#8346,.T.);
#8346 = LINE('',#8347,#8348);
#8347 = CARTESIAN_POINT('',(173.98,-262.03,-4.5E-02));
#8348 = VECTOR('',#8349,1.);
#8349 = DIRECTION('',(0.,0.,1.));
#8350 = ORIENTED_EDGE('',*,*,#7383,.F.);
#8351 = ORIENTED_EDGE('',*,*,#8345,.F.);
#8352 = CYLINDRICAL_SURFACE('',#8353,0.6);
#8353 = AXIS2_PLACEMENT_3D('',#8354,#8355,#8356);
#8354 = CARTESIAN_POINT('',(173.98,-261.43,-4.5E-02));
#8355 = DIRECTION('',(-0.,-0.,-1.));
#8356 = DIRECTION('',(-4.736951571734E-14,-1.,0.));
#8357 = ADVANCED_FACE('',(#8358),#8369,.F.);
#8358 = FACE_BOUND('',#8359,.T.);
#8359 = EDGE_LOOP('',(#8360,#8361,#8367,#8368));
#8360 = ORIENTED_EDGE('',*,*,#6548,.T.);
#8361 = ORIENTED_EDGE('',*,*,#8362,.T.);
#8362 = EDGE_CURVE('',#6549,#7395,#8363,.T.);
#8363 = LINE('',#8364,#8365);
#8364 = CARTESIAN_POINT('',(173.96,-254.35,-4.5E-02));
#8365 = VECTOR('',#8366,1.);
#8366 = DIRECTION('',(0.,0.,1.));
#8367 = ORIENTED_EDGE('',*,*,#7394,.F.);
#8368 = ORIENTED_EDGE('',*,*,#8362,.F.);
#8369 = CYLINDRICAL_SURFACE('',#8370,0.6);
#8370 = AXIS2_PLACEMENT_3D('',#8371,#8372,#8373);
#8371 = CARTESIAN_POINT('',(173.96,-253.75,-4.5E-02));
#8372 = DIRECTION('',(-0.,-0.,-1.));
#8373 = DIRECTION('',(-0.,-1.,0.));
#8374 = ADVANCED_FACE('',(#8375),#8386,.F.);
#8375 = FACE_BOUND('',#8376,.T.);
#8376 = EDGE_LOOP('',(#8377,#8378,#8384,#8385));
#8377 = ORIENTED_EDGE('',*,*,#6559,.T.);
#8378 = ORIENTED_EDGE('',*,*,#8379,.T.);
#8379 = EDGE_CURVE('',#6560,#7406,#8380,.T.);
#8380 = LINE('',#8381,#8382);
#8381 = CARTESIAN_POINT('',(173.98,-246.48,-4.5E-02));
#8382 = VECTOR('',#8383,1.);
#8383 = DIRECTION('',(0.,0.,1.));
#8384 = ORIENTED_EDGE('',*,*,#7405,.F.);
#8385 = ORIENTED_EDGE('',*,*,#8379,.F.);
#8386 = CYLINDRICAL_SURFACE('',#8387,0.6);
#8387 = AXIS2_PLACEMENT_3D('',#8388,#8389,#8390);
#8388 = CARTESIAN_POINT('',(173.98,-245.88,-4.5E-02));
#8389 = DIRECTION('',(-0.,-0.,-1.));
#8390 = DIRECTION('',(-4.736951571734E-14,-1.,0.));
#8391 = ADVANCED_FACE('',(#8392),#8403,.F.);
#8392 = FACE_BOUND('',#8393,.T.);
#8393 = EDGE_LOOP('',(#8394,#8395,#8401,#8402));
#8394 = ORIENTED_EDGE('',*,*,#6570,.T.);
#8395 = ORIENTED_EDGE('',*,*,#8396,.T.);
#8396 = EDGE_CURVE('',#6571,#7417,#8397,.T.);
#8397 = LINE('',#8398,#8399);
#8398 = CARTESIAN_POINT('',(173.96,-238.8,-4.5E-02));
#8399 = VECTOR('',#8400,1.);
#8400 = DIRECTION('',(0.,0.,1.));
#8401 = ORIENTED_EDGE('',*,*,#7416,.F.);
#8402 = ORIENTED_EDGE('',*,*,#8396,.F.);
#8403 = CYLINDRICAL_SURFACE('',#8404,0.6);
#8404 = AXIS2_PLACEMENT_3D('',#8405,#8406,#8407);
#8405 = CARTESIAN_POINT('',(173.96,-238.2,-4.5E-02));
#8406 = DIRECTION('',(-0.,-0.,-1.));
#8407 = DIRECTION('',(-0.,-1.,0.));
#8408 = ADVANCED_FACE('',(#8409),#8420,.F.);
#8409 = FACE_BOUND('',#8410,.T.);
#8410 = EDGE_LOOP('',(#8411,#8412,#8418,#8419));
#8411 = ORIENTED_EDGE('',*,*,#6581,.T.);
#8412 = ORIENTED_EDGE('',*,*,#8413,.T.);
#8413 = EDGE_CURVE('',#6582,#7428,#8414,.T.);
#8414 = LINE('',#8415,#8416);
#8415 = CARTESIAN_POINT('',(173.98,-230.93,-4.5E-02));
#8416 = VECTOR('',#8417,1.);
#8417 = DIRECTION('',(0.,0.,1.));
#8418 = ORIENTED_EDGE('',*,*,#7427,.F.);
#8419 = ORIENTED_EDGE('',*,*,#8413,.F.);
#8420 = CYLINDRICAL_SURFACE('',#8421,0.6);
#8421 = AXIS2_PLACEMENT_3D('',#8422,#8423,#8424);
#8422 = CARTESIAN_POINT('',(173.98,-230.33,-4.5E-02));
#8423 = DIRECTION('',(-0.,-0.,-1.));
#8424 = DIRECTION('',(-4.736951571734E-14,-1.,0.));
#8425 = ADVANCED_FACE('',(#8426),#8437,.F.);
#8426 = FACE_BOUND('',#8427,.T.);
#8427 = EDGE_LOOP('',(#8428,#8429,#8435,#8436));
#8428 = ORIENTED_EDGE('',*,*,#6592,.T.);
#8429 = ORIENTED_EDGE('',*,*,#8430,.T.);
#8430 = EDGE_CURVE('',#6593,#7439,#8431,.T.);
#8431 = LINE('',#8432,#8433);
#8432 = CARTESIAN_POINT('',(173.96,-223.25,-4.5E-02));
#8433 = VECTOR('',#8434,1.);
#8434 = DIRECTION('',(0.,0.,1.));
#8435 = ORIENTED_EDGE('',*,*,#7438,.F.);
#8436 = ORIENTED_EDGE('',*,*,#8430,.F.);
#8437 = CYLINDRICAL_SURFACE('',#8438,0.6);
#8438 = AXIS2_PLACEMENT_3D('',#8439,#8440,#8441);
#8439 = CARTESIAN_POINT('',(173.96,-222.65,-4.5E-02));
#8440 = DIRECTION('',(-0.,-0.,-1.));
#8441 = DIRECTION('',(-0.,-1.,0.));
#8442 = ADVANCED_FACE('',(#8443),#8454,.F.);
#8443 = FACE_BOUND('',#8444,.T.);
#8444 = EDGE_LOOP('',(#8445,#8446,#8452,#8453));
#8445 = ORIENTED_EDGE('',*,*,#6603,.T.);
#8446 = ORIENTED_EDGE('',*,*,#8447,.T.);
#8447 = EDGE_CURVE('',#6604,#7450,#8448,.T.);
#8448 = LINE('',#8449,#8450);
#8449 = CARTESIAN_POINT('',(173.96,-215.15,-4.5E-02));
#8450 = VECTOR('',#8451,1.);
#8451 = DIRECTION('',(0.,0.,1.));
#8452 = ORIENTED_EDGE('',*,*,#7449,.F.);
#8453 = ORIENTED_EDGE('',*,*,#8447,.F.);
#8454 = CYLINDRICAL_SURFACE('',#8455,0.6);
#8455 = AXIS2_PLACEMENT_3D('',#8456,#8457,#8458);
#8456 = CARTESIAN_POINT('',(173.96,-214.55,-4.5E-02));
#8457 = DIRECTION('',(-0.,-0.,-1.));
#8458 = DIRECTION('',(-0.,-1.,0.));
#8459 = ADVANCED_FACE('',(#8460),#8471,.F.);
#8460 = FACE_BOUND('',#8461,.T.);
#8461 = EDGE_LOOP('',(#8462,#8463,#8469,#8470));
#8462 = ORIENTED_EDGE('',*,*,#6614,.T.);
#8463 = ORIENTED_EDGE('',*,*,#8464,.T.);
#8464 = EDGE_CURVE('',#6615,#7461,#8465,.T.);
#8465 = LINE('',#8466,#8467);
#8466 = CARTESIAN_POINT('',(173.96,-207.75,-4.5E-02));
#8467 = VECTOR('',#8468,1.);
#8468 = DIRECTION('',(0.,0.,1.));
#8469 = ORIENTED_EDGE('',*,*,#7460,.F.);
#8470 = ORIENTED_EDGE('',*,*,#8464,.F.);
#8471 = CYLINDRICAL_SURFACE('',#8472,0.6);
#8472 = AXIS2_PLACEMENT_3D('',#8473,#8474,#8475);
#8473 = CARTESIAN_POINT('',(173.96,-207.15,-4.5E-02));
#8474 = DIRECTION('',(-0.,-0.,-1.));
#8475 = DIRECTION('',(-0.,-1.,0.));
#8476 = ADVANCED_FACE('',(#8477),#8488,.F.);
#8477 = FACE_BOUND('',#8478,.T.);
#8478 = EDGE_LOOP('',(#8479,#8480,#8486,#8487));
#8479 = ORIENTED_EDGE('',*,*,#6625,.T.);
#8480 = ORIENTED_EDGE('',*,*,#8481,.T.);
#8481 = EDGE_CURVE('',#6626,#7472,#8482,.T.);
#8482 = LINE('',#8483,#8484);
#8483 = CARTESIAN_POINT('',(238.,-337.15,-4.5E-02));
#8484 = VECTOR('',#8485,1.);
#8485 = DIRECTION('',(0.,0.,1.));
#8486 = ORIENTED_EDGE('',*,*,#7471,.F.);
#8487 = ORIENTED_EDGE('',*,*,#8481,.F.);
#8488 = CYLINDRICAL_SURFACE('',#8489,2.15);
#8489 = AXIS2_PLACEMENT_3D('',#8490,#8491,#8492);
#8490 = CARTESIAN_POINT('',(238.,-335.,-4.5E-02));
#8491 = DIRECTION('',(-0.,-0.,-1.));
#8492 = DIRECTION('',(-0.,-1.,0.));
#8493 = ADVANCED_FACE('',(#8494),#8505,.F.);
#8494 = FACE_BOUND('',#8495,.T.);
#8495 = EDGE_LOOP('',(#8496,#8497,#8503,#8504));
#8496 = ORIENTED_EDGE('',*,*,#6636,.T.);
#8497 = ORIENTED_EDGE('',*,*,#8498,.T.);
#8498 = EDGE_CURVE('',#6637,#7483,#8499,.T.);
#8499 = LINE('',#8500,#8501);
#8500 = CARTESIAN_POINT('',(240.02,-324.23,-4.5E-02));
#8501 = VECTOR('',#8502,1.);
#8502 = DIRECTION('',(0.,0.,1.));
#8503 = ORIENTED_EDGE('',*,*,#7482,.F.);
#8504 = ORIENTED_EDGE('',*,*,#8498,.F.);
#8505 = CYLINDRICAL_SURFACE('',#8506,0.6);
#8506 = AXIS2_PLACEMENT_3D('',#8507,#8508,#8509);
#8507 = CARTESIAN_POINT('',(240.02,-323.63,-4.5E-02));
#8508 = DIRECTION('',(-0.,0.,-1.));
#8509 = DIRECTION('',(4.736951571734E-14,-1.,-0.));
#8510 = ADVANCED_FACE('',(#8511),#8522,.F.);
#8511 = FACE_BOUND('',#8512,.T.);
#8512 = EDGE_LOOP('',(#8513,#8514,#8520,#8521));
#8513 = ORIENTED_EDGE('',*,*,#6647,.T.);
#8514 = ORIENTED_EDGE('',*,*,#8515,.T.);
#8515 = EDGE_CURVE('',#6648,#7494,#8516,.T.);
#8516 = LINE('',#8517,#8518);
#8517 = CARTESIAN_POINT('',(240.,-316.5,-4.5E-02));
#8518 = VECTOR('',#8519,1.);
#8519 = DIRECTION('',(0.,0.,1.));
#8520 = ORIENTED_EDGE('',*,*,#7493,.F.);
#8521 = ORIENTED_EDGE('',*,*,#8515,.F.);
#8522 = CYLINDRICAL_SURFACE('',#8523,0.6);
#8523 = AXIS2_PLACEMENT_3D('',#8524,#8525,#8526);
#8524 = CARTESIAN_POINT('',(240.,-315.9,-4.5E-02));
#8525 = DIRECTION('',(-0.,-0.,-1.));
#8526 = DIRECTION('',(-0.,-1.,0.));
#8527 = ADVANCED_FACE('',(#8528),#8539,.F.);
#8528 = FACE_BOUND('',#8529,.T.);
#8529 = EDGE_LOOP('',(#8530,#8531,#8537,#8538));
#8530 = ORIENTED_EDGE('',*,*,#6658,.T.);
#8531 = ORIENTED_EDGE('',*,*,#8532,.T.);
#8532 = EDGE_CURVE('',#6659,#7505,#8533,.T.);
#8533 = LINE('',#8534,#8535);
#8534 = CARTESIAN_POINT('',(240.02,-308.68,-4.5E-02));
#8535 = VECTOR('',#8536,1.);
#8536 = DIRECTION('',(0.,0.,1.));
#8537 = ORIENTED_EDGE('',*,*,#7504,.F.);
#8538 = ORIENTED_EDGE('',*,*,#8532,.F.);
#8539 = CYLINDRICAL_SURFACE('',#8540,0.6);
#8540 = AXIS2_PLACEMENT_3D('',#8541,#8542,#8543);
#8541 = CARTESIAN_POINT('',(240.02,-308.08,-4.5E-02));
#8542 = DIRECTION('',(-0.,0.,-1.));
#8543 = DIRECTION('',(4.736951571734E-14,-1.,-0.));
#8544 = ADVANCED_FACE('',(#8545),#8556,.F.);
#8545 = FACE_BOUND('',#8546,.T.);
#8546 = EDGE_LOOP('',(#8547,#8548,#8554,#8555));
#8547 = ORIENTED_EDGE('',*,*,#6669,.T.);
#8548 = ORIENTED_EDGE('',*,*,#8549,.T.);
#8549 = EDGE_CURVE('',#6670,#7516,#8550,.T.);
#8550 = LINE('',#8551,#8552);
#8551 = CARTESIAN_POINT('',(240.,-300.95,-4.5E-02));
#8552 = VECTOR('',#8553,1.);
#8553 = DIRECTION('',(0.,0.,1.));
#8554 = ORIENTED_EDGE('',*,*,#7515,.F.);
#8555 = ORIENTED_EDGE('',*,*,#8549,.F.);
#8556 = CYLINDRICAL_SURFACE('',#8557,0.6);
#8557 = AXIS2_PLACEMENT_3D('',#8558,#8559,#8560);
#8558 = CARTESIAN_POINT('',(240.,-300.35,-4.5E-02));
#8559 = DIRECTION('',(-0.,-0.,-1.));
#8560 = DIRECTION('',(-0.,-1.,0.));
#8561 = ADVANCED_FACE('',(#8562),#8573,.F.);
#8562 = FACE_BOUND('',#8563,.T.);
#8563 = EDGE_LOOP('',(#8564,#8565,#8571,#8572));
#8564 = ORIENTED_EDGE('',*,*,#6680,.T.);
#8565 = ORIENTED_EDGE('',*,*,#8566,.T.);
#8566 = EDGE_CURVE('',#6681,#7527,#8567,.T.);
#8567 = LINE('',#8568,#8569);
#8568 = CARTESIAN_POINT('',(240.02,-293.13,-4.5E-02));
#8569 = VECTOR('',#8570,1.);
#8570 = DIRECTION('',(0.,0.,1.));
#8571 = ORIENTED_EDGE('',*,*,#7526,.F.);
#8572 = ORIENTED_EDGE('',*,*,#8566,.F.);
#8573 = CYLINDRICAL_SURFACE('',#8574,0.6);
#8574 = AXIS2_PLACEMENT_3D('',#8575,#8576,#8577);
#8575 = CARTESIAN_POINT('',(240.02,-292.53,-4.5E-02));
#8576 = DIRECTION('',(-0.,0.,-1.));
#8577 = DIRECTION('',(4.736951571734E-14,-1.,-0.));
#8578 = ADVANCED_FACE('',(#8579),#8590,.F.);
#8579 = FACE_BOUND('',#8580,.T.);
#8580 = EDGE_LOOP('',(#8581,#8582,#8588,#8589));
#8581 = ORIENTED_EDGE('',*,*,#6691,.T.);
#8582 = ORIENTED_EDGE('',*,*,#8583,.T.);
#8583 = EDGE_CURVE('',#6692,#7538,#8584,.T.);
#8584 = LINE('',#8585,#8586);
#8585 = CARTESIAN_POINT('',(240.,-285.4,-4.5E-02));
#8586 = VECTOR('',#8587,1.);
#8587 = DIRECTION('',(0.,0.,1.));
#8588 = ORIENTED_EDGE('',*,*,#7537,.F.);
#8589 = ORIENTED_EDGE('',*,*,#8583,.F.);
#8590 = CYLINDRICAL_SURFACE('',#8591,0.6);
#8591 = AXIS2_PLACEMENT_3D('',#8592,#8593,#8594);
#8592 = CARTESIAN_POINT('',(240.,-284.8,-4.5E-02));
#8593 = DIRECTION('',(-0.,-0.,-1.));
#8594 = DIRECTION('',(-0.,-1.,0.));
#8595 = ADVANCED_FACE('',(#8596),#8607,.F.);
#8596 = FACE_BOUND('',#8597,.T.);
#8597 = EDGE_LOOP('',(#8598,#8599,#8605,#8606));
#8598 = ORIENTED_EDGE('',*,*,#6702,.T.);
#8599 = ORIENTED_EDGE('',*,*,#8600,.T.);
#8600 = EDGE_CURVE('',#6703,#7549,#8601,.T.);
#8601 = LINE('',#8602,#8603);
#8602 = CARTESIAN_POINT('',(240.02,-277.58,-4.5E-02));
#8603 = VECTOR('',#8604,1.);
#8604 = DIRECTION('',(0.,0.,1.));
#8605 = ORIENTED_EDGE('',*,*,#7548,.F.);
#8606 = ORIENTED_EDGE('',*,*,#8600,.F.);
#8607 = CYLINDRICAL_SURFACE('',#8608,0.6);
#8608 = AXIS2_PLACEMENT_3D('',#8609,#8610,#8611);
#8609 = CARTESIAN_POINT('',(240.02,-276.98,-4.5E-02));
#8610 = DIRECTION('',(-0.,0.,-1.));
#8611 = DIRECTION('',(4.736951571734E-14,-1.,-0.));
#8612 = ADVANCED_FACE('',(#8613),#8624,.F.);
#8613 = FACE_BOUND('',#8614,.T.);
#8614 = EDGE_LOOP('',(#8615,#8616,#8622,#8623));
#8615 = ORIENTED_EDGE('',*,*,#6713,.T.);
#8616 = ORIENTED_EDGE('',*,*,#8617,.T.);
#8617 = EDGE_CURVE('',#6714,#7560,#8618,.T.);
#8618 = LINE('',#8619,#8620);
#8619 = CARTESIAN_POINT('',(240.,-269.9,-4.5E-02));
#8620 = VECTOR('',#8621,1.);
#8621 = DIRECTION('',(0.,0.,1.));
#8622 = ORIENTED_EDGE('',*,*,#7559,.F.);
#8623 = ORIENTED_EDGE('',*,*,#8617,.F.);
#8624 = CYLINDRICAL_SURFACE('',#8625,0.6);
#8625 = AXIS2_PLACEMENT_3D('',#8626,#8627,#8628);
#8626 = CARTESIAN_POINT('',(240.,-269.3,-4.5E-02));
#8627 = DIRECTION('',(-0.,-0.,-1.));
#8628 = DIRECTION('',(-0.,-1.,0.));
#8629 = ADVANCED_FACE('',(#8630),#8641,.F.);
#8630 = FACE_BOUND('',#8631,.T.);
#8631 = EDGE_LOOP('',(#8632,#8633,#8639,#8640));
#8632 = ORIENTED_EDGE('',*,*,#6724,.T.);
#8633 = ORIENTED_EDGE('',*,*,#8634,.T.);
#8634 = EDGE_CURVE('',#6725,#7571,#8635,.T.);
#8635 = LINE('',#8636,#8637);
#8636 = CARTESIAN_POINT('',(240.02,-262.03,-4.5E-02));
#8637 = VECTOR('',#8638,1.);
#8638 = DIRECTION('',(0.,0.,1.));
#8639 = ORIENTED_EDGE('',*,*,#7570,.F.);
#8640 = ORIENTED_EDGE('',*,*,#8634,.F.);
#8641 = CYLINDRICAL_SURFACE('',#8642,0.6);
#8642 = AXIS2_PLACEMENT_3D('',#8643,#8644,#8645);
#8643 = CARTESIAN_POINT('',(240.02,-261.43,-4.5E-02));
#8644 = DIRECTION('',(-0.,0.,-1.));
#8645 = DIRECTION('',(4.736951571734E-14,-1.,-0.));
#8646 = ADVANCED_FACE('',(#8647),#8658,.F.);
#8647 = FACE_BOUND('',#8648,.T.);
#8648 = EDGE_LOOP('',(#8649,#8650,#8656,#8657));
#8649 = ORIENTED_EDGE('',*,*,#6735,.T.);
#8650 = ORIENTED_EDGE('',*,*,#8651,.T.);
#8651 = EDGE_CURVE('',#6736,#7582,#8652,.T.);
#8652 = LINE('',#8653,#8654);
#8653 = CARTESIAN_POINT('',(240.,-254.35,-4.5E-02));
#8654 = VECTOR('',#8655,1.);
#8655 = DIRECTION('',(0.,0.,1.));
#8656 = ORIENTED_EDGE('',*,*,#7581,.F.);
#8657 = ORIENTED_EDGE('',*,*,#8651,.F.);
#8658 = CYLINDRICAL_SURFACE('',#8659,0.6);
#8659 = AXIS2_PLACEMENT_3D('',#8660,#8661,#8662);
#8660 = CARTESIAN_POINT('',(240.,-253.75,-4.5E-02));
#8661 = DIRECTION('',(-0.,-0.,-1.));
#8662 = DIRECTION('',(-0.,-1.,0.));
#8663 = ADVANCED_FACE('',(#8664),#8675,.F.);
#8664 = FACE_BOUND('',#8665,.T.);
#8665 = EDGE_LOOP('',(#8666,#8667,#8673,#8674));
#8666 = ORIENTED_EDGE('',*,*,#6746,.T.);
#8667 = ORIENTED_EDGE('',*,*,#8668,.T.);
#8668 = EDGE_CURVE('',#6747,#7593,#8669,.T.);
#8669 = LINE('',#8670,#8671);
#8670 = CARTESIAN_POINT('',(240.02,-246.48,-4.5E-02));
#8671 = VECTOR('',#8672,1.);
#8672 = DIRECTION('',(0.,0.,1.));
#8673 = ORIENTED_EDGE('',*,*,#7592,.F.);
#8674 = ORIENTED_EDGE('',*,*,#8668,.F.);
#8675 = CYLINDRICAL_SURFACE('',#8676,0.6);
#8676 = AXIS2_PLACEMENT_3D('',#8677,#8678,#8679);
#8677 = CARTESIAN_POINT('',(240.02,-245.88,-4.5E-02));
#8678 = DIRECTION('',(-0.,0.,-1.));
#8679 = DIRECTION('',(4.736951571734E-14,-1.,-0.));
#8680 = ADVANCED_FACE('',(#8681),#8692,.F.);
#8681 = FACE_BOUND('',#8682,.T.);
#8682 = EDGE_LOOP('',(#8683,#8684,#8690,#8691));
#8683 = ORIENTED_EDGE('',*,*,#6757,.T.);
#8684 = ORIENTED_EDGE('',*,*,#8685,.T.);
#8685 = EDGE_CURVE('',#6758,#7604,#8686,.T.);
#8686 = LINE('',#8687,#8688);
#8687 = CARTESIAN_POINT('',(240.,-238.8,-4.5E-02));
#8688 = VECTOR('',#8689,1.);
#8689 = DIRECTION('',(0.,0.,1.));
#8690 = ORIENTED_EDGE('',*,*,#7603,.F.);
#8691 = ORIENTED_EDGE('',*,*,#8685,.F.);
#8692 = CYLINDRICAL_SURFACE('',#8693,0.6);
#8693 = AXIS2_PLACEMENT_3D('',#8694,#8695,#8696);
#8694 = CARTESIAN_POINT('',(240.,-238.2,-4.5E-02));
#8695 = DIRECTION('',(-0.,-0.,-1.));
#8696 = DIRECTION('',(-0.,-1.,0.));
#8697 = ADVANCED_FACE('',(#8698),#8709,.F.);
#8698 = FACE_BOUND('',#8699,.T.);
#8699 = EDGE_LOOP('',(#8700,#8701,#8707,#8708));
#8700 = ORIENTED_EDGE('',*,*,#6768,.T.);
#8701 = ORIENTED_EDGE('',*,*,#8702,.T.);
#8702 = EDGE_CURVE('',#6769,#7615,#8703,.T.);
#8703 = LINE('',#8704,#8705);
#8704 = CARTESIAN_POINT('',(240.02,-230.93,-4.5E-02));
#8705 = VECTOR('',#8706,1.);
#8706 = DIRECTION('',(0.,0.,1.));
#8707 = ORIENTED_EDGE('',*,*,#7614,.F.);
#8708 = ORIENTED_EDGE('',*,*,#8702,.F.);
#8709 = CYLINDRICAL_SURFACE('',#8710,0.6);
#8710 = AXIS2_PLACEMENT_3D('',#8711,#8712,#8713);
#8711 = CARTESIAN_POINT('',(240.02,-230.33,-4.5E-02));
#8712 = DIRECTION('',(-0.,0.,-1.));
#8713 = DIRECTION('',(4.736951571734E-14,-1.,-0.));
#8714 = ADVANCED_FACE('',(#8715),#8726,.F.);
#8715 = FACE_BOUND('',#8716,.T.);
#8716 = EDGE_LOOP('',(#8717,#8718,#8724,#8725));
#8717 = ORIENTED_EDGE('',*,*,#6779,.T.);
#8718 = ORIENTED_EDGE('',*,*,#8719,.T.);
#8719 = EDGE_CURVE('',#6780,#7626,#8720,.T.);
#8720 = LINE('',#8721,#8722);
#8721 = CARTESIAN_POINT('',(240.,-223.25,-4.5E-02));
#8722 = VECTOR('',#8723,1.);
#8723 = DIRECTION('',(0.,0.,1.));
#8724 = ORIENTED_EDGE('',*,*,#7625,.F.);
#8725 = ORIENTED_EDGE('',*,*,#8719,.F.);
#8726 = CYLINDRICAL_SURFACE('',#8727,0.6);
#8727 = AXIS2_PLACEMENT_3D('',#8728,#8729,#8730);
#8728 = CARTESIAN_POINT('',(240.,-222.65,-4.5E-02));
#8729 = DIRECTION('',(-0.,-0.,-1.));
#8730 = DIRECTION('',(-0.,-1.,0.));
#8731 = ADVANCED_FACE('',(#8732),#8743,.F.);
#8732 = FACE_BOUND('',#8733,.T.);
#8733 = EDGE_LOOP('',(#8734,#8735,#8741,#8742));
#8734 = ORIENTED_EDGE('',*,*,#6790,.T.);
#8735 = ORIENTED_EDGE('',*,*,#8736,.T.);
#8736 = EDGE_CURVE('',#6791,#7637,#8737,.T.);
#8737 = LINE('',#8738,#8739);
#8738 = CARTESIAN_POINT('',(240.,-215.15,-4.5E-02));
#8739 = VECTOR('',#8740,1.);
#8740 = DIRECTION('',(0.,0.,1.));
#8741 = ORIENTED_EDGE('',*,*,#7636,.F.);
#8742 = ORIENTED_EDGE('',*,*,#8736,.F.);
#8743 = CYLINDRICAL_SURFACE('',#8744,0.6);
#8744 = AXIS2_PLACEMENT_3D('',#8745,#8746,#8747);
#8745 = CARTESIAN_POINT('',(240.,-214.55,-4.5E-02));
#8746 = DIRECTION('',(-0.,-0.,-1.));
#8747 = DIRECTION('',(-0.,-1.,0.));
#8748 = ADVANCED_FACE('',(#8749),#8760,.F.);
#8749 = FACE_BOUND('',#8750,.T.);
#8750 = EDGE_LOOP('',(#8751,#8752,#8758,#8759));
#8751 = ORIENTED_EDGE('',*,*,#6801,.T.);
#8752 = ORIENTED_EDGE('',*,*,#8753,.T.);
#8753 = EDGE_CURVE('',#6802,#7648,#8754,.T.);
#8754 = LINE('',#8755,#8756);
#8755 = CARTESIAN_POINT('',(240.,-207.75,-4.5E-02));
#8756 = VECTOR('',#8757,1.);
#8757 = DIRECTION('',(0.,0.,1.));
#8758 = ORIENTED_EDGE('',*,*,#7647,.F.);
#8759 = ORIENTED_EDGE('',*,*,#8753,.F.);
#8760 = CYLINDRICAL_SURFACE('',#8761,0.6);
#8761 = AXIS2_PLACEMENT_3D('',#8762,#8763,#8764);
#8762 = CARTESIAN_POINT('',(240.,-207.15,-4.5E-02));
#8763 = DIRECTION('',(-0.,-0.,-1.));
#8764 = DIRECTION('',(-0.,-1.,0.));
#8765 = ADVANCED_FACE('',(#8766),#8777,.F.);
#8766 = FACE_BOUND('',#8767,.T.);
#8767 = EDGE_LOOP('',(#8768,#8769,#8775,#8776));
#8768 = ORIENTED_EDGE('',*,*,#6812,.T.);
#8769 = ORIENTED_EDGE('',*,*,#8770,.T.);
#8770 = EDGE_CURVE('',#6813,#7659,#8771,.T.);
#8771 = LINE('',#8772,#8773);
#8772 = CARTESIAN_POINT('',(173.96,-199.95,-4.5E-02));
#8773 = VECTOR('',#8774,1.);
#8774 = DIRECTION('',(0.,0.,1.));
#8775 = ORIENTED_EDGE('',*,*,#7658,.F.);
#8776 = ORIENTED_EDGE('',*,*,#8770,.F.);
#8777 = CYLINDRICAL_SURFACE('',#8778,0.6);
#8778 = AXIS2_PLACEMENT_3D('',#8779,#8780,#8781);
#8779 = CARTESIAN_POINT('',(173.96,-199.35,-4.5E-02));
#8780 = DIRECTION('',(-0.,-0.,-1.));
#8781 = DIRECTION('',(-0.,-1.,0.));
#8782 = ADVANCED_FACE('',(#8783),#8794,.F.);
#8783 = FACE_BOUND('',#8784,.T.);
#8784 = EDGE_LOOP('',(#8785,#8786,#8792,#8793));
#8785 = ORIENTED_EDGE('',*,*,#6823,.T.);
#8786 = ORIENTED_EDGE('',*,*,#8787,.T.);
#8787 = EDGE_CURVE('',#6824,#7670,#8788,.T.);
#8788 = LINE('',#8789,#8790);
#8789 = CARTESIAN_POINT('',(173.96,-192.2,-4.5E-02));
#8790 = VECTOR('',#8791,1.);
#8791 = DIRECTION('',(0.,0.,1.));
#8792 = ORIENTED_EDGE('',*,*,#7669,.F.);
#8793 = ORIENTED_EDGE('',*,*,#8787,.F.);
#8794 = CYLINDRICAL_SURFACE('',#8795,0.6);
#8795 = AXIS2_PLACEMENT_3D('',#8796,#8797,#8798);
#8796 = CARTESIAN_POINT('',(173.96,-191.6,-4.5E-02));
#8797 = DIRECTION('',(-0.,-0.,-1.));
#8798 = DIRECTION('',(-0.,-1.,0.));
#8799 = ADVANCED_FACE('',(#8800),#8811,.F.);
#8800 = FACE_BOUND('',#8801,.T.);
#8801 = EDGE_LOOP('',(#8802,#8803,#8809,#8810));
#8802 = ORIENTED_EDGE('',*,*,#6834,.T.);
#8803 = ORIENTED_EDGE('',*,*,#8804,.T.);
#8804 = EDGE_CURVE('',#6835,#7681,#8805,.T.);
#8805 = LINE('',#8806,#8807);
#8806 = CARTESIAN_POINT('',(173.96,-184.4,-4.5E-02));
#8807 = VECTOR('',#8808,1.);
#8808 = DIRECTION('',(0.,0.,1.));
#8809 = ORIENTED_EDGE('',*,*,#7680,.F.);
#8810 = ORIENTED_EDGE('',*,*,#8804,.F.);
#8811 = CYLINDRICAL_SURFACE('',#8812,0.6);
#8812 = AXIS2_PLACEMENT_3D('',#8813,#8814,#8815);
#8813 = CARTESIAN_POINT('',(173.96,-183.8,-4.5E-02));
#8814 = DIRECTION('',(-0.,-0.,-1.));
#8815 = DIRECTION('',(-0.,-1.,0.));
#8816 = ADVANCED_FACE('',(#8817),#8828,.F.);
#8817 = FACE_BOUND('',#8818,.T.);
#8818 = EDGE_LOOP('',(#8819,#8820,#8826,#8827));
#8819 = ORIENTED_EDGE('',*,*,#6845,.T.);
#8820 = ORIENTED_EDGE('',*,*,#8821,.T.);
#8821 = EDGE_CURVE('',#6846,#7692,#8822,.T.);
#8822 = LINE('',#8823,#8824);
#8823 = CARTESIAN_POINT('',(173.96,-176.65,-4.5E-02));
#8824 = VECTOR('',#8825,1.);
#8825 = DIRECTION('',(0.,0.,1.));
#8826 = ORIENTED_EDGE('',*,*,#7691,.F.);
#8827 = ORIENTED_EDGE('',*,*,#8821,.F.);
#8828 = CYLINDRICAL_SURFACE('',#8829,0.6);
#8829 = AXIS2_PLACEMENT_3D('',#8830,#8831,#8832);
#8830 = CARTESIAN_POINT('',(173.96,-176.05,-4.5E-02));
#8831 = DIRECTION('',(-0.,-0.,-1.));
#8832 = DIRECTION('',(-0.,-1.,0.));
#8833 = ADVANCED_FACE('',(#8834),#8845,.F.);
#8834 = FACE_BOUND('',#8835,.T.);
#8835 = EDGE_LOOP('',(#8836,#8837,#8843,#8844));
#8836 = ORIENTED_EDGE('',*,*,#6856,.T.);
#8837 = ORIENTED_EDGE('',*,*,#8838,.T.);
#8838 = EDGE_CURVE('',#6857,#7703,#8839,.T.);
#8839 = LINE('',#8840,#8841);
#8840 = CARTESIAN_POINT('',(173.96,-168.85,-4.5E-02));
#8841 = VECTOR('',#8842,1.);
#8842 = DIRECTION('',(0.,0.,1.));
#8843 = ORIENTED_EDGE('',*,*,#7702,.F.);
#8844 = ORIENTED_EDGE('',*,*,#8838,.F.);
#8845 = CYLINDRICAL_SURFACE('',#8846,0.6);
#8846 = AXIS2_PLACEMENT_3D('',#8847,#8848,#8849);
#8847 = CARTESIAN_POINT('',(173.96,-168.25,-4.5E-02));
#8848 = DIRECTION('',(-0.,-0.,-1.));
#8849 = DIRECTION('',(-0.,-1.,0.));
#8850 = ADVANCED_FACE('',(#8851),#8862,.F.);
#8851 = FACE_BOUND('',#8852,.T.);
#8852 = EDGE_LOOP('',(#8853,#8854,#8860,#8861));
#8853 = ORIENTED_EDGE('',*,*,#6867,.T.);
#8854 = ORIENTED_EDGE('',*,*,#8855,.T.);
#8855 = EDGE_CURVE('',#6868,#7714,#8856,.T.);
#8856 = LINE('',#8857,#8858);
#8857 = CARTESIAN_POINT('',(173.96,-161.1,-4.5E-02));
#8858 = VECTOR('',#8859,1.);
#8859 = DIRECTION('',(0.,0.,1.));
#8860 = ORIENTED_EDGE('',*,*,#7713,.F.);
#8861 = ORIENTED_EDGE('',*,*,#8855,.F.);
#8862 = CYLINDRICAL_SURFACE('',#8863,0.6);
#8863 = AXIS2_PLACEMENT_3D('',#8864,#8865,#8866);
#8864 = CARTESIAN_POINT('',(173.96,-160.5,-4.5E-02));
#8865 = DIRECTION('',(-0.,-0.,-1.));
#8866 = DIRECTION('',(-0.,-1.,0.));
#8867 = ADVANCED_FACE('',(#8868),#8879,.F.);
#8868 = FACE_BOUND('',#8869,.T.);
#8869 = EDGE_LOOP('',(#8870,#8871,#8877,#8878));
#8870 = ORIENTED_EDGE('',*,*,#6878,.T.);
#8871 = ORIENTED_EDGE('',*,*,#8872,.T.);
#8872 = EDGE_CURVE('',#6879,#7725,#8873,.T.);
#8873 = LINE('',#8874,#8875);
#8874 = CARTESIAN_POINT('',(173.96,-153.3,-4.5E-02));
#8875 = VECTOR('',#8876,1.);
#8876 = DIRECTION('',(0.,0.,1.));
#8877 = ORIENTED_EDGE('',*,*,#7724,.F.);
#8878 = ORIENTED_EDGE('',*,*,#8872,.F.);
#8879 = CYLINDRICAL_SURFACE('',#8880,0.6);
#8880 = AXIS2_PLACEMENT_3D('',#8881,#8882,#8883);
#8881 = CARTESIAN_POINT('',(173.96,-152.7,-4.5E-02));
#8882 = DIRECTION('',(-0.,-0.,-1.));
#8883 = DIRECTION('',(-0.,-1.,0.));
#8884 = ADVANCED_FACE('',(#8885),#8896,.F.);
#8885 = FACE_BOUND('',#8886,.T.);
#8886 = EDGE_LOOP('',(#8887,#8888,#8894,#8895));
#8887 = ORIENTED_EDGE('',*,*,#6889,.T.);
#8888 = ORIENTED_EDGE('',*,*,#8889,.T.);
#8889 = EDGE_CURVE('',#6890,#7736,#8890,.T.);
#8890 = LINE('',#8891,#8892);
#8891 = CARTESIAN_POINT('',(173.96,-145.55,-4.5E-02));
#8892 = VECTOR('',#8893,1.);
#8893 = DIRECTION('',(0.,0.,1.));
#8894 = ORIENTED_EDGE('',*,*,#7735,.F.);
#8895 = ORIENTED_EDGE('',*,*,#8889,.F.);
#8896 = CYLINDRICAL_SURFACE('',#8897,0.6);
#8897 = AXIS2_PLACEMENT_3D('',#8898,#8899,#8900);
#8898 = CARTESIAN_POINT('',(173.96,-144.95,-4.5E-02));
#8899 = DIRECTION('',(-0.,-0.,-1.));
#8900 = DIRECTION('',(-0.,-1.,0.));
#8901 = ADVANCED_FACE('',(#8902),#8913,.F.);
#8902 = FACE_BOUND('',#8903,.T.);
#8903 = EDGE_LOOP('',(#8904,#8905,#8911,#8912));
#8904 = ORIENTED_EDGE('',*,*,#6900,.T.);
#8905 = ORIENTED_EDGE('',*,*,#8906,.T.);
#8906 = EDGE_CURVE('',#6901,#7747,#8907,.T.);
#8907 = LINE('',#8908,#8909);
#8908 = CARTESIAN_POINT('',(173.96,-137.75,-4.5E-02));
#8909 = VECTOR('',#8910,1.);
#8910 = DIRECTION('',(0.,0.,1.));
#8911 = ORIENTED_EDGE('',*,*,#7746,.F.);
#8912 = ORIENTED_EDGE('',*,*,#8906,.F.);
#8913 = CYLINDRICAL_SURFACE('',#8914,0.6);
#8914 = AXIS2_PLACEMENT_3D('',#8915,#8916,#8917);
#8915 = CARTESIAN_POINT('',(173.96,-137.15,-4.5E-02));
#8916 = DIRECTION('',(-0.,-0.,-1.));
#8917 = DIRECTION('',(-0.,-1.,0.));
#8918 = ADVANCED_FACE('',(#8919),#8930,.F.);
#8919 = FACE_BOUND('',#8920,.T.);
#8920 = EDGE_LOOP('',(#8921,#8922,#8928,#8929));
#8921 = ORIENTED_EDGE('',*,*,#6911,.T.);
#8922 = ORIENTED_EDGE('',*,*,#8923,.T.);
#8923 = EDGE_CURVE('',#6912,#7758,#8924,.T.);
#8924 = LINE('',#8925,#8926);
#8925 = CARTESIAN_POINT('',(173.96,-130.,-4.5E-02));
#8926 = VECTOR('',#8927,1.);
#8927 = DIRECTION('',(0.,0.,1.));
#8928 = ORIENTED_EDGE('',*,*,#7757,.F.);
#8929 = ORIENTED_EDGE('',*,*,#8923,.F.);
#8930 = CYLINDRICAL_SURFACE('',#8931,0.6);
#8931 = AXIS2_PLACEMENT_3D('',#8932,#8933,#8934);
#8932 = CARTESIAN_POINT('',(173.96,-129.4,-4.5E-02));
#8933 = DIRECTION('',(-0.,-0.,-1.));
#8934 = DIRECTION('',(-0.,-1.,0.));
#8935 = ADVANCED_FACE('',(#8936),#8947,.F.);
#8936 = FACE_BOUND('',#8937,.T.);
#8937 = EDGE_LOOP('',(#8938,#8939,#8945,#8946));
#8938 = ORIENTED_EDGE('',*,*,#6922,.T.);
#8939 = ORIENTED_EDGE('',*,*,#8940,.T.);
#8940 = EDGE_CURVE('',#6923,#7769,#8941,.T.);
#8941 = LINE('',#8942,#8943);
#8942 = CARTESIAN_POINT('',(173.96,-122.2,-4.5E-02));
#8943 = VECTOR('',#8944,1.);
#8944 = DIRECTION('',(0.,0.,1.));
#8945 = ORIENTED_EDGE('',*,*,#7768,.F.);
#8946 = ORIENTED_EDGE('',*,*,#8940,.F.);
#8947 = CYLINDRICAL_SURFACE('',#8948,0.6);
#8948 = AXIS2_PLACEMENT_3D('',#8949,#8950,#8951);
#8949 = CARTESIAN_POINT('',(173.96,-121.6,-4.5E-02));
#8950 = DIRECTION('',(-0.,-0.,-1.));
#8951 = DIRECTION('',(-0.,-1.,0.));
#8952 = ADVANCED_FACE('',(#8953),#8964,.F.);
#8953 = FACE_BOUND('',#8954,.T.);
#8954 = EDGE_LOOP('',(#8955,#8956,#8962,#8963));
#8955 = ORIENTED_EDGE('',*,*,#6933,.T.);
#8956 = ORIENTED_EDGE('',*,*,#8957,.T.);
#8957 = EDGE_CURVE('',#6934,#7780,#8958,.T.);
#8958 = LINE('',#8959,#8960);
#8959 = CARTESIAN_POINT('',(173.96,-114.45,-4.5E-02));
#8960 = VECTOR('',#8961,1.);
#8961 = DIRECTION('',(0.,0.,1.));
#8962 = ORIENTED_EDGE('',*,*,#7779,.F.);
#8963 = ORIENTED_EDGE('',*,*,#8957,.F.);
#8964 = CYLINDRICAL_SURFACE('',#8965,0.6);
#8965 = AXIS2_PLACEMENT_3D('',#8966,#8967,#8968);
#8966 = CARTESIAN_POINT('',(173.96,-113.85,-4.5E-02));
#8967 = DIRECTION('',(-0.,-0.,-1.));
#8968 = DIRECTION('',(-0.,-1.,0.));
#8969 = ADVANCED_FACE('',(#8970),#8981,.F.);
#8970 = FACE_BOUND('',#8971,.T.);
#8971 = EDGE_LOOP('',(#8972,#8973,#8979,#8980));
#8972 = ORIENTED_EDGE('',*,*,#6944,.T.);
#8973 = ORIENTED_EDGE('',*,*,#8974,.T.);
#8974 = EDGE_CURVE('',#6945,#7791,#8975,.T.);
#8975 = LINE('',#8976,#8977);
#8976 = CARTESIAN_POINT('',(173.96,-106.65,-4.5E-02));
#8977 = VECTOR('',#8978,1.);
#8978 = DIRECTION('',(0.,0.,1.));
#8979 = ORIENTED_EDGE('',*,*,#7790,.F.);
#8980 = ORIENTED_EDGE('',*,*,#8974,.F.);
#8981 = CYLINDRICAL_SURFACE('',#8982,0.6);
#8982 = AXIS2_PLACEMENT_3D('',#8983,#8984,#8985);
#8983 = CARTESIAN_POINT('',(173.96,-106.05,-4.5E-02));
#8984 = DIRECTION('',(-0.,-0.,-1.));
#8985 = DIRECTION('',(-0.,-1.,0.));
#8986 = ADVANCED_FACE('',(#8987),#8998,.F.);
#8987 = FACE_BOUND('',#8988,.T.);
#8988 = EDGE_LOOP('',(#8989,#8990,#8996,#8997));
#8989 = ORIENTED_EDGE('',*,*,#6955,.T.);
#8990 = ORIENTED_EDGE('',*,*,#8991,.T.);
#8991 = EDGE_CURVE('',#6956,#7802,#8992,.T.);
#8992 = LINE('',#8993,#8994);
#8993 = CARTESIAN_POINT('',(173.96,-98.9,-4.5E-02));
#8994 = VECTOR('',#8995,1.);
#8995 = DIRECTION('',(0.,0.,1.));
#8996 = ORIENTED_EDGE('',*,*,#7801,.F.);
#8997 = ORIENTED_EDGE('',*,*,#8991,.F.);
#8998 = CYLINDRICAL_SURFACE('',#8999,0.6);
#8999 = AXIS2_PLACEMENT_3D('',#9000,#9001,#9002);
#9000 = CARTESIAN_POINT('',(173.96,-98.3,-4.5E-02));
#9001 = DIRECTION('',(-0.,-0.,-1.));
#9002 = DIRECTION('',(-0.,-1.,0.));
#9003 = ADVANCED_FACE('',(#9004),#9015,.F.);
#9004 = FACE_BOUND('',#9005,.T.);
#9005 = EDGE_LOOP('',(#9006,#9007,#9013,#9014));
#9006 = ORIENTED_EDGE('',*,*,#6966,.T.);
#9007 = ORIENTED_EDGE('',*,*,#9008,.T.);
#9008 = EDGE_CURVE('',#6967,#7813,#9009,.T.);
#9009 = LINE('',#9010,#9011);
#9010 = CARTESIAN_POINT('',(176.,-72.15,-4.5E-02));
#9011 = VECTOR('',#9012,1.);
#9012 = DIRECTION('',(0.,0.,1.));
#9013 = ORIENTED_EDGE('',*,*,#7812,.F.);
#9014 = ORIENTED_EDGE('',*,*,#9008,.F.);
#9015 = CYLINDRICAL_SURFACE('',#9016,2.15);
#9016 = AXIS2_PLACEMENT_3D('',#9017,#9018,#9019);
#9017 = CARTESIAN_POINT('',(176.,-70.,-4.5E-02));
#9018 = DIRECTION('',(-0.,-0.,-1.));
#9019 = DIRECTION('',(-0.,-1.,0.));
#9020 = ADVANCED_FACE('',(#9021),#9032,.F.);
#9021 = FACE_BOUND('',#9022,.T.);
#9022 = EDGE_LOOP('',(#9023,#9024,#9030,#9031));
#9023 = ORIENTED_EDGE('',*,*,#6977,.T.);
#9024 = ORIENTED_EDGE('',*,*,#9025,.T.);
#9025 = EDGE_CURVE('',#6978,#7824,#9026,.T.);
#9026 = LINE('',#9027,#9028);
#9027 = CARTESIAN_POINT('',(240.,-199.95,-4.5E-02));
#9028 = VECTOR('',#9029,1.);
#9029 = DIRECTION('',(0.,0.,1.));
#9030 = ORIENTED_EDGE('',*,*,#7823,.F.);
#9031 = ORIENTED_EDGE('',*,*,#9025,.F.);
#9032 = CYLINDRICAL_SURFACE('',#9033,0.6);
#9033 = AXIS2_PLACEMENT_3D('',#9034,#9035,#9036);
#9034 = CARTESIAN_POINT('',(240.,-199.35,-4.5E-02));
#9035 = DIRECTION('',(-0.,-0.,-1.));
#9036 = DIRECTION('',(-0.,-1.,0.));
#9037 = ADVANCED_FACE('',(#9038),#9049,.F.);
#9038 = FACE_BOUND('',#9039,.T.);
#9039 = EDGE_LOOP('',(#9040,#9041,#9047,#9048));
#9040 = ORIENTED_EDGE('',*,*,#6988,.T.);
#9041 = ORIENTED_EDGE('',*,*,#9042,.T.);
#9042 = EDGE_CURVE('',#6989,#7835,#9043,.T.);
#9043 = LINE('',#9044,#9045);
#9044 = CARTESIAN_POINT('',(240.,-192.2,-4.5E-02));
#9045 = VECTOR('',#9046,1.);
#9046 = DIRECTION('',(0.,0.,1.));
#9047 = ORIENTED_EDGE('',*,*,#7834,.F.);
#9048 = ORIENTED_EDGE('',*,*,#9042,.F.);
#9049 = CYLINDRICAL_SURFACE('',#9050,0.6);
#9050 = AXIS2_PLACEMENT_3D('',#9051,#9052,#9053);
#9051 = CARTESIAN_POINT('',(240.,-191.6,-4.5E-02));
#9052 = DIRECTION('',(-0.,-0.,-1.));
#9053 = DIRECTION('',(-0.,-1.,0.));
#9054 = ADVANCED_FACE('',(#9055),#9066,.F.);
#9055 = FACE_BOUND('',#9056,.T.);
#9056 = EDGE_LOOP('',(#9057,#9058,#9064,#9065));
#9057 = ORIENTED_EDGE('',*,*,#6999,.T.);
#9058 = ORIENTED_EDGE('',*,*,#9059,.T.);
#9059 = EDGE_CURVE('',#7000,#7846,#9060,.T.);
#9060 = LINE('',#9061,#9062);
#9061 = CARTESIAN_POINT('',(240.,-184.4,-4.5E-02));
#9062 = VECTOR('',#9063,1.);
#9063 = DIRECTION('',(0.,0.,1.));
#9064 = ORIENTED_EDGE('',*,*,#7845,.F.);
#9065 = ORIENTED_EDGE('',*,*,#9059,.F.);
#9066 = CYLINDRICAL_SURFACE('',#9067,0.6);
#9067 = AXIS2_PLACEMENT_3D('',#9068,#9069,#9070);
#9068 = CARTESIAN_POINT('',(240.,-183.8,-4.5E-02));
#9069 = DIRECTION('',(-0.,-0.,-1.));
#9070 = DIRECTION('',(-0.,-1.,0.));
#9071 = ADVANCED_FACE('',(#9072),#9083,.F.);
#9072 = FACE_BOUND('',#9073,.T.);
#9073 = EDGE_LOOP('',(#9074,#9075,#9081,#9082));
#9074 = ORIENTED_EDGE('',*,*,#7010,.T.);
#9075 = ORIENTED_EDGE('',*,*,#9076,.T.);
#9076 = EDGE_CURVE('',#7011,#7857,#9077,.T.);
#9077 = LINE('',#9078,#9079);
#9078 = CARTESIAN_POINT('',(240.,-176.65,-4.5E-02));
#9079 = VECTOR('',#9080,1.);
#9080 = DIRECTION('',(0.,0.,1.));
#9081 = ORIENTED_EDGE('',*,*,#7856,.F.);
#9082 = ORIENTED_EDGE('',*,*,#9076,.F.);
#9083 = CYLINDRICAL_SURFACE('',#9084,0.6);
#9084 = AXIS2_PLACEMENT_3D('',#9085,#9086,#9087);
#9085 = CARTESIAN_POINT('',(240.,-176.05,-4.5E-02));
#9086 = DIRECTION('',(-0.,-0.,-1.));
#9087 = DIRECTION('',(-0.,-1.,0.));
#9088 = ADVANCED_FACE('',(#9089),#9100,.F.);
#9089 = FACE_BOUND('',#9090,.T.);
#9090 = EDGE_LOOP('',(#9091,#9092,#9098,#9099));
#9091 = ORIENTED_EDGE('',*,*,#7021,.T.);
#9092 = ORIENTED_EDGE('',*,*,#9093,.T.);
#9093 = EDGE_CURVE('',#7022,#7868,#9094,.T.);
#9094 = LINE('',#9095,#9096);
#9095 = CARTESIAN_POINT('',(240.,-168.85,-4.5E-02));
#9096 = VECTOR('',#9097,1.);
#9097 = DIRECTION('',(0.,0.,1.));
#9098 = ORIENTED_EDGE('',*,*,#7867,.F.);
#9099 = ORIENTED_EDGE('',*,*,#9093,.F.);
#9100 = CYLINDRICAL_SURFACE('',#9101,0.6);
#9101 = AXIS2_PLACEMENT_3D('',#9102,#9103,#9104);
#9102 = CARTESIAN_POINT('',(240.,-168.25,-4.5E-02));
#9103 = DIRECTION('',(-0.,-0.,-1.));
#9104 = DIRECTION('',(-0.,-1.,0.));
#9105 = ADVANCED_FACE('',(#9106),#9117,.F.);
#9106 = FACE_BOUND('',#9107,.T.);
#9107 = EDGE_LOOP('',(#9108,#9109,#9115,#9116));
#9108 = ORIENTED_EDGE('',*,*,#7032,.T.);
#9109 = ORIENTED_EDGE('',*,*,#9110,.T.);
#9110 = EDGE_CURVE('',#7033,#7879,#9111,.T.);
#9111 = LINE('',#9112,#9113);
#9112 = CARTESIAN_POINT('',(240.,-161.1,-4.5E-02));
#9113 = VECTOR('',#9114,1.);
#9114 = DIRECTION('',(0.,0.,1.));
#9115 = ORIENTED_EDGE('',*,*,#7878,.F.);
#9116 = ORIENTED_EDGE('',*,*,#9110,.F.);
#9117 = CYLINDRICAL_SURFACE('',#9118,0.6);
#9118 = AXIS2_PLACEMENT_3D('',#9119,#9120,#9121);
#9119 = CARTESIAN_POINT('',(240.,-160.5,-4.5E-02));
#9120 = DIRECTION('',(-0.,-0.,-1.));
#9121 = DIRECTION('',(-0.,-1.,0.));
#9122 = ADVANCED_FACE('',(#9123),#9134,.F.);
#9123 = FACE_BOUND('',#9124,.T.);
#9124 = EDGE_LOOP('',(#9125,#9126,#9132,#9133));
#9125 = ORIENTED_EDGE('',*,*,#7043,.T.);
#9126 = ORIENTED_EDGE('',*,*,#9127,.T.);
#9127 = EDGE_CURVE('',#7044,#7890,#9128,.T.);
#9128 = LINE('',#9129,#9130);
#9129 = CARTESIAN_POINT('',(240.,-153.3,-4.5E-02));
#9130 = VECTOR('',#9131,1.);
#9131 = DIRECTION('',(0.,0.,1.));
#9132 = ORIENTED_EDGE('',*,*,#7889,.F.);
#9133 = ORIENTED_EDGE('',*,*,#9127,.F.);
#9134 = CYLINDRICAL_SURFACE('',#9135,0.6);
#9135 = AXIS2_PLACEMENT_3D('',#9136,#9137,#9138);
#9136 = CARTESIAN_POINT('',(240.,-152.7,-4.5E-02));
#9137 = DIRECTION('',(-0.,-0.,-1.));
#9138 = DIRECTION('',(-0.,-1.,0.));
#9139 = ADVANCED_FACE('',(#9140),#9151,.F.);
#9140 = FACE_BOUND('',#9141,.T.);
#9141 = EDGE_LOOP('',(#9142,#9143,#9149,#9150));
#9142 = ORIENTED_EDGE('',*,*,#7054,.T.);
#9143 = ORIENTED_EDGE('',*,*,#9144,.T.);
#9144 = EDGE_CURVE('',#7055,#7901,#9145,.T.);
#9145 = LINE('',#9146,#9147);
#9146 = CARTESIAN_POINT('',(240.,-145.55,-4.5E-02));
#9147 = VECTOR('',#9148,1.);
#9148 = DIRECTION('',(0.,0.,1.));
#9149 = ORIENTED_EDGE('',*,*,#7900,.F.);
#9150 = ORIENTED_EDGE('',*,*,#9144,.F.);
#9151 = CYLINDRICAL_SURFACE('',#9152,0.6);
#9152 = AXIS2_PLACEMENT_3D('',#9153,#9154,#9155);
#9153 = CARTESIAN_POINT('',(240.,-144.95,-4.5E-02));
#9154 = DIRECTION('',(-0.,-0.,-1.));
#9155 = DIRECTION('',(-0.,-1.,0.));
#9156 = ADVANCED_FACE('',(#9157),#9168,.F.);
#9157 = FACE_BOUND('',#9158,.T.);
#9158 = EDGE_LOOP('',(#9159,#9160,#9166,#9167));
#9159 = ORIENTED_EDGE('',*,*,#7065,.T.);
#9160 = ORIENTED_EDGE('',*,*,#9161,.T.);
#9161 = EDGE_CURVE('',#7066,#7912,#9162,.T.);
#9162 = LINE('',#9163,#9164);
#9163 = CARTESIAN_POINT('',(240.,-137.75,-4.5E-02));
#9164 = VECTOR('',#9165,1.);
#9165 = DIRECTION('',(0.,0.,1.));
#9166 = ORIENTED_EDGE('',*,*,#7911,.F.);
#9167 = ORIENTED_EDGE('',*,*,#9161,.F.);
#9168 = CYLINDRICAL_SURFACE('',#9169,0.6);
#9169 = AXIS2_PLACEMENT_3D('',#9170,#9171,#9172);
#9170 = CARTESIAN_POINT('',(240.,-137.15,-4.5E-02));
#9171 = DIRECTION('',(-0.,-0.,-1.));
#9172 = DIRECTION('',(-0.,-1.,0.));
#9173 = ADVANCED_FACE('',(#9174),#9185,.F.);
#9174 = FACE_BOUND('',#9175,.T.);
#9175 = EDGE_LOOP('',(#9176,#9177,#9183,#9184));
#9176 = ORIENTED_EDGE('',*,*,#7076,.T.);
#9177 = ORIENTED_EDGE('',*,*,#9178,.T.);
#9178 = EDGE_CURVE('',#7077,#7923,#9179,.T.);
#9179 = LINE('',#9180,#9181);
#9180 = CARTESIAN_POINT('',(208.2,-87.85,-4.5E-02));
#9181 = VECTOR('',#9182,1.);
#9182 = DIRECTION('',(0.,0.,1.));
#9183 = ORIENTED_EDGE('',*,*,#7922,.F.);
#9184 = ORIENTED_EDGE('',*,*,#9178,.F.);
#9185 = CYLINDRICAL_SURFACE('',#9186,0.7);
#9186 = AXIS2_PLACEMENT_3D('',#9187,#9188,#9189);
#9187 = CARTESIAN_POINT('',(208.2,-87.15,-4.5E-02));
#9188 = DIRECTION('',(-0.,-0.,-1.));
#9189 = DIRECTION('',(-0.,-1.,0.));
#9190 = ADVANCED_FACE('',(#9191),#9202,.F.);
#9191 = FACE_BOUND('',#9192,.T.);
#9192 = EDGE_LOOP('',(#9193,#9194,#9200,#9201));
#9193 = ORIENTED_EDGE('',*,*,#7087,.T.);
#9194 = ORIENTED_EDGE('',*,*,#9195,.T.);
#9195 = EDGE_CURVE('',#7088,#7934,#9196,.T.);
#9196 = LINE('',#9197,#9198);
#9197 = CARTESIAN_POINT('',(213.7,-87.85,-4.5E-02));
#9198 = VECTOR('',#9199,1.);
#9199 = DIRECTION('',(0.,0.,1.));
#9200 = ORIENTED_EDGE('',*,*,#7933,.F.);
#9201 = ORIENTED_EDGE('',*,*,#9195,.F.);
#9202 = CYLINDRICAL_SURFACE('',#9203,0.7);
#9203 = AXIS2_PLACEMENT_3D('',#9204,#9205,#9206);
#9204 = CARTESIAN_POINT('',(213.7,-87.15,-4.5E-02));
#9205 = DIRECTION('',(-0.,-0.,-1.));
#9206 = DIRECTION('',(-0.,-1.,0.));
#9207 = ADVANCED_FACE('',(#9208),#9219,.F.);
#9208 = FACE_BOUND('',#9209,.T.);
#9209 = EDGE_LOOP('',(#9210,#9211,#9217,#9218));
#9210 = ORIENTED_EDGE('',*,*,#7098,.T.);
#9211 = ORIENTED_EDGE('',*,*,#9212,.T.);
#9212 = EDGE_CURVE('',#7099,#7945,#9213,.T.);
#9213 = LINE('',#9214,#9215);
#9214 = CARTESIAN_POINT('',(208.2,-83.65,-4.5E-02));
#9215 = VECTOR('',#9216,1.);
#9216 = DIRECTION('',(0.,0.,1.));
#9217 = ORIENTED_EDGE('',*,*,#7944,.F.);
#9218 = ORIENTED_EDGE('',*,*,#9212,.F.);
#9219 = CYLINDRICAL_SURFACE('',#9220,0.7);
#9220 = AXIS2_PLACEMENT_3D('',#9221,#9222,#9223);
#9221 = CARTESIAN_POINT('',(208.2,-82.95,-4.5E-02));
#9222 = DIRECTION('',(-0.,-0.,-1.));
#9223 = DIRECTION('',(-0.,-1.,0.));
#9224 = ADVANCED_FACE('',(#9225),#9236,.F.);
#9225 = FACE_BOUND('',#9226,.T.);
#9226 = EDGE_LOOP('',(#9227,#9228,#9234,#9235));
#9227 = ORIENTED_EDGE('',*,*,#7109,.T.);
#9228 = ORIENTED_EDGE('',*,*,#9229,.T.);
#9229 = EDGE_CURVE('',#7110,#7956,#9230,.T.);
#9230 = LINE('',#9231,#9232);
#9231 = CARTESIAN_POINT('',(208.2,-79.45,-4.5E-02));
#9232 = VECTOR('',#9233,1.);
#9233 = DIRECTION('',(0.,0.,1.));
#9234 = ORIENTED_EDGE('',*,*,#7955,.F.);
#9235 = ORIENTED_EDGE('',*,*,#9229,.F.);
#9236 = CYLINDRICAL_SURFACE('',#9237,0.7);
#9237 = AXIS2_PLACEMENT_3D('',#9238,#9239,#9240);
#9238 = CARTESIAN_POINT('',(208.2,-78.75,-4.5E-02));
#9239 = DIRECTION('',(-0.,-0.,-1.));
#9240 = DIRECTION('',(-0.,-1.,0.));
#9241 = ADVANCED_FACE('',(#9242),#9253,.F.);
#9242 = FACE_BOUND('',#9243,.T.);
#9243 = EDGE_LOOP('',(#9244,#9245,#9251,#9252));
#9244 = ORIENTED_EDGE('',*,*,#7120,.T.);
#9245 = ORIENTED_EDGE('',*,*,#9246,.T.);
#9246 = EDGE_CURVE('',#7121,#7967,#9247,.T.);
#9247 = LINE('',#9248,#9249);
#9248 = CARTESIAN_POINT('',(213.7,-83.65,-4.5E-02));
#9249 = VECTOR('',#9250,1.);
#9250 = DIRECTION('',(0.,0.,1.));
#9251 = ORIENTED_EDGE('',*,*,#7966,.F.);
#9252 = ORIENTED_EDGE('',*,*,#9246,.F.);
#9253 = CYLINDRICAL_SURFACE('',#9254,0.7);
#9254 = AXIS2_PLACEMENT_3D('',#9255,#9256,#9257);
#9255 = CARTESIAN_POINT('',(213.7,-82.95,-4.5E-02));
#9256 = DIRECTION('',(-0.,-0.,-1.));
#9257 = DIRECTION('',(-0.,-1.,0.));
#9258 = ADVANCED_FACE('',(#9259),#9270,.F.);
#9259 = FACE_BOUND('',#9260,.T.);
#9260 = EDGE_LOOP('',(#9261,#9262,#9268,#9269));
#9261 = ORIENTED_EDGE('',*,*,#7131,.T.);
#9262 = ORIENTED_EDGE('',*,*,#9263,.T.);
#9263 = EDGE_CURVE('',#7132,#7978,#9264,.T.);
#9264 = LINE('',#9265,#9266);
#9265 = CARTESIAN_POINT('',(213.7,-79.45,-4.5E-02));
#9266 = VECTOR('',#9267,1.);
#9267 = DIRECTION('',(0.,0.,1.));
#9268 = ORIENTED_EDGE('',*,*,#7977,.F.);
#9269 = ORIENTED_EDGE('',*,*,#9263,.F.);
#9270 = CYLINDRICAL_SURFACE('',#9271,0.7);
#9271 = AXIS2_PLACEMENT_3D('',#9272,#9273,#9274);
#9272 = CARTESIAN_POINT('',(213.7,-78.75,-4.5E-02));
#9273 = DIRECTION('',(-0.,-0.,-1.));
#9274 = DIRECTION('',(-0.,-1.,0.));
#9275 = ADVANCED_FACE('',(#9276),#9287,.F.);
#9276 = FACE_BOUND('',#9277,.T.);
#9277 = EDGE_LOOP('',(#9278,#9279,#9285,#9286));
#9278 = ORIENTED_EDGE('',*,*,#7142,.T.);
#9279 = ORIENTED_EDGE('',*,*,#9280,.T.);
#9280 = EDGE_CURVE('',#7143,#7989,#9281,.T.);
#9281 = LINE('',#9282,#9283);
#9282 = CARTESIAN_POINT('',(240.,-130.,-4.5E-02));
#9283 = VECTOR('',#9284,1.);
#9284 = DIRECTION('',(0.,0.,1.));
#9285 = ORIENTED_EDGE('',*,*,#7988,.F.);
#9286 = ORIENTED_EDGE('',*,*,#9280,.F.);
#9287 = CYLINDRICAL_SURFACE('',#9288,0.6);
#9288 = AXIS2_PLACEMENT_3D('',#9289,#9290,#9291);
#9289 = CARTESIAN_POINT('',(240.,-129.4,-4.5E-02));
#9290 = DIRECTION('',(-0.,-0.,-1.));
#9291 = DIRECTION('',(-0.,-1.,0.));
#9292 = ADVANCED_FACE('',(#9293),#9304,.F.);
#9293 = FACE_BOUND('',#9294,.T.);
#9294 = EDGE_LOOP('',(#9295,#9296,#9302,#9303));
#9295 = ORIENTED_EDGE('',*,*,#7153,.T.);
#9296 = ORIENTED_EDGE('',*,*,#9297,.T.);
#9297 = EDGE_CURVE('',#7154,#8000,#9298,.T.);
#9298 = LINE('',#9299,#9300);
#9299 = CARTESIAN_POINT('',(240.,-122.2,-4.5E-02));
#9300 = VECTOR('',#9301,1.);
#9301 = DIRECTION('',(0.,0.,1.));
#9302 = ORIENTED_EDGE('',*,*,#7999,.F.);
#9303 = ORIENTED_EDGE('',*,*,#9297,.F.);
#9304 = CYLINDRICAL_SURFACE('',#9305,0.6);
#9305 = AXIS2_PLACEMENT_3D('',#9306,#9307,#9308);
#9306 = CARTESIAN_POINT('',(240.,-121.6,-4.5E-02));
#9307 = DIRECTION('',(-0.,-0.,-1.));
#9308 = DIRECTION('',(-0.,-1.,0.));
#9309 = ADVANCED_FACE('',(#9310),#9321,.F.);
#9310 = FACE_BOUND('',#9311,.T.);
#9311 = EDGE_LOOP('',(#9312,#9313,#9319,#9320));
#9312 = ORIENTED_EDGE('',*,*,#7164,.T.);
#9313 = ORIENTED_EDGE('',*,*,#9314,.T.);
#9314 = EDGE_CURVE('',#7165,#8011,#9315,.T.);
#9315 = LINE('',#9316,#9317);
#9316 = CARTESIAN_POINT('',(240.,-114.45,-4.5E-02));
#9317 = VECTOR('',#9318,1.);
#9318 = DIRECTION('',(0.,0.,1.));
#9319 = ORIENTED_EDGE('',*,*,#8010,.F.);
#9320 = ORIENTED_EDGE('',*,*,#9314,.F.);
#9321 = CYLINDRICAL_SURFACE('',#9322,0.6);
#9322 = AXIS2_PLACEMENT_3D('',#9323,#9324,#9325);
#9323 = CARTESIAN_POINT('',(240.,-113.85,-4.5E-02));
#9324 = DIRECTION('',(-0.,-0.,-1.));
#9325 = DIRECTION('',(-0.,-1.,0.));
#9326 = ADVANCED_FACE('',(#9327),#9338,.F.);
#9327 = FACE_BOUND('',#9328,.T.);
#9328 = EDGE_LOOP('',(#9329,#9330,#9336,#9337));
#9329 = ORIENTED_EDGE('',*,*,#7175,.T.);
#9330 = ORIENTED_EDGE('',*,*,#9331,.T.);
#9331 = EDGE_CURVE('',#7176,#8022,#9332,.T.);
#9332 = LINE('',#9333,#9334);
#9333 = CARTESIAN_POINT('',(240.,-106.65,-4.5E-02));
#9334 = VECTOR('',#9335,1.);
#9335 = DIRECTION('',(0.,0.,1.));
#9336 = ORIENTED_EDGE('',*,*,#8021,.F.);
#9337 = ORIENTED_EDGE('',*,*,#9331,.F.);
#9338 = CYLINDRICAL_SURFACE('',#9339,0.6);
#9339 = AXIS2_PLACEMENT_3D('',#9340,#9341,#9342);
#9340 = CARTESIAN_POINT('',(240.,-106.05,-4.5E-02));
#9341 = DIRECTION('',(-0.,-0.,-1.));
#9342 = DIRECTION('',(-0.,-1.,0.));
#9343 = ADVANCED_FACE('',(#9344),#9355,.F.);
#9344 = FACE_BOUND('',#9345,.T.);
#9345 = EDGE_LOOP('',(#9346,#9347,#9353,#9354));
#9346 = ORIENTED_EDGE('',*,*,#7186,.T.);
#9347 = ORIENTED_EDGE('',*,*,#9348,.T.);
#9348 = EDGE_CURVE('',#7187,#8033,#9349,.T.);
#9349 = LINE('',#9350,#9351);
#9350 = CARTESIAN_POINT('',(240.,-98.9,-4.5E-02));
#9351 = VECTOR('',#9352,1.);
#9352 = DIRECTION('',(0.,0.,1.));
#9353 = ORIENTED_EDGE('',*,*,#8032,.F.);
#9354 = ORIENTED_EDGE('',*,*,#9348,.F.);
#9355 = CYLINDRICAL_SURFACE('',#9356,0.6);
#9356 = AXIS2_PLACEMENT_3D('',#9357,#9358,#9359);
#9357 = CARTESIAN_POINT('',(240.,-98.3,-4.5E-02));
#9358 = DIRECTION('',(-0.,-0.,-1.));
#9359 = DIRECTION('',(-0.,-1.,0.));
#9360 = ADVANCED_FACE('',(#9361),#9372,.F.);
#9361 = FACE_BOUND('',#9362,.T.);
#9362 = EDGE_LOOP('',(#9363,#9364,#9370,#9371));
#9363 = ORIENTED_EDGE('',*,*,#7197,.T.);
#9364 = ORIENTED_EDGE('',*,*,#9365,.T.);
#9365 = EDGE_CURVE('',#7198,#8044,#9366,.T.);
#9366 = LINE('',#9367,#9368);
#9367 = CARTESIAN_POINT('',(238.,-72.15,-4.5E-02));
#9368 = VECTOR('',#9369,1.);
#9369 = DIRECTION('',(0.,0.,1.));
#9370 = ORIENTED_EDGE('',*,*,#8043,.F.);
#9371 = ORIENTED_EDGE('',*,*,#9365,.F.);
#9372 = CYLINDRICAL_SURFACE('',#9373,2.15);
#9373 = AXIS2_PLACEMENT_3D('',#9374,#9375,#9376);
#9374 = CARTESIAN_POINT('',(238.,-70.,-4.5E-02));
#9375 = DIRECTION('',(-0.,-0.,-1.));
#9376 = DIRECTION('',(-0.,-1.,0.));
#9377 = ( GEOMETRIC_REPRESENTATION_CONTEXT(3) 
GLOBAL_UNCERTAINTY_ASSIGNED_CONTEXT((#9381)) 
GLOBAL_UNIT_ASSIGNED_CONTEXT((#9378,#9379,#9380)) REPRESENTATION_CONTEXT
('Context #1','3D Context with UNIT and UNCERTAINTY') );
#9378 = ( LENGTH_UNIT() NAMED_UNIT(*) SI_UNIT(.MILLI.,.METRE.) );
#9379 = ( NAMED_UNIT(*) PLANE_ANGLE_UNIT() SI_UNIT($,.RADIAN.) );
#9380 = ( NAMED_UNIT(*) SI_UNIT($,.STERADIAN.) SOLID_ANGLE_UNIT() );
#9381 = UNCERTAINTY_MEASURE_WITH_UNIT(LENGTH_MEASURE(1.E-07),#9378,
  'distance_accuracy_value','confusion accuracy');
#9382 = CONTEXT_DEPENDENT_SHAPE_REPRESENTATION(#9383,#9385);
#9383 = ( REPRESENTATION_RELATIONSHIP('','',#6257,#10) 
REPRESENTATION_RELATIONSHIP_WITH_TRANSFORMATION(#9384) 
SHAPE_REPRESENTATION_RELATIONSHIP() );
#9384 = ITEM_DEFINED_TRANSFORMATION('','',#11,#139);
#9385 = PRODUCT_DEFINITION_SHAPE('Placement','Placement of an item',
  #9386);
#9386 = NEXT_ASSEMBLY_USAGE_OCCURRENCE('34','=>[0:1:1:6]','',#5,#6252,$
  );
#9387 = PRODUCT_RELATED_PRODUCT_CATEGORY('part',$,(#6254));
#9388 = MECHANICAL_DESIGN_GEOMETRIC_PRESENTATION_REPRESENTATION('',(
    #9389,#9397,#9404,#9411,#9418,#9425,#9432,#9440,#9447,#9454,#9461,
    #9468,#9475,#9482),#522);
#9389 = STYLED_ITEM('color',(#9390),#182);
#9390 = PRESENTATION_STYLE_ASSIGNMENT((#9391));
#9391 = SURFACE_STYLE_USAGE(.BOTH.,#9392);
#9392 = SURFACE_SIDE_STYLE('',(#9393));
#9393 = SURFACE_STYLE_FILL_AREA(#9394);
#9394 = FILL_AREA_STYLE('',(#9395));
#9395 = FILL_AREA_STYLE_COLOUR('',#9396);
#9396 = COLOUR_RGB('',0.894999966383,0.890999961016,0.813000030345);
#9397 = STYLED_ITEM('color',(#9398),#222);
#9398 = PRESENTATION_STYLE_ASSIGNMENT((#9399));
#9399 = SURFACE_STYLE_USAGE(.BOTH.,#9400);
#9400 = SURFACE_SIDE_STYLE('',(#9401));
#9401 = SURFACE_STYLE_FILL_AREA(#9402);
#9402 = FILL_AREA_STYLE('',(#9403));
#9403 = FILL_AREA_STYLE_COLOUR('',#9396);
#9404 = STYLED_ITEM('color',(#9405),#253);
#9405 = PRESENTATION_STYLE_ASSIGNMENT((#9406));
#9406 = SURFACE_STYLE_USAGE(.BOTH.,#9407);
#9407 = SURFACE_SIDE_STYLE('',(#9408));
#9408 = SURFACE_STYLE_FILL_AREA(#9409);
#9409 = FILL_AREA_STYLE('',(#9410));
#9410 = FILL_AREA_STYLE_COLOUR('',#9396);
#9411 = STYLED_ITEM('color',(#9412),#284);
#9412 = PRESENTATION_STYLE_ASSIGNMENT((#9413));
#9413 = SURFACE_STYLE_USAGE(.BOTH.,#9414);
#9414 = SURFACE_SIDE_STYLE('',(#9415));
#9415 = SURFACE_STYLE_FILL_AREA(#9416);
#9416 = FILL_AREA_STYLE('',(#9417));
#9417 = FILL_AREA_STYLE_COLOUR('',#9396);
#9418 = STYLED_ITEM('color',(#9419),#312);
#9419 = PRESENTATION_STYLE_ASSIGNMENT((#9420));
#9420 = SURFACE_STYLE_USAGE(.BOTH.,#9421);
#9421 = SURFACE_SIDE_STYLE('',(#9422));
#9422 = SURFACE_STYLE_FILL_AREA(#9423);
#9423 = FILL_AREA_STYLE('',(#9424));
#9424 = FILL_AREA_STYLE_COLOUR('',#9396);
#9425 = STYLED_ITEM('color',(#9426),#340);
#9426 = PRESENTATION_STYLE_ASSIGNMENT((#9427));
#9427 = SURFACE_STYLE_USAGE(.BOTH.,#9428);
#9428 = SURFACE_SIDE_STYLE('',(#9429));
#9429 = SURFACE_STYLE_FILL_AREA(#9430);
#9430 = FILL_AREA_STYLE('',(#9431));
#9431 = FILL_AREA_STYLE_COLOUR('',#9396);
#9432 = STYLED_ITEM('color',(#9433),#352);
#9433 = PRESENTATION_STYLE_ASSIGNMENT((#9434));
#9434 = SURFACE_STYLE_USAGE(.BOTH.,#9435);
#9435 = SURFACE_SIDE_STYLE('',(#9436));
#9436 = SURFACE_STYLE_FILL_AREA(#9437);
#9437 = FILL_AREA_STYLE('',(#9438));
#9438 = FILL_AREA_STYLE_COLOUR('',#9439);
#9439 = COLOUR_RGB('',0.823999987314,0.819999987296,0.781000009244);
#9440 = STYLED_ITEM('color',(#9441),#377);
#9441 = PRESENTATION_STYLE_ASSIGNMENT((#9442));
#9442 = SURFACE_STYLE_USAGE(.BOTH.,#9443);
#9443 = SURFACE_SIDE_STYLE('',(#9444));
#9444 = SURFACE_STYLE_FILL_AREA(#9445);
#9445 = FILL_AREA_STYLE('',(#9446));
#9446 = FILL_AREA_STYLE_COLOUR('',#9439);
#9447 = STYLED_ITEM('color',(#9448),#402);
#9448 = PRESENTATION_STYLE_ASSIGNMENT((#9449));
#9449 = SURFACE_STYLE_USAGE(.BOTH.,#9450);
#9450 = SURFACE_SIDE_STYLE('',(#9451));
#9451 = SURFACE_STYLE_FILL_AREA(#9452);
#9452 = FILL_AREA_STYLE('',(#9453));
#9453 = FILL_AREA_STYLE_COLOUR('',#9439);
#9454 = STYLED_ITEM('color',(#9455),#428);
#9455 = PRESENTATION_STYLE_ASSIGNMENT((#9456));
#9456 = SURFACE_STYLE_USAGE(.BOTH.,#9457);
#9457 = SURFACE_SIDE_STYLE('',(#9458));
#9458 = SURFACE_STYLE_FILL_AREA(#9459);
#9459 = FILL_AREA_STYLE('',(#9460));
#9460 = FILL_AREA_STYLE_COLOUR('',#9439);
#9461 = STYLED_ITEM('color',(#9462),#454);
#9462 = PRESENTATION_STYLE_ASSIGNMENT((#9463));
#9463 = SURFACE_STYLE_USAGE(.BOTH.,#9464);
#9464 = SURFACE_SIDE_STYLE('',(#9465));
#9465 = SURFACE_STYLE_FILL_AREA(#9466);
#9466 = FILL_AREA_STYLE('',(#9467));
#9467 = FILL_AREA_STYLE_COLOUR('',#9439);
#9468 = STYLED_ITEM('color',(#9469),#479);
#9469 = PRESENTATION_STYLE_ASSIGNMENT((#9470));
#9470 = SURFACE_STYLE_USAGE(.BOTH.,#9471);
#9471 = SURFACE_SIDE_STYLE('',(#9472));
#9472 = SURFACE_STYLE_FILL_AREA(#9473);
#9473 = FILL_AREA_STYLE('',(#9474));
#9474 = FILL_AREA_STYLE_COLOUR('',#9439);
#9475 = STYLED_ITEM('color',(#9476),#504);
#9476 = PRESENTATION_STYLE_ASSIGNMENT((#9477));
#9477 = SURFACE_STYLE_USAGE(.BOTH.,#9478);
#9478 = SURFACE_SIDE_STYLE('',(#9479));
#9479 = SURFACE_STYLE_FILL_AREA(#9480);
#9480 = FILL_AREA_STYLE('',(#9481));
#9481 = FILL_AREA_STYLE_COLOUR('',#9439);
#9482 = STYLED_ITEM('color',(#9483),#513);
#9483 = PRESENTATION_STYLE_ASSIGNMENT((#9484));
#9484 = SURFACE_STYLE_USAGE(.BOTH.,#9485);
#9485 = SURFACE_SIDE_STYLE('',(#9486));
#9486 = SURFACE_STYLE_FILL_AREA(#9487);
#9487 = FILL_AREA_STYLE('',(#9488));
#9488 = FILL_AREA_STYLE_COLOUR('',#9439);
#9489 = MECHANICAL_DESIGN_GEOMETRIC_PRESENTATION_REPRESENTATION('',(
    #9490),#9377);
#9490 = STYLED_ITEM('color',(#9491),#6258);
#9491 = PRESENTATION_STYLE_ASSIGNMENT((#9492));
#9492 = SURFACE_STYLE_USAGE(.BOTH.,#9493);
#9493 = SURFACE_SIDE_STYLE('',(#9494));
#9494 = SURFACE_STYLE_FILL_AREA(#9495);
#9495 = FILL_AREA_STYLE('',(#9496));
#9496 = FILL_AREA_STYLE_COLOUR('',#9497);
#9497 = COLOUR_RGB('',0.313304153717,0.484529207832,0.410020903123);
#9498 = MECHANICAL_DESIGN_GEOMETRIC_PRESENTATION_REPRESENTATION('',(
    #9499),#6159);
#9499 = STYLED_ITEM('color',(#9500),#629);
#9500 = PRESENTATION_STYLE_ASSIGNMENT((#9501,#9507));
#9501 = SURFACE_STYLE_USAGE(.BOTH.,#9502);
#9502 = SURFACE_SIDE_STYLE('',(#9503));
#9503 = SURFACE_STYLE_FILL_AREA(#9504);
#9504 = FILL_AREA_STYLE('',(#9505));
#9505 = FILL_AREA_STYLE_COLOUR('',#9506);
#9506 = COLOUR_RGB('',0.749019635948,0.749019635948,0.749019635948);
#9507 = CURVE_STYLE('',#9508,POSITIVE_LENGTH_MEASURE(0.1),#9506);
#9508 = DRAUGHTING_PRE_DEFINED_CURVE_FONT('continuous');
ENDSEC;
END-ISO-10303-21;
