ISO-10303-21;
HEADER;
FILE_DESCRIPTION(('KiCad electronic assembly'),'2;1');
FILE_NAME('PDU_Resistors_Board_V1.0.step','2025-03-24T12:15:01',(
    'Pcbnew'),('Kicad'),'Open CASCADE STEP processor 7.8',
  'KiCad to STEP converter','Unknown');
FILE_SCHEMA(('AUTOMOTIVE_DESIGN { 1 0 10303 214 1 1 1 1 }'));
ENDSEC;
DATA;
#1 = APPLICATION_PROTOCOL_DEFINITION('international standard',
  'automotive_design',2000,#2);
#2 = APPLICATION_CONTEXT(
  'core data for automotive mechanical design processes');
#3 = SHAPE_DEFINITION_REPRESENTATION(#4,#10);
#4 = PRODUCT_DEFINITION_SHAPE('','',#5);
#5 = PRODUCT_DEFINITION('design','',#6,#9);
#6 = PRODUCT_DEFINITION_FORMATION('','',#7);
#7 = PRODUCT('PDU_Resistors_Board_V1.0 1','PDU_Resistors_Board_V1.0 1',
  '',(#8));
#8 = PRODUCT_CONTEXT('',#2,'mechanical');
#9 = PRODUCT_DEFINITION_CONTEXT('part definition',#2,'design');
#10 = SHAPE_REPRESENTATION('',(#11,#15,#19,#23,#27,#31,#35,#39,#43,#47,
    #51,#55,#59,#63,#67,#71,#75,#79,#83,#87,#91),#95);
#11 = AXIS2_PLACEMENT_3D('',#12,#13,#14);
#12 = CARTESIAN_POINT('',(0.,0.,0.));
#13 = DIRECTION('',(0.,0.,1.));
#14 = DIRECTION('',(1.,0.,-0.));
#15 = AXIS2_PLACEMENT_3D('',#16,#17,#18);
#16 = CARTESIAN_POINT('',(174.244,-97.028,1.65));
#17 = DIRECTION('',(0.,0.,1.));
#18 = DIRECTION('',(1.,0.,0.));
#19 = AXIS2_PLACEMENT_3D('',#20,#21,#22);
#20 = CARTESIAN_POINT('',(174.254,-201.93,1.65));
#21 = DIRECTION('',(0.,0.,1.));
#22 = DIRECTION('',(1.,0.,0.));
#23 = AXIS2_PLACEMENT_3D('',#24,#25,#26);
#24 = CARTESIAN_POINT('',(174.254,-156.972,1.65));
#25 = DIRECTION('',(0.,0.,1.));
#26 = DIRECTION('',(1.,0.,0.));
#27 = AXIS2_PLACEMENT_3D('',#28,#29,#30);
#28 = CARTESIAN_POINT('',(174.244,-112.014,1.65));
#29 = DIRECTION('',(0.,0.,1.));
#30 = DIRECTION('',(1.,0.,0.));
#31 = AXIS2_PLACEMENT_3D('',#32,#33,#34);
#32 = CARTESIAN_POINT('',(174.249,-127.,1.65));
#33 = DIRECTION('',(0.,0.,1.));
#34 = DIRECTION('',(1.,0.,0.));
#35 = AXIS2_PLACEMENT_3D('',#36,#37,#38);
#36 = CARTESIAN_POINT('',(223.976,-74.942,1.65));
#37 = DIRECTION('',(0.,-1.,1.110223024625E-16));
#38 = DIRECTION('',(1.,0.,0.));
#39 = AXIS2_PLACEMENT_3D('',#40,#41,#42);
#40 = CARTESIAN_POINT('',(174.249,-141.986,1.65));
#41 = DIRECTION('',(0.,0.,1.));
#42 = DIRECTION('',(1.,0.,0.));
#43 = AXIS2_PLACEMENT_3D('',#44,#45,#46);
#44 = CARTESIAN_POINT('',(174.254,-186.944,1.65));
#45 = DIRECTION('',(0.,0.,1.));
#46 = DIRECTION('',(1.,0.,0.));
#47 = AXIS2_PLACEMENT_3D('',#48,#49,#50);
#48 = CARTESIAN_POINT('',(174.254,-171.958,1.65));
#49 = DIRECTION('',(0.,0.,1.));
#50 = DIRECTION('',(1.,0.,0.));
#51 = AXIS2_PLACEMENT_3D('',#52,#53,#54);
#52 = CARTESIAN_POINT('',(193.976,-74.942,1.65));
#53 = DIRECTION('',(0.,-1.,1.110223024625E-16));
#54 = DIRECTION('',(1.,0.,0.));
#55 = AXIS2_PLACEMENT_3D('',#56,#57,#58);
#56 = CARTESIAN_POINT('',(213.976,-74.942,1.65));
#57 = DIRECTION('',(0.,-1.,1.110223024625E-16));
#58 = DIRECTION('',(1.,0.,0.));
#59 = AXIS2_PLACEMENT_3D('',#60,#61,#62);
#60 = CARTESIAN_POINT('',(174.254,-179.324,-5.E-02));
#61 = DIRECTION('',(0.,-1.224646799147E-16,-1.));
#62 = DIRECTION('',(1.,0.,0.));
#63 = AXIS2_PLACEMENT_3D('',#64,#65,#66);
#64 = CARTESIAN_POINT('',(174.254,-194.31,-5.E-02));
#65 = DIRECTION('',(0.,-1.224646799147E-16,-1.));
#66 = DIRECTION('',(1.,0.,0.));
#67 = AXIS2_PLACEMENT_3D('',#68,#69,#70);
#68 = CARTESIAN_POINT('',(174.249,-149.352,-5.E-02));
#69 = DIRECTION('',(0.,-1.224646799147E-16,-1.));
#70 = DIRECTION('',(1.,0.,0.));
#71 = AXIS2_PLACEMENT_3D('',#72,#73,#74);
#72 = CARTESIAN_POINT('',(174.249,-119.38,-5.E-02));
#73 = DIRECTION('',(0.,-1.224646799147E-16,-1.));
#74 = DIRECTION('',(1.,0.,0.));
#75 = AXIS2_PLACEMENT_3D('',#76,#77,#78);
#76 = CARTESIAN_POINT('',(174.249,-164.338,-5.E-02));
#77 = DIRECTION('',(0.,-1.224646799147E-16,-1.));
#78 = DIRECTION('',(1.,0.,0.));
#79 = AXIS2_PLACEMENT_3D('',#80,#81,#82);
#80 = CARTESIAN_POINT('',(174.249,-134.366,-5.E-02));
#81 = DIRECTION('',(0.,-1.224646799147E-16,-1.));
#82 = DIRECTION('',(1.,0.,0.));
#83 = AXIS2_PLACEMENT_3D('',#84,#85,#86);
#84 = CARTESIAN_POINT('',(174.254,-209.296,-5.E-02));
#85 = DIRECTION('',(0.,-1.224646799147E-16,-1.));
#86 = DIRECTION('',(1.,0.,0.));
#87 = AXIS2_PLACEMENT_3D('',#88,#89,#90);
#88 = CARTESIAN_POINT('',(174.249,-104.394,-5.E-02));
#89 = DIRECTION('',(0.,-1.224646799147E-16,-1.));
#90 = DIRECTION('',(1.,0.,0.));
#91 = AXIS2_PLACEMENT_3D('',#92,#93,#94);
#92 = CARTESIAN_POINT('',(0.,0.,0.));
#93 = DIRECTION('',(0.,0.,1.));
#94 = DIRECTION('',(1.,0.,-0.));
#95 = ( GEOMETRIC_REPRESENTATION_CONTEXT(3) 
GLOBAL_UNCERTAINTY_ASSIGNED_CONTEXT((#99)) GLOBAL_UNIT_ASSIGNED_CONTEXT(
(#96,#97,#98)) REPRESENTATION_CONTEXT('Context #1',
  '3D Context with UNIT and UNCERTAINTY') );
#96 = ( LENGTH_UNIT() NAMED_UNIT(*) SI_UNIT(.MILLI.,.METRE.) );
#97 = ( NAMED_UNIT(*) PLANE_ANGLE_UNIT() SI_UNIT($,.RADIAN.) );
#98 = ( NAMED_UNIT(*) SI_UNIT($,.STERADIAN.) SOLID_ANGLE_UNIT() );
#99 = UNCERTAINTY_MEASURE_WITH_UNIT(LENGTH_MEASURE(1.E-07),#96,
  'distance_accuracy_value','confusion accuracy');
#100 = PRODUCT_RELATED_PRODUCT_CATEGORY('part',$,(#7));
#101 = SHAPE_DEFINITION_REPRESENTATION(#102,#108);
#102 = PRODUCT_DEFINITION_SHAPE('','',#103);
#103 = PRODUCT_DEFINITION('design','',#104,#107);
#104 = PRODUCT_DEFINITION_FORMATION('','',#105);
#105 = PRODUCT('R_Axial_Power_L60.0mm_W14.0mm_P66.04mm',
  'R_Axial_Power_L60.0mm_W14.0mm_P66.04mm','',(#106));
#106 = PRODUCT_CONTEXT('',#2,'mechanical');
#107 = PRODUCT_DEFINITION_CONTEXT('part definition',#2,'design');
#108 = SHAPE_REPRESENTATION('',(#11,#109),#113);
#109 = AXIS2_PLACEMENT_3D('',#110,#111,#112);
#110 = CARTESIAN_POINT('',(0.,0.,0.));
#111 = DIRECTION('',(0.,0.,1.));
#112 = DIRECTION('',(1.,0.,-0.));
#113 = ( GEOMETRIC_REPRESENTATION_CONTEXT(3) 
GLOBAL_UNCERTAINTY_ASSIGNED_CONTEXT((#117)) GLOBAL_UNIT_ASSIGNED_CONTEXT
((#114,#115,#116)) REPRESENTATION_CONTEXT('Context #1',
  '3D Context with UNIT and UNCERTAINTY') );
#114 = ( LENGTH_UNIT() NAMED_UNIT(*) SI_UNIT(.MILLI.,.METRE.) );
#115 = ( NAMED_UNIT(*) PLANE_ANGLE_UNIT() SI_UNIT($,.RADIAN.) );
#116 = ( NAMED_UNIT(*) SI_UNIT($,.STERADIAN.) SOLID_ANGLE_UNIT() );
#117 = UNCERTAINTY_MEASURE_WITH_UNIT(LENGTH_MEASURE(1.E-07),#114,
  'distance_accuracy_value','confusion accuracy');
#118 = CONTEXT_DEPENDENT_SHAPE_REPRESENTATION(#119,#121);
#119 = ( REPRESENTATION_RELATIONSHIP('','',#108,#10) 
REPRESENTATION_RELATIONSHIP_WITH_TRANSFORMATION(#120) 
SHAPE_REPRESENTATION_RELATIONSHIP() );
#120 = ITEM_DEFINED_TRANSFORMATION('','',#11,#15);
#121 = PRODUCT_DEFINITION_SHAPE('Placement','Placement of an item',#122
  );
#122 = NEXT_ASSEMBLY_USAGE_OCCURRENCE('2','R1','',#5,#103,$);
#123 = PRODUCT_RELATED_PRODUCT_CATEGORY('part',$,(#105));
#124 = SHAPE_DEFINITION_REPRESENTATION(#125,#131);
#125 = PRODUCT_DEFINITION_SHAPE('','',#126);
#126 = PRODUCT_DEFINITION('design','',#127,#130);
#127 = PRODUCT_DEFINITION_FORMATION('','',#128);
#128 = PRODUCT('R_Axial_Power_L600mm_W140mm_P6604mm',
  'R_Axial_Power_L600mm_W140mm_P6604mm','',(#129));
#129 = PRODUCT_CONTEXT('',#2,'mechanical');
#130 = PRODUCT_DEFINITION_CONTEXT('part definition',#2,'design');
#131 = ADVANCED_BREP_SHAPE_REPRESENTATION('',(#11,#132),#474);
#132 = MANIFOLD_SOLID_BREP('',#133);
#133 = CLOSED_SHELL('',(#134,#174,#205,#236,#264,#292,#304,#329,#354,
    #380,#406,#431,#456,#465));
#134 = ADVANCED_FACE('',(#135),#169,.F.);
#135 = FACE_BOUND('',#136,.F.);
#136 = EDGE_LOOP('',(#137,#147,#155,#163));
#137 = ORIENTED_EDGE('',*,*,#138,.T.);
#138 = EDGE_CURVE('',#139,#141,#143,.T.);
#139 = VERTEX_POINT('',#140);
#140 = CARTESIAN_POINT('',(3.02,-7.,0.));
#141 = VERTEX_POINT('',#142);
#142 = CARTESIAN_POINT('',(63.02,-7.,0.));
#143 = LINE('',#144,#145);
#144 = CARTESIAN_POINT('',(3.02,-7.,0.));
#145 = VECTOR('',#146,1.);
#146 = DIRECTION('',(1.,0.,0.));
#147 = ORIENTED_EDGE('',*,*,#148,.T.);
#148 = EDGE_CURVE('',#141,#149,#151,.T.);
#149 = VERTEX_POINT('',#150);
#150 = CARTESIAN_POINT('',(63.02,7.,0.));
#151 = LINE('',#152,#153);
#152 = CARTESIAN_POINT('',(63.02,-7.,0.));
#153 = VECTOR('',#154,1.);
#154 = DIRECTION('',(0.,1.,0.));
#155 = ORIENTED_EDGE('',*,*,#156,.F.);
#156 = EDGE_CURVE('',#157,#149,#159,.T.);
#157 = VERTEX_POINT('',#158);
#158 = CARTESIAN_POINT('',(3.02,7.,0.));
#159 = LINE('',#160,#161);
#160 = CARTESIAN_POINT('',(3.02,7.,0.));
#161 = VECTOR('',#162,1.);
#162 = DIRECTION('',(1.,0.,0.));
#163 = ORIENTED_EDGE('',*,*,#164,.F.);
#164 = EDGE_CURVE('',#139,#157,#165,.T.);
#165 = LINE('',#166,#167);
#166 = CARTESIAN_POINT('',(3.02,-7.,0.));
#167 = VECTOR('',#168,1.);
#168 = DIRECTION('',(0.,1.,0.));
#169 = PLANE('',#170);
#170 = AXIS2_PLACEMENT_3D('',#171,#172,#173);
#171 = CARTESIAN_POINT('',(3.02,-7.,0.));
#172 = DIRECTION('',(0.,0.,1.));
#173 = DIRECTION('',(0.,1.,0.));
#174 = ADVANCED_FACE('',(#175),#200,.F.);
#175 = FACE_BOUND('',#176,.F.);
#176 = EDGE_LOOP('',(#177,#187,#193,#194));
#177 = ORIENTED_EDGE('',*,*,#178,.T.);
#178 = EDGE_CURVE('',#179,#181,#183,.T.);
#179 = VERTEX_POINT('',#180);
#180 = CARTESIAN_POINT('',(3.02,-7.,14.));
#181 = VERTEX_POINT('',#182);
#182 = CARTESIAN_POINT('',(63.02,-7.,14.));
#183 = LINE('',#184,#185);
#184 = CARTESIAN_POINT('',(3.02,-7.,14.));
#185 = VECTOR('',#186,1.);
#186 = DIRECTION('',(1.,0.,0.));
#187 = ORIENTED_EDGE('',*,*,#188,.T.);
#188 = EDGE_CURVE('',#181,#141,#189,.T.);
#189 = LINE('',#190,#191);
#190 = CARTESIAN_POINT('',(63.02,-7.,14.));
#191 = VECTOR('',#192,1.);
#192 = DIRECTION('',(0.,0.,-1.));
#193 = ORIENTED_EDGE('',*,*,#138,.F.);
#194 = ORIENTED_EDGE('',*,*,#195,.F.);
#195 = EDGE_CURVE('',#179,#139,#196,.T.);
#196 = LINE('',#197,#198);
#197 = CARTESIAN_POINT('',(3.02,-7.,14.));
#198 = VECTOR('',#199,1.);
#199 = DIRECTION('',(0.,0.,-1.));
#200 = PLANE('',#201);
#201 = AXIS2_PLACEMENT_3D('',#202,#203,#204);
#202 = CARTESIAN_POINT('',(3.02,-7.,14.));
#203 = DIRECTION('',(0.,1.,0.));
#204 = DIRECTION('',(0.,0.,-1.));
#205 = ADVANCED_FACE('',(#206),#231,.F.);
#206 = FACE_BOUND('',#207,.F.);
#207 = EDGE_LOOP('',(#208,#209,#217,#225));
#208 = ORIENTED_EDGE('',*,*,#156,.T.);
#209 = ORIENTED_EDGE('',*,*,#210,.T.);
#210 = EDGE_CURVE('',#149,#211,#213,.T.);
#211 = VERTEX_POINT('',#212);
#212 = CARTESIAN_POINT('',(63.02,7.,14.));
#213 = LINE('',#214,#215);
#214 = CARTESIAN_POINT('',(63.02,7.,0.));
#215 = VECTOR('',#216,1.);
#216 = DIRECTION('',(0.,0.,1.));
#217 = ORIENTED_EDGE('',*,*,#218,.F.);
#218 = EDGE_CURVE('',#219,#211,#221,.T.);
#219 = VERTEX_POINT('',#220);
#220 = CARTESIAN_POINT('',(3.02,7.,14.));
#221 = LINE('',#222,#223);
#222 = CARTESIAN_POINT('',(3.02,7.,14.));
#223 = VECTOR('',#224,1.);
#224 = DIRECTION('',(1.,0.,0.));
#225 = ORIENTED_EDGE('',*,*,#226,.F.);
#226 = EDGE_CURVE('',#157,#219,#227,.T.);
#227 = LINE('',#228,#229);
#228 = CARTESIAN_POINT('',(3.02,7.,0.));
#229 = VECTOR('',#230,1.);
#230 = DIRECTION('',(0.,0.,1.));
#231 = PLANE('',#232);
#232 = AXIS2_PLACEMENT_3D('',#233,#234,#235);
#233 = CARTESIAN_POINT('',(3.02,7.,0.));
#234 = DIRECTION('',(0.,-1.,0.));
#235 = DIRECTION('',(0.,0.,1.));
#236 = ADVANCED_FACE('',(#237,#248),#259,.T.);
#237 = FACE_BOUND('',#238,.T.);
#238 = EDGE_LOOP('',(#239,#240,#241,#247));
#239 = ORIENTED_EDGE('',*,*,#164,.F.);
#240 = ORIENTED_EDGE('',*,*,#195,.F.);
#241 = ORIENTED_EDGE('',*,*,#242,.F.);
#242 = EDGE_CURVE('',#219,#179,#243,.T.);
#243 = LINE('',#244,#245);
#244 = CARTESIAN_POINT('',(3.02,7.,14.));
#245 = VECTOR('',#246,1.);
#246 = DIRECTION('',(0.,-1.,0.));
#247 = ORIENTED_EDGE('',*,*,#226,.F.);
#248 = FACE_BOUND('',#249,.T.);
#249 = EDGE_LOOP('',(#250));
#250 = ORIENTED_EDGE('',*,*,#251,.T.);
#251 = EDGE_CURVE('',#252,#252,#254,.T.);
#252 = VERTEX_POINT('',#253);
#253 = CARTESIAN_POINT('',(3.02,0.,6.6));
#254 = CIRCLE('',#255,0.4);
#255 = AXIS2_PLACEMENT_3D('',#256,#257,#258);
#256 = CARTESIAN_POINT('',(3.02,0.,7.));
#257 = DIRECTION('',(1.,-0.,0.));
#258 = DIRECTION('',(0.,0.,-1.));
#259 = PLANE('',#260);
#260 = AXIS2_PLACEMENT_3D('',#261,#262,#263);
#261 = CARTESIAN_POINT('',(3.02,-7.,0.));
#262 = DIRECTION('',(-1.,0.,0.));
#263 = DIRECTION('',(0.,0.,-1.));
#264 = ADVANCED_FACE('',(#265,#276),#287,.F.);
#265 = FACE_BOUND('',#266,.F.);
#266 = EDGE_LOOP('',(#267,#268,#269,#275));
#267 = ORIENTED_EDGE('',*,*,#148,.F.);
#268 = ORIENTED_EDGE('',*,*,#188,.F.);
#269 = ORIENTED_EDGE('',*,*,#270,.F.);
#270 = EDGE_CURVE('',#211,#181,#271,.T.);
#271 = LINE('',#272,#273);
#272 = CARTESIAN_POINT('',(63.02,7.,14.));
#273 = VECTOR('',#274,1.);
#274 = DIRECTION('',(0.,-1.,0.));
#275 = ORIENTED_EDGE('',*,*,#210,.F.);
#276 = FACE_BOUND('',#277,.F.);
#277 = EDGE_LOOP('',(#278));
#278 = ORIENTED_EDGE('',*,*,#279,.T.);
#279 = EDGE_CURVE('',#280,#280,#282,.T.);
#280 = VERTEX_POINT('',#281);
#281 = CARTESIAN_POINT('',(63.02,0.,6.6));
#282 = CIRCLE('',#283,0.4);
#283 = AXIS2_PLACEMENT_3D('',#284,#285,#286);
#284 = CARTESIAN_POINT('',(63.02,0.,7.));
#285 = DIRECTION('',(1.,-0.,0.));
#286 = DIRECTION('',(0.,0.,-1.));
#287 = PLANE('',#288);
#288 = AXIS2_PLACEMENT_3D('',#289,#290,#291);
#289 = CARTESIAN_POINT('',(63.02,-7.,0.));
#290 = DIRECTION('',(-1.,0.,0.));
#291 = DIRECTION('',(0.,0.,-1.));
#292 = ADVANCED_FACE('',(#293),#299,.F.);
#293 = FACE_BOUND('',#294,.F.);
#294 = EDGE_LOOP('',(#295,#296,#297,#298));
#295 = ORIENTED_EDGE('',*,*,#218,.T.);
#296 = ORIENTED_EDGE('',*,*,#270,.T.);
#297 = ORIENTED_EDGE('',*,*,#178,.F.);
#298 = ORIENTED_EDGE('',*,*,#242,.F.);
#299 = PLANE('',#300);
#300 = AXIS2_PLACEMENT_3D('',#301,#302,#303);
#301 = CARTESIAN_POINT('',(3.02,7.,14.));
#302 = DIRECTION('',(0.,0.,-1.));
#303 = DIRECTION('',(0.,-1.,0.));
#304 = ADVANCED_FACE('',(#305),#324,.T.);
#305 = FACE_BOUND('',#306,.T.);
#306 = EDGE_LOOP('',(#307,#316,#322,#323));
#307 = ORIENTED_EDGE('',*,*,#308,.F.);
#308 = EDGE_CURVE('',#309,#309,#311,.T.);
#309 = VERTEX_POINT('',#310);
#310 = CARTESIAN_POINT('',(1.2,0.,6.6));
#311 = CIRCLE('',#312,0.4);
#312 = AXIS2_PLACEMENT_3D('',#313,#314,#315);
#313 = CARTESIAN_POINT('',(1.2,0.,7.));
#314 = DIRECTION('',(-1.,0.,-1.763574311049E-15));
#315 = DIRECTION('',(-1.763574311049E-15,0.,1.));
#316 = ORIENTED_EDGE('',*,*,#317,.T.);
#317 = EDGE_CURVE('',#309,#252,#318,.T.);
#318 = LINE('',#319,#320);
#319 = CARTESIAN_POINT('',(1.2,0.,6.6));
#320 = VECTOR('',#321,1.);
#321 = DIRECTION('',(1.,0.,0.));
#322 = ORIENTED_EDGE('',*,*,#251,.F.);
#323 = ORIENTED_EDGE('',*,*,#317,.F.);
#324 = CYLINDRICAL_SURFACE('',#325,0.4);
#325 = AXIS2_PLACEMENT_3D('',#326,#327,#328);
#326 = CARTESIAN_POINT('',(1.2,0.,7.));
#327 = DIRECTION('',(1.,0.,0.));
#328 = DIRECTION('',(0.,0.,-1.));
#329 = ADVANCED_FACE('',(#330),#349,.T.);
#330 = FACE_BOUND('',#331,.T.);
#331 = EDGE_LOOP('',(#332,#333,#341,#348));
#332 = ORIENTED_EDGE('',*,*,#279,.T.);
#333 = ORIENTED_EDGE('',*,*,#334,.T.);
#334 = EDGE_CURVE('',#280,#335,#337,.T.);
#335 = VERTEX_POINT('',#336);
#336 = CARTESIAN_POINT('',(64.84,0.,6.6));
#337 = LINE('',#338,#339);
#338 = CARTESIAN_POINT('',(1.2,0.,6.6));
#339 = VECTOR('',#340,1.);
#340 = DIRECTION('',(1.,0.,0.));
#341 = ORIENTED_EDGE('',*,*,#342,.F.);
#342 = EDGE_CURVE('',#335,#335,#343,.T.);
#343 = CIRCLE('',#344,0.4);
#344 = AXIS2_PLACEMENT_3D('',#345,#346,#347);
#345 = CARTESIAN_POINT('',(64.84,0.,7.));
#346 = DIRECTION('',(1.,-0.,0.));
#347 = DIRECTION('',(0.,0.,-1.));
#348 = ORIENTED_EDGE('',*,*,#334,.F.);
#349 = CYLINDRICAL_SURFACE('',#350,0.4);
#350 = AXIS2_PLACEMENT_3D('',#351,#352,#353);
#351 = CARTESIAN_POINT('',(1.2,0.,7.));
#352 = DIRECTION('',(1.,0.,0.));
#353 = DIRECTION('',(0.,0.,-1.));
#354 = ADVANCED_FACE('',(#355),#375,.T.);
#355 = FACE_BOUND('',#356,.T.);
#356 = EDGE_LOOP('',(#357,#366,#367,#368));
#357 = ORIENTED_EDGE('',*,*,#358,.T.);
#358 = EDGE_CURVE('',#359,#309,#361,.T.);
#359 = VERTEX_POINT('',#360);
#360 = CARTESIAN_POINT('',(0.4,0.,5.8));
#361 = CIRCLE('',#362,0.8);
#362 = AXIS2_PLACEMENT_3D('',#363,#364,#365);
#363 = CARTESIAN_POINT('',(1.2,1.469576158977E-16,5.8));
#364 = DIRECTION('',(0.,1.,-0.));
#365 = DIRECTION('',(-1.,0.,2.960594732334E-15));
#366 = ORIENTED_EDGE('',*,*,#308,.T.);
#367 = ORIENTED_EDGE('',*,*,#358,.F.);
#368 = ORIENTED_EDGE('',*,*,#369,.T.);
#369 = EDGE_CURVE('',#359,#359,#370,.T.);
#370 = CIRCLE('',#371,0.4);
#371 = AXIS2_PLACEMENT_3D('',#372,#373,#374);
#372 = CARTESIAN_POINT('',(0.,0.,5.8));
#373 = DIRECTION('',(0.,0.,1.));
#374 = DIRECTION('',(1.,0.,-0.));
#375 = TOROIDAL_SURFACE('',#376,1.2,0.4);
#376 = AXIS2_PLACEMENT_3D('',#377,#378,#379);
#377 = CARTESIAN_POINT('',(1.2,0.,5.8));
#378 = DIRECTION('',(0.,1.,0.));
#379 = DIRECTION('',(-1.,0.,2.960594732334E-15));
#380 = ADVANCED_FACE('',(#381),#401,.T.);
#381 = FACE_BOUND('',#382,.T.);
#382 = EDGE_LOOP('',(#383,#392,#399,#400));
#383 = ORIENTED_EDGE('',*,*,#384,.T.);
#384 = EDGE_CURVE('',#335,#385,#387,.T.);
#385 = VERTEX_POINT('',#386);
#386 = CARTESIAN_POINT('',(65.64,0.,5.8));
#387 = CIRCLE('',#388,0.8);
#388 = AXIS2_PLACEMENT_3D('',#389,#390,#391);
#389 = CARTESIAN_POINT('',(64.84,-5.537384270183E-15,5.8));
#390 = DIRECTION('',(-0.,1.,0.));
#391 = DIRECTION('',(1.184237892933E-14,0.,1.));
#392 = ORIENTED_EDGE('',*,*,#393,.T.);
#393 = EDGE_CURVE('',#385,#385,#394,.T.);
#394 = CIRCLE('',#395,0.4);
#395 = AXIS2_PLACEMENT_3D('',#396,#397,#398);
#396 = CARTESIAN_POINT('',(66.04,0.,5.8));
#397 = DIRECTION('',(-1.175558153268E-14,0.,1.));
#398 = DIRECTION('',(1.,0.,1.175558153268E-14));
#399 = ORIENTED_EDGE('',*,*,#384,.F.);
#400 = ORIENTED_EDGE('',*,*,#342,.T.);
#401 = TOROIDAL_SURFACE('',#402,1.2,0.4);
#402 = AXIS2_PLACEMENT_3D('',#403,#404,#405);
#403 = CARTESIAN_POINT('',(64.84,0.,5.8));
#404 = DIRECTION('',(0.,1.,0.));
#405 = DIRECTION('',(1.184237892933E-14,-0.,1.));
#406 = ADVANCED_FACE('',(#407),#426,.T.);
#407 = FACE_BOUND('',#408,.T.);
#408 = EDGE_LOOP('',(#409,#417,#418,#419));
#409 = ORIENTED_EDGE('',*,*,#410,.T.);
#410 = EDGE_CURVE('',#411,#359,#413,.T.);
#411 = VERTEX_POINT('',#412);
#412 = CARTESIAN_POINT('',(0.4,-9.797174393179E-17,-3.));
#413 = LINE('',#414,#415);
#414 = CARTESIAN_POINT('',(0.4,0.,-3.));
#415 = VECTOR('',#416,1.);
#416 = DIRECTION('',(0.,0.,1.));
#417 = ORIENTED_EDGE('',*,*,#369,.F.);
#418 = ORIENTED_EDGE('',*,*,#410,.F.);
#419 = ORIENTED_EDGE('',*,*,#420,.T.);
#420 = EDGE_CURVE('',#411,#411,#421,.T.);
#421 = CIRCLE('',#422,0.4);
#422 = AXIS2_PLACEMENT_3D('',#423,#424,#425);
#423 = CARTESIAN_POINT('',(0.,0.,-3.));
#424 = DIRECTION('',(0.,0.,1.));
#425 = DIRECTION('',(1.,0.,-0.));
#426 = CYLINDRICAL_SURFACE('',#427,0.4);
#427 = AXIS2_PLACEMENT_3D('',#428,#429,#430);
#428 = CARTESIAN_POINT('',(0.,0.,-3.));
#429 = DIRECTION('',(0.,0.,1.));
#430 = DIRECTION('',(1.,0.,-0.));
#431 = ADVANCED_FACE('',(#432),#451,.T.);
#432 = FACE_BOUND('',#433,.T.);
#433 = EDGE_LOOP('',(#434,#442,#449,#450));
#434 = ORIENTED_EDGE('',*,*,#435,.T.);
#435 = EDGE_CURVE('',#385,#436,#438,.T.);
#436 = VERTEX_POINT('',#437);
#437 = CARTESIAN_POINT('',(65.64,-9.797174393179E-17,-3.));
#438 = LINE('',#439,#440);
#439 = CARTESIAN_POINT('',(65.64,0.,5.8));
#440 = VECTOR('',#441,1.);
#441 = DIRECTION('',(0.,0.,-1.));
#442 = ORIENTED_EDGE('',*,*,#443,.F.);
#443 = EDGE_CURVE('',#436,#436,#444,.T.);
#444 = CIRCLE('',#445,0.4);
#445 = AXIS2_PLACEMENT_3D('',#446,#447,#448);
#446 = CARTESIAN_POINT('',(66.04,0.,-3.));
#447 = DIRECTION('',(0.,0.,-1.));
#448 = DIRECTION('',(-1.,0.,0.));
#449 = ORIENTED_EDGE('',*,*,#435,.F.);
#450 = ORIENTED_EDGE('',*,*,#393,.F.);
#451 = CYLINDRICAL_SURFACE('',#452,0.4);
#452 = AXIS2_PLACEMENT_3D('',#453,#454,#455);
#453 = CARTESIAN_POINT('',(66.04,0.,5.8));
#454 = DIRECTION('',(0.,0.,-1.));
#455 = DIRECTION('',(-1.,0.,0.));
#456 = ADVANCED_FACE('',(#457),#460,.T.);
#457 = FACE_BOUND('',#458,.F.);
#458 = EDGE_LOOP('',(#459));
#459 = ORIENTED_EDGE('',*,*,#420,.T.);
#460 = PLANE('',#461);
#461 = AXIS2_PLACEMENT_3D('',#462,#463,#464);
#462 = CARTESIAN_POINT('',(0.4,0.,-3.));
#463 = DIRECTION('',(0.,0.,-1.));
#464 = DIRECTION('',(-1.,0.,0.));
#465 = ADVANCED_FACE('',(#466),#469,.F.);
#466 = FACE_BOUND('',#467,.T.);
#467 = EDGE_LOOP('',(#468));
#468 = ORIENTED_EDGE('',*,*,#443,.T.);
#469 = PLANE('',#470);
#470 = AXIS2_PLACEMENT_3D('',#471,#472,#473);
#471 = CARTESIAN_POINT('',(65.64,0.,-3.));
#472 = DIRECTION('',(0.,0.,1.));
#473 = DIRECTION('',(1.,0.,-0.));
#474 = ( GEOMETRIC_REPRESENTATION_CONTEXT(3) 
GLOBAL_UNCERTAINTY_ASSIGNED_CONTEXT((#478)) GLOBAL_UNIT_ASSIGNED_CONTEXT
((#475,#476,#477)) REPRESENTATION_CONTEXT('Context #1',
  '3D Context with UNIT and UNCERTAINTY') );
#475 = ( LENGTH_UNIT() NAMED_UNIT(*) SI_UNIT(.MILLI.,.METRE.) );
#476 = ( NAMED_UNIT(*) PLANE_ANGLE_UNIT() SI_UNIT($,.RADIAN.) );
#477 = ( NAMED_UNIT(*) SI_UNIT($,.STERADIAN.) SOLID_ANGLE_UNIT() );
#478 = UNCERTAINTY_MEASURE_WITH_UNIT(LENGTH_MEASURE(1.E-07),#475,
  'distance_accuracy_value','confusion accuracy');
#479 = CONTEXT_DEPENDENT_SHAPE_REPRESENTATION(#480,#482);
#480 = ( REPRESENTATION_RELATIONSHIP('','',#131,#108) 
REPRESENTATION_RELATIONSHIP_WITH_TRANSFORMATION(#481) 
SHAPE_REPRESENTATION_RELATIONSHIP() );
#481 = ITEM_DEFINED_TRANSFORMATION('','',#11,#109);
#482 = PRODUCT_DEFINITION_SHAPE('Placement','Placement of an item',#483
  );
#483 = NEXT_ASSEMBLY_USAGE_OCCURRENCE('1','=>[0:1:1:3]','',#103,#126,$);
#484 = PRODUCT_RELATED_PRODUCT_CATEGORY('part',$,(#128));
#485 = CONTEXT_DEPENDENT_SHAPE_REPRESENTATION(#486,#488);
#486 = ( REPRESENTATION_RELATIONSHIP('','',#108,#10) 
REPRESENTATION_RELATIONSHIP_WITH_TRANSFORMATION(#487) 
SHAPE_REPRESENTATION_RELATIONSHIP() );
#487 = ITEM_DEFINED_TRANSFORMATION('','',#11,#19);
#488 = PRODUCT_DEFINITION_SHAPE('Placement','Placement of an item',#489
  );
#489 = NEXT_ASSEMBLY_USAGE_OCCURRENCE('3','R12','',#5,#103,$);
#490 = CONTEXT_DEPENDENT_SHAPE_REPRESENTATION(#491,#493);
#491 = ( REPRESENTATION_RELATIONSHIP('','',#108,#10) 
REPRESENTATION_RELATIONSHIP_WITH_TRANSFORMATION(#492) 
SHAPE_REPRESENTATION_RELATIONSHIP() );
#492 = ITEM_DEFINED_TRANSFORMATION('','',#11,#23);
#493 = PRODUCT_DEFINITION_SHAPE('Placement','Placement of an item',#494
  );
#494 = NEXT_ASSEMBLY_USAGE_OCCURRENCE('4','R9','',#5,#103,$);
#495 = CONTEXT_DEPENDENT_SHAPE_REPRESENTATION(#496,#498);
#496 = ( REPRESENTATION_RELATIONSHIP('','',#108,#10) 
REPRESENTATION_RELATIONSHIP_WITH_TRANSFORMATION(#497) 
SHAPE_REPRESENTATION_RELATIONSHIP() );
#497 = ITEM_DEFINED_TRANSFORMATION('','',#11,#27);
#498 = PRODUCT_DEFINITION_SHAPE('Placement','Placement of an item',#499
  );
#499 = NEXT_ASSEMBLY_USAGE_OCCURRENCE('5','R2','',#5,#103,$);
#500 = CONTEXT_DEPENDENT_SHAPE_REPRESENTATION(#501,#503);
#501 = ( REPRESENTATION_RELATIONSHIP('','',#108,#10) 
REPRESENTATION_RELATIONSHIP_WITH_TRANSFORMATION(#502) 
SHAPE_REPRESENTATION_RELATIONSHIP() );
#502 = ITEM_DEFINED_TRANSFORMATION('','',#11,#31);
#503 = PRODUCT_DEFINITION_SHAPE('Placement','Placement of an item',#504
  );
#504 = NEXT_ASSEMBLY_USAGE_OCCURRENCE('6','R3','',#5,#103,$);
#505 = SHAPE_DEFINITION_REPRESENTATION(#506,#512);
#506 = PRODUCT_DEFINITION_SHAPE('','',#507);
#507 = PRODUCT_DEFINITION('design','',#508,#511);
#508 = PRODUCT_DEFINITION_FORMATION('','',#509);
#509 = PRODUCT('039288020','039288020','',(#510));
#510 = PRODUCT_CONTEXT('',#2,'mechanical');
#511 = PRODUCT_DEFINITION_CONTEXT('part definition',#2,'design');
#512 = SHAPE_REPRESENTATION('',(#11,#513),#517);
#513 = AXIS2_PLACEMENT_3D('',#514,#515,#516);
#514 = CARTESIAN_POINT('',(0.,0.,0.));
#515 = DIRECTION('',(0.,0.,1.));
#516 = DIRECTION('',(1.,0.,-0.));
#517 = ( GEOMETRIC_REPRESENTATION_CONTEXT(3) 
GLOBAL_UNCERTAINTY_ASSIGNED_CONTEXT((#521)) GLOBAL_UNIT_ASSIGNED_CONTEXT
((#518,#519,#520)) REPRESENTATION_CONTEXT('Context #1',
  '3D Context with UNIT and UNCERTAINTY') );
#518 = ( LENGTH_UNIT() NAMED_UNIT(*) SI_UNIT(.MILLI.,.METRE.) );
#519 = ( NAMED_UNIT(*) PLANE_ANGLE_UNIT() SI_UNIT($,.RADIAN.) );
#520 = ( NAMED_UNIT(*) SI_UNIT($,.STERADIAN.) SOLID_ANGLE_UNIT() );
#521 = UNCERTAINTY_MEASURE_WITH_UNIT(LENGTH_MEASURE(1.E-07),#518,
  'distance_accuracy_value','confusion accuracy');
#522 = CONTEXT_DEPENDENT_SHAPE_REPRESENTATION(#523,#525);
#523 = ( REPRESENTATION_RELATIONSHIP('','',#512,#10) 
REPRESENTATION_RELATIONSHIP_WITH_TRANSFORMATION(#524) 
SHAPE_REPRESENTATION_RELATIONSHIP() );
#524 = ITEM_DEFINED_TRANSFORMATION('','',#11,#35);
#525 = PRODUCT_DEFINITION_SHAPE('Placement','Placement of an item',#526
  );
#526 = NEXT_ASSEMBLY_USAGE_OCCURRENCE('8','J3','',#5,#507,$);
#527 = PRODUCT_RELATED_PRODUCT_CATEGORY('part',$,(#509));
#528 = SHAPE_DEFINITION_REPRESENTATION(#529,#535);
#529 = PRODUCT_DEFINITION_SHAPE('','',#530);
#530 = PRODUCT_DEFINITION('design','',#531,#534);
#531 = PRODUCT_DEFINITION_FORMATION('','',#532);
#532 = PRODUCT('039288020','039288020','',(#533));
#533 = PRODUCT_CONTEXT('',#2,'mechanical');
#534 = PRODUCT_DEFINITION_CONTEXT('part definition',#2,'design');
#535 = SHAPE_REPRESENTATION('',(#11,#536,#2875,#2892),#2909);
#536 = MANIFOLD_SOLID_BREP('',#537);
#537 = CLOSED_SHELL('',(#538,#594,#650,#681,#712,#784,#873,#904,#951,
    #984,#1008,#1048,#1072,#1096,#1120,#1151,#1182,#1222,#1262,#1286,
    #1376,#1445,#1515,#1532,#1561,#1575,#1587,#1599,#1625,#1658,#1676,
    #1795,#1826,#1850,#1874,#1891,#1903,#1929,#1941,#1953,#1965,#1996,
    #2020,#2044,#2061,#2107,#2197,#2219,#2236,#2253,#2270,#2287,#2299,
    #2338,#2377,#2416,#2455,#2479,#2511,#2550,#2589,#2628,#2645,#2662,
    #2674,#2691,#2708,#2725,#2737,#2754,#2771,#2788,#2800,#2817,#2834,
    #2851,#2863));
#538 = ADVANCED_FACE('',(#539),#589,.F.);
#539 = FACE_BOUND('',#540,.F.);
#540 = EDGE_LOOP('',(#541,#551,#559,#567,#575,#583));
#541 = ORIENTED_EDGE('',*,*,#542,.T.);
#542 = EDGE_CURVE('',#543,#545,#547,.T.);
#543 = VERTEX_POINT('',#544);
#544 = CARTESIAN_POINT('',(-2.7,0.2,-1.59));
#545 = VERTEX_POINT('',#546);
#546 = CARTESIAN_POINT('',(-2.7,12.8,-1.59));
#547 = LINE('',#548,#549);
#548 = CARTESIAN_POINT('',(-2.7,0.2,-1.59));
#549 = VECTOR('',#550,1.);
#550 = DIRECTION('',(0.,1.,0.));
#551 = ORIENTED_EDGE('',*,*,#552,.T.);
#552 = EDGE_CURVE('',#545,#553,#555,.T.);
#553 = VERTEX_POINT('',#554);
#554 = CARTESIAN_POINT('',(-2.7,12.8,4.8));
#555 = LINE('',#556,#557);
#556 = CARTESIAN_POINT('',(-2.7,12.8,-1.59));
#557 = VECTOR('',#558,1.);
#558 = DIRECTION('',(0.,0.,1.));
#559 = ORIENTED_EDGE('',*,*,#560,.T.);
#560 = EDGE_CURVE('',#553,#561,#563,.T.);
#561 = VERTEX_POINT('',#562);
#562 = CARTESIAN_POINT('',(-2.7,0.,4.8));
#563 = LINE('',#564,#565);
#564 = CARTESIAN_POINT('',(-2.7,12.8,4.8));
#565 = VECTOR('',#566,1.);
#566 = DIRECTION('',(0.,-1.,0.));
#567 = ORIENTED_EDGE('',*,*,#568,.T.);
#568 = EDGE_CURVE('',#561,#569,#571,.T.);
#569 = VERTEX_POINT('',#570);
#570 = CARTESIAN_POINT('',(-2.7,0.,3.8));
#571 = LINE('',#572,#573);
#572 = CARTESIAN_POINT('',(-2.7,0.,4.8));
#573 = VECTOR('',#574,1.);
#574 = DIRECTION('',(0.,0.,-1.));
#575 = ORIENTED_EDGE('',*,*,#576,.T.);
#576 = EDGE_CURVE('',#569,#577,#579,.T.);
#577 = VERTEX_POINT('',#578);
#578 = CARTESIAN_POINT('',(-2.7,0.2,3.8));
#579 = LINE('',#580,#581);
#580 = CARTESIAN_POINT('',(-2.7,0.,3.8));
#581 = VECTOR('',#582,1.);
#582 = DIRECTION('',(0.,1.,0.));
#583 = ORIENTED_EDGE('',*,*,#584,.F.);
#584 = EDGE_CURVE('',#543,#577,#585,.T.);
#585 = LINE('',#586,#587);
#586 = CARTESIAN_POINT('',(-2.7,0.2,-1.59));
#587 = VECTOR('',#588,1.);
#588 = DIRECTION('',(0.,0.,1.));
#589 = PLANE('',#590);
#590 = AXIS2_PLACEMENT_3D('',#591,#592,#593);
#591 = CARTESIAN_POINT('',(-2.7,0.,0.));
#592 = DIRECTION('',(1.,0.,0.));
#593 = DIRECTION('',(0.,0.,-1.));
#594 = ADVANCED_FACE('',(#595),#645,.F.);
#595 = FACE_BOUND('',#596,.F.);
#596 = EDGE_LOOP('',(#597,#607,#615,#623,#631,#639));
#597 = ORIENTED_EDGE('',*,*,#598,.F.);
#598 = EDGE_CURVE('',#599,#601,#603,.T.);
#599 = VERTEX_POINT('',#600);
#600 = CARTESIAN_POINT('',(-2.7,0.2,-3.39));
#601 = VERTEX_POINT('',#602);
#602 = CARTESIAN_POINT('',(-2.7,12.8,-3.39));
#603 = LINE('',#604,#605);
#604 = CARTESIAN_POINT('',(-2.7,0.2,-3.39));
#605 = VECTOR('',#606,1.);
#606 = DIRECTION('',(0.,1.,0.));
#607 = ORIENTED_EDGE('',*,*,#608,.F.);
#608 = EDGE_CURVE('',#609,#599,#611,.T.);
#609 = VERTEX_POINT('',#610);
#610 = CARTESIAN_POINT('',(-2.7,0.2,-3.8));
#611 = LINE('',#612,#613);
#612 = CARTESIAN_POINT('',(-2.7,0.2,-3.8));
#613 = VECTOR('',#614,1.);
#614 = DIRECTION('',(0.,0.,1.));
#615 = ORIENTED_EDGE('',*,*,#616,.F.);
#616 = EDGE_CURVE('',#617,#609,#619,.T.);
#617 = VERTEX_POINT('',#618);
#618 = CARTESIAN_POINT('',(-2.7,0.,-3.8));
#619 = LINE('',#620,#621);
#620 = CARTESIAN_POINT('',(-2.7,0.,-3.8));
#621 = VECTOR('',#622,1.);
#622 = DIRECTION('',(0.,1.,0.));
#623 = ORIENTED_EDGE('',*,*,#624,.T.);
#624 = EDGE_CURVE('',#617,#625,#627,.T.);
#625 = VERTEX_POINT('',#626);
#626 = CARTESIAN_POINT('',(-2.7,0.,-4.8));
#627 = LINE('',#628,#629);
#628 = CARTESIAN_POINT('',(-2.7,0.,-3.8));
#629 = VECTOR('',#630,1.);
#630 = DIRECTION('',(0.,0.,-1.));
#631 = ORIENTED_EDGE('',*,*,#632,.T.);
#632 = EDGE_CURVE('',#625,#633,#635,.T.);
#633 = VERTEX_POINT('',#634);
#634 = CARTESIAN_POINT('',(-2.7,12.8,-4.8));
#635 = LINE('',#636,#637);
#636 = CARTESIAN_POINT('',(-2.7,0.,-4.8));
#637 = VECTOR('',#638,1.);
#638 = DIRECTION('',(0.,1.,0.));
#639 = ORIENTED_EDGE('',*,*,#640,.T.);
#640 = EDGE_CURVE('',#633,#601,#641,.T.);
#641 = LINE('',#642,#643);
#642 = CARTESIAN_POINT('',(-2.7,12.8,-4.8));
#643 = VECTOR('',#644,1.);
#644 = DIRECTION('',(0.,0.,1.));
#645 = PLANE('',#646);
#646 = AXIS2_PLACEMENT_3D('',#647,#648,#649);
#647 = CARTESIAN_POINT('',(-2.7,0.,0.));
#648 = DIRECTION('',(1.,0.,0.));
#649 = DIRECTION('',(0.,0.,-1.));
#650 = ADVANCED_FACE('',(#651),#676,.T.);
#651 = FACE_BOUND('',#652,.F.);
#652 = EDGE_LOOP('',(#653,#663,#669,#670));
#653 = ORIENTED_EDGE('',*,*,#654,.F.);
#654 = EDGE_CURVE('',#655,#657,#659,.T.);
#655 = VERTEX_POINT('',#656);
#656 = CARTESIAN_POINT('',(-3.1,12.8,-1.99));
#657 = VERTEX_POINT('',#658);
#658 = CARTESIAN_POINT('',(-3.1,0.2,-1.99));
#659 = LINE('',#660,#661);
#660 = CARTESIAN_POINT('',(-3.1,12.8,-1.99));
#661 = VECTOR('',#662,1.);
#662 = DIRECTION('',(0.,-1.,0.));
#663 = ORIENTED_EDGE('',*,*,#664,.F.);
#664 = EDGE_CURVE('',#545,#655,#665,.T.);
#665 = LINE('',#666,#667);
#666 = CARTESIAN_POINT('',(-2.7,12.8,-1.59));
#667 = VECTOR('',#668,1.);
#668 = DIRECTION('',(-0.707106781187,0.,-0.707106781187));
#669 = ORIENTED_EDGE('',*,*,#542,.F.);
#670 = ORIENTED_EDGE('',*,*,#671,.T.);
#671 = EDGE_CURVE('',#543,#657,#672,.T.);
#672 = LINE('',#673,#674);
#673 = CARTESIAN_POINT('',(-2.7,0.2,-1.59));
#674 = VECTOR('',#675,1.);
#675 = DIRECTION('',(-0.707106781187,0.,-0.707106781187));
#676 = PLANE('',#677);
#677 = AXIS2_PLACEMENT_3D('',#678,#679,#680);
#678 = CARTESIAN_POINT('',(-2.7,12.8,-1.59));
#679 = DIRECTION('',(-0.707106781187,0.,0.707106781187));
#680 = DIRECTION('',(-0.707106781187,0.,-0.707106781187));
#681 = ADVANCED_FACE('',(#682),#707,.T.);
#682 = FACE_BOUND('',#683,.F.);
#683 = EDGE_LOOP('',(#684,#685,#693,#701));
#684 = ORIENTED_EDGE('',*,*,#654,.T.);
#685 = ORIENTED_EDGE('',*,*,#686,.T.);
#686 = EDGE_CURVE('',#657,#687,#689,.T.);
#687 = VERTEX_POINT('',#688);
#688 = CARTESIAN_POINT('',(-3.1,0.2,-2.99));
#689 = LINE('',#690,#691);
#690 = CARTESIAN_POINT('',(-3.1,0.2,-1.99));
#691 = VECTOR('',#692,1.);
#692 = DIRECTION('',(0.,0.,-1.));
#693 = ORIENTED_EDGE('',*,*,#694,.F.);
#694 = EDGE_CURVE('',#695,#687,#697,.T.);
#695 = VERTEX_POINT('',#696);
#696 = CARTESIAN_POINT('',(-3.1,12.8,-2.99));
#697 = LINE('',#698,#699);
#698 = CARTESIAN_POINT('',(-3.1,12.8,-2.99));
#699 = VECTOR('',#700,1.);
#700 = DIRECTION('',(0.,-1.,0.));
#701 = ORIENTED_EDGE('',*,*,#702,.F.);
#702 = EDGE_CURVE('',#655,#695,#703,.T.);
#703 = LINE('',#704,#705);
#704 = CARTESIAN_POINT('',(-3.1,12.8,-1.99));
#705 = VECTOR('',#706,1.);
#706 = DIRECTION('',(0.,0.,-1.));
#707 = PLANE('',#708);
#708 = AXIS2_PLACEMENT_3D('',#709,#710,#711);
#709 = CARTESIAN_POINT('',(-3.1,12.8,-1.99));
#710 = DIRECTION('',(-1.,0.,0.));
#711 = DIRECTION('',(0.,0.,-1.));
#712 = ADVANCED_FACE('',(#713),#779,.T.);
#713 = FACE_BOUND('',#714,.F.);
#714 = EDGE_LOOP('',(#715,#725,#733,#741,#749,#757,#763,#764,#770,#771,
    #772,#773));
#715 = ORIENTED_EDGE('',*,*,#716,.F.);
#716 = EDGE_CURVE('',#717,#719,#721,.T.);
#717 = VERTEX_POINT('',#718);
#718 = CARTESIAN_POINT('',(-1.3,0.2,0.5));
#719 = VERTEX_POINT('',#720);
#720 = CARTESIAN_POINT('',(-1.3,0.2,3.8));
#721 = LINE('',#722,#723);
#722 = CARTESIAN_POINT('',(-1.3,0.2,0.5));
#723 = VECTOR('',#724,1.);
#724 = DIRECTION('',(0.,0.,1.));
#725 = ORIENTED_EDGE('',*,*,#726,.F.);
#726 = EDGE_CURVE('',#727,#717,#729,.T.);
#727 = VERTEX_POINT('',#728);
#728 = CARTESIAN_POINT('',(-1.7,0.2,0.5));
#729 = LINE('',#730,#731);
#730 = CARTESIAN_POINT('',(-1.7,0.2,0.5));
#731 = VECTOR('',#732,1.);
#732 = DIRECTION('',(1.,0.,0.));
#733 = ORIENTED_EDGE('',*,*,#734,.F.);
#734 = EDGE_CURVE('',#735,#727,#737,.T.);
#735 = VERTEX_POINT('',#736);
#736 = CARTESIAN_POINT('',(-1.7,0.2,-0.5));
#737 = LINE('',#738,#739);
#738 = CARTESIAN_POINT('',(-1.7,0.2,-0.5));
#739 = VECTOR('',#740,1.);
#740 = DIRECTION('',(0.,0.,1.));
#741 = ORIENTED_EDGE('',*,*,#742,.F.);
#742 = EDGE_CURVE('',#743,#735,#745,.T.);
#743 = VERTEX_POINT('',#744);
#744 = CARTESIAN_POINT('',(-1.3,0.2,-0.5));
#745 = LINE('',#746,#747);
#746 = CARTESIAN_POINT('',(-1.3,0.2,-0.5));
#747 = VECTOR('',#748,1.);
#748 = DIRECTION('',(-1.,0.,0.));
#749 = ORIENTED_EDGE('',*,*,#750,.F.);
#750 = EDGE_CURVE('',#751,#743,#753,.T.);
#751 = VERTEX_POINT('',#752);
#752 = CARTESIAN_POINT('',(-1.3,0.2,-3.8));
#753 = LINE('',#754,#755);
#754 = CARTESIAN_POINT('',(-1.3,0.2,-3.8));
#755 = VECTOR('',#756,1.);
#756 = DIRECTION('',(0.,0.,1.));
#757 = ORIENTED_EDGE('',*,*,#758,.F.);
#758 = EDGE_CURVE('',#609,#751,#759,.T.);
#759 = LINE('',#760,#761);
#760 = CARTESIAN_POINT('',(-2.7,0.2,-3.8));
#761 = VECTOR('',#762,1.);
#762 = DIRECTION('',(1.,0.,0.));
#763 = ORIENTED_EDGE('',*,*,#608,.T.);
#764 = ORIENTED_EDGE('',*,*,#765,.F.);
#765 = EDGE_CURVE('',#687,#599,#766,.T.);
#766 = LINE('',#767,#768);
#767 = CARTESIAN_POINT('',(-3.1,0.2,-2.99));
#768 = VECTOR('',#769,1.);
#769 = DIRECTION('',(0.707106781187,0.,-0.707106781187));
#770 = ORIENTED_EDGE('',*,*,#686,.F.);
#771 = ORIENTED_EDGE('',*,*,#671,.F.);
#772 = ORIENTED_EDGE('',*,*,#584,.T.);
#773 = ORIENTED_EDGE('',*,*,#774,.F.);
#774 = EDGE_CURVE('',#719,#577,#775,.T.);
#775 = LINE('',#776,#777);
#776 = CARTESIAN_POINT('',(-1.3,0.2,3.8));
#777 = VECTOR('',#778,1.);
#778 = DIRECTION('',(-1.,0.,0.));
#779 = PLANE('',#780);
#780 = AXIS2_PLACEMENT_3D('',#781,#782,#783);
#781 = CARTESIAN_POINT('',(-2.7,0.2,0.));
#782 = DIRECTION('',(0.,-1.,0.));
#783 = DIRECTION('',(1.,0.,0.));
#784 = ADVANCED_FACE('',(#785),#868,.T.);
#785 = FACE_BOUND('',#786,.F.);
#786 = EDGE_LOOP('',(#787,#797,#805,#813,#822,#830,#838,#846,#854,#862)
  );
#787 = ORIENTED_EDGE('',*,*,#788,.T.);
#788 = EDGE_CURVE('',#789,#791,#793,.T.);
#789 = VERTEX_POINT('',#790);
#790 = CARTESIAN_POINT('',(1.3,0.2,0.5));
#791 = VERTEX_POINT('',#792);
#792 = CARTESIAN_POINT('',(1.3,0.2,3.8));
#793 = LINE('',#794,#795);
#794 = CARTESIAN_POINT('',(1.3,0.2,0.5));
#795 = VECTOR('',#796,1.);
#796 = DIRECTION('',(0.,0.,1.));
#797 = ORIENTED_EDGE('',*,*,#798,.F.);
#798 = EDGE_CURVE('',#799,#791,#801,.T.);
#799 = VERTEX_POINT('',#800);
#800 = CARTESIAN_POINT('',(2.7,0.2,3.8));
#801 = LINE('',#802,#803);
#802 = CARTESIAN_POINT('',(2.7,0.2,3.8));
#803 = VECTOR('',#804,1.);
#804 = DIRECTION('',(-1.,0.,0.));
#805 = ORIENTED_EDGE('',*,*,#806,.F.);
#806 = EDGE_CURVE('',#807,#799,#809,.T.);
#807 = VERTEX_POINT('',#808);
#808 = CARTESIAN_POINT('',(2.7,0.2,3.));
#809 = LINE('',#810,#811);
#810 = CARTESIAN_POINT('',(2.7,0.2,3.));
#811 = VECTOR('',#812,1.);
#812 = DIRECTION('',(0.,0.,1.));
#813 = ORIENTED_EDGE('',*,*,#814,.F.);
#814 = EDGE_CURVE('',#815,#807,#817,.T.);
#815 = VERTEX_POINT('',#816);
#816 = CARTESIAN_POINT('',(2.7,0.2,2.2));
#817 = CIRCLE('',#818,0.4);
#818 = AXIS2_PLACEMENT_3D('',#819,#820,#821);
#819 = CARTESIAN_POINT('',(2.7,0.2,2.6));
#820 = DIRECTION('',(0.,-1.,0.));
#821 = DIRECTION('',(0.,0.,-1.));
#822 = ORIENTED_EDGE('',*,*,#823,.F.);
#823 = EDGE_CURVE('',#824,#815,#826,.T.);
#824 = VERTEX_POINT('',#825);
#825 = CARTESIAN_POINT('',(2.7,0.2,-3.8));
#826 = LINE('',#827,#828);
#827 = CARTESIAN_POINT('',(2.7,0.2,-3.8));
#828 = VECTOR('',#829,1.);
#829 = DIRECTION('',(0.,0.,1.));
#830 = ORIENTED_EDGE('',*,*,#831,.F.);
#831 = EDGE_CURVE('',#832,#824,#834,.T.);
#832 = VERTEX_POINT('',#833);
#833 = CARTESIAN_POINT('',(1.3,0.2,-3.8));
#834 = LINE('',#835,#836);
#835 = CARTESIAN_POINT('',(1.3,0.2,-3.8));
#836 = VECTOR('',#837,1.);
#837 = DIRECTION('',(1.,0.,0.));
#838 = ORIENTED_EDGE('',*,*,#839,.T.);
#839 = EDGE_CURVE('',#832,#840,#842,.T.);
#840 = VERTEX_POINT('',#841);
#841 = CARTESIAN_POINT('',(1.3,0.2,-0.5));
#842 = LINE('',#843,#844);
#843 = CARTESIAN_POINT('',(1.3,0.2,-3.8));
#844 = VECTOR('',#845,1.);
#845 = DIRECTION('',(0.,0.,1.));
#846 = ORIENTED_EDGE('',*,*,#847,.F.);
#847 = EDGE_CURVE('',#848,#840,#850,.T.);
#848 = VERTEX_POINT('',#849);
#849 = CARTESIAN_POINT('',(1.7,0.2,-0.5));
#850 = LINE('',#851,#852);
#851 = CARTESIAN_POINT('',(1.7,0.2,-0.5));
#852 = VECTOR('',#853,1.);
#853 = DIRECTION('',(-1.,0.,0.));
#854 = ORIENTED_EDGE('',*,*,#855,.F.);
#855 = EDGE_CURVE('',#856,#848,#858,.T.);
#856 = VERTEX_POINT('',#857);
#857 = CARTESIAN_POINT('',(1.7,0.2,0.5));
#858 = LINE('',#859,#860);
#859 = CARTESIAN_POINT('',(1.7,0.2,0.5));
#860 = VECTOR('',#861,1.);
#861 = DIRECTION('',(0.,0.,-1.));
#862 = ORIENTED_EDGE('',*,*,#863,.F.);
#863 = EDGE_CURVE('',#789,#856,#864,.T.);
#864 = LINE('',#865,#866);
#865 = CARTESIAN_POINT('',(1.3,0.2,0.5));
#866 = VECTOR('',#867,1.);
#867 = DIRECTION('',(1.,0.,0.));
#868 = PLANE('',#869);
#869 = AXIS2_PLACEMENT_3D('',#870,#871,#872);
#870 = CARTESIAN_POINT('',(-2.7,0.2,0.));
#871 = DIRECTION('',(0.,-1.,0.));
#872 = DIRECTION('',(1.,0.,0.));
#873 = ADVANCED_FACE('',(#874),#899,.F.);
#874 = FACE_BOUND('',#875,.F.);
#875 = EDGE_LOOP('',(#876,#877,#885,#893));
#876 = ORIENTED_EDGE('',*,*,#716,.T.);
#877 = ORIENTED_EDGE('',*,*,#878,.T.);
#878 = EDGE_CURVE('',#719,#879,#881,.T.);
#879 = VERTEX_POINT('',#880);
#880 = CARTESIAN_POINT('',(-1.3,0.8,3.8));
#881 = LINE('',#882,#883);
#882 = CARTESIAN_POINT('',(-1.3,0.2,3.8));
#883 = VECTOR('',#884,1.);
#884 = DIRECTION('',(0.,1.,0.));
#885 = ORIENTED_EDGE('',*,*,#886,.T.);
#886 = EDGE_CURVE('',#879,#887,#889,.T.);
#887 = VERTEX_POINT('',#888);
#888 = CARTESIAN_POINT('',(-1.3,0.8,0.5));
#889 = LINE('',#890,#891);
#890 = CARTESIAN_POINT('',(-1.3,0.8,3.8));
#891 = VECTOR('',#892,1.);
#892 = DIRECTION('',(0.,0.,-1.));
#893 = ORIENTED_EDGE('',*,*,#894,.F.);
#894 = EDGE_CURVE('',#717,#887,#895,.T.);
#895 = LINE('',#896,#897);
#896 = CARTESIAN_POINT('',(-1.3,0.2,0.5));
#897 = VECTOR('',#898,1.);
#898 = DIRECTION('',(0.,1.,0.));
#899 = PLANE('',#900);
#900 = AXIS2_PLACEMENT_3D('',#901,#902,#903);
#901 = CARTESIAN_POINT('',(-1.3,0.,3.8));
#902 = DIRECTION('',(-1.,0.,0.));
#903 = DIRECTION('',(0.,0.,-1.));
#904 = ADVANCED_FACE('',(#905),#946,.F.);
#905 = FACE_BOUND('',#906,.F.);
#906 = EDGE_LOOP('',(#907,#908,#916,#924,#932,#940));
#907 = ORIENTED_EDGE('',*,*,#798,.T.);
#908 = ORIENTED_EDGE('',*,*,#909,.T.);
#909 = EDGE_CURVE('',#791,#910,#912,.T.);
#910 = VERTEX_POINT('',#911);
#911 = CARTESIAN_POINT('',(1.3,0.8,3.8));
#912 = LINE('',#913,#914);
#913 = CARTESIAN_POINT('',(1.3,0.2,3.8));
#914 = VECTOR('',#915,1.);
#915 = DIRECTION('',(0.,1.,0.));
#916 = ORIENTED_EDGE('',*,*,#917,.T.);
#917 = EDGE_CURVE('',#910,#918,#920,.T.);
#918 = VERTEX_POINT('',#919);
#919 = CARTESIAN_POINT('',(1.,0.8,3.8));
#920 = LINE('',#921,#922);
#921 = CARTESIAN_POINT('',(1.3,0.8,3.8));
#922 = VECTOR('',#923,1.);
#923 = DIRECTION('',(-1.,0.,0.));
#924 = ORIENTED_EDGE('',*,*,#925,.T.);
#925 = EDGE_CURVE('',#918,#926,#928,.T.);
#926 = VERTEX_POINT('',#927);
#927 = CARTESIAN_POINT('',(1.,0.,3.8));
#928 = LINE('',#929,#930);
#929 = CARTESIAN_POINT('',(1.,0.8,3.8));
#930 = VECTOR('',#931,1.);
#931 = DIRECTION('',(0.,-1.,0.));
#932 = ORIENTED_EDGE('',*,*,#933,.T.);
#933 = EDGE_CURVE('',#926,#934,#936,.T.);
#934 = VERTEX_POINT('',#935);
#935 = CARTESIAN_POINT('',(2.7,0.,3.8));
#936 = LINE('',#937,#938);
#937 = CARTESIAN_POINT('',(1.,0.,3.8));
#938 = VECTOR('',#939,1.);
#939 = DIRECTION('',(1.,0.,0.));
#940 = ORIENTED_EDGE('',*,*,#941,.T.);
#941 = EDGE_CURVE('',#934,#799,#942,.T.);
#942 = LINE('',#943,#944);
#943 = CARTESIAN_POINT('',(2.7,0.,3.8));
#944 = VECTOR('',#945,1.);
#945 = DIRECTION('',(0.,1.,0.));
#946 = PLANE('',#947);
#947 = AXIS2_PLACEMENT_3D('',#948,#949,#950);
#948 = CARTESIAN_POINT('',(-1.,0.,3.8));
#949 = DIRECTION('',(0.,0.,1.));
#950 = DIRECTION('',(-1.,0.,0.));
#951 = ADVANCED_FACE('',(#952),#979,.F.);
#952 = FACE_BOUND('',#953,.F.);
#953 = EDGE_LOOP('',(#954,#955,#956,#957,#965,#973));
#954 = ORIENTED_EDGE('',*,*,#878,.F.);
#955 = ORIENTED_EDGE('',*,*,#774,.T.);
#956 = ORIENTED_EDGE('',*,*,#576,.F.);
#957 = ORIENTED_EDGE('',*,*,#958,.T.);
#958 = EDGE_CURVE('',#569,#959,#961,.T.);
#959 = VERTEX_POINT('',#960);
#960 = CARTESIAN_POINT('',(-1.,0.,3.8));
#961 = LINE('',#962,#963);
#962 = CARTESIAN_POINT('',(-2.7,0.,3.8));
#963 = VECTOR('',#964,1.);
#964 = DIRECTION('',(1.,0.,0.));
#965 = ORIENTED_EDGE('',*,*,#966,.T.);
#966 = EDGE_CURVE('',#959,#967,#969,.T.);
#967 = VERTEX_POINT('',#968);
#968 = CARTESIAN_POINT('',(-1.,0.8,3.8));
#969 = LINE('',#970,#971);
#970 = CARTESIAN_POINT('',(-1.,0.,3.8));
#971 = VECTOR('',#972,1.);
#972 = DIRECTION('',(0.,1.,0.));
#973 = ORIENTED_EDGE('',*,*,#974,.T.);
#974 = EDGE_CURVE('',#967,#879,#975,.T.);
#975 = LINE('',#976,#977);
#976 = CARTESIAN_POINT('',(-1.,0.8,3.8));
#977 = VECTOR('',#978,1.);
#978 = DIRECTION('',(-1.,0.,0.));
#979 = PLANE('',#980);
#980 = AXIS2_PLACEMENT_3D('',#981,#982,#983);
#981 = CARTESIAN_POINT('',(-1.,0.,3.8));
#982 = DIRECTION('',(0.,0.,1.));
#983 = DIRECTION('',(-1.,0.,0.));
#984 = ADVANCED_FACE('',(#985),#1003,.F.);
#985 = FACE_BOUND('',#986,.F.);
#986 = EDGE_LOOP('',(#987,#988,#996,#1002));
#987 = ORIENTED_EDGE('',*,*,#788,.F.);
#988 = ORIENTED_EDGE('',*,*,#989,.T.);
#989 = EDGE_CURVE('',#789,#990,#992,.T.);
#990 = VERTEX_POINT('',#991);
#991 = CARTESIAN_POINT('',(1.3,0.8,0.5));
#992 = LINE('',#993,#994);
#993 = CARTESIAN_POINT('',(1.3,0.2,0.5));
#994 = VECTOR('',#995,1.);
#995 = DIRECTION('',(0.,1.,0.));
#996 = ORIENTED_EDGE('',*,*,#997,.T.);
#997 = EDGE_CURVE('',#990,#910,#998,.T.);
#998 = LINE('',#999,#1000);
#999 = CARTESIAN_POINT('',(1.3,0.8,0.5));
#1000 = VECTOR('',#1001,1.);
#1001 = DIRECTION('',(0.,0.,1.));
#1002 = ORIENTED_EDGE('',*,*,#909,.F.);
#1003 = PLANE('',#1004);
#1004 = AXIS2_PLACEMENT_3D('',#1005,#1006,#1007);
#1005 = CARTESIAN_POINT('',(1.3,0.,0.5));
#1006 = DIRECTION('',(1.,0.,0.));
#1007 = DIRECTION('',(0.,0.,1.));
#1008 = ADVANCED_FACE('',(#1009),#1043,.F.);
#1009 = FACE_BOUND('',#1010,.F.);
#1010 = EDGE_LOOP('',(#1011,#1012,#1013,#1021,#1029,#1035,#1036,#1037));
#1011 = ORIENTED_EDGE('',*,*,#989,.F.);
#1012 = ORIENTED_EDGE('',*,*,#863,.T.);
#1013 = ORIENTED_EDGE('',*,*,#1014,.F.);
#1014 = EDGE_CURVE('',#1015,#856,#1017,.T.);
#1015 = VERTEX_POINT('',#1016);
#1016 = CARTESIAN_POINT('',(1.7,0.,0.5));
#1017 = LINE('',#1018,#1019);
#1018 = CARTESIAN_POINT('',(1.7,0.,0.5));
#1019 = VECTOR('',#1020,1.);
#1020 = DIRECTION('',(0.,1.,0.));
#1021 = ORIENTED_EDGE('',*,*,#1022,.F.);
#1022 = EDGE_CURVE('',#1023,#1015,#1025,.T.);
#1023 = VERTEX_POINT('',#1024);
#1024 = CARTESIAN_POINT('',(-1.7,0.,0.5));
#1025 = LINE('',#1026,#1027);
#1026 = CARTESIAN_POINT('',(-1.7,0.,0.5));
#1027 = VECTOR('',#1028,1.);
#1028 = DIRECTION('',(1.,0.,0.));
#1029 = ORIENTED_EDGE('',*,*,#1030,.T.);
#1030 = EDGE_CURVE('',#1023,#727,#1031,.T.);
#1031 = LINE('',#1032,#1033);
#1032 = CARTESIAN_POINT('',(-1.7,0.,0.5));
#1033 = VECTOR('',#1034,1.);
#1034 = DIRECTION('',(0.,1.,0.));
#1035 = ORIENTED_EDGE('',*,*,#726,.T.);
#1036 = ORIENTED_EDGE('',*,*,#894,.T.);
#1037 = ORIENTED_EDGE('',*,*,#1038,.T.);
#1038 = EDGE_CURVE('',#887,#990,#1039,.T.);
#1039 = LINE('',#1040,#1041);
#1040 = CARTESIAN_POINT('',(-1.3,0.8,0.5));
#1041 = VECTOR('',#1042,1.);
#1042 = DIRECTION('',(1.,0.,0.));
#1043 = PLANE('',#1044);
#1044 = AXIS2_PLACEMENT_3D('',#1045,#1046,#1047);
#1045 = CARTESIAN_POINT('',(-1.3,0.,0.5));
#1046 = DIRECTION('',(0.,0.,-1.));
#1047 = DIRECTION('',(1.,0.,0.));
#1048 = ADVANCED_FACE('',(#1049),#1067,.F.);
#1049 = FACE_BOUND('',#1050,.F.);
#1050 = EDGE_LOOP('',(#1051,#1059,#1060,#1061));
#1051 = ORIENTED_EDGE('',*,*,#1052,.F.);
#1052 = EDGE_CURVE('',#1015,#1053,#1055,.T.);
#1053 = VERTEX_POINT('',#1054);
#1054 = CARTESIAN_POINT('',(1.7,0.,-0.5));
#1055 = LINE('',#1056,#1057);
#1056 = CARTESIAN_POINT('',(1.7,0.,0.5));
#1057 = VECTOR('',#1058,1.);
#1058 = DIRECTION('',(0.,0.,-1.));
#1059 = ORIENTED_EDGE('',*,*,#1014,.T.);
#1060 = ORIENTED_EDGE('',*,*,#855,.T.);
#1061 = ORIENTED_EDGE('',*,*,#1062,.F.);
#1062 = EDGE_CURVE('',#1053,#848,#1063,.T.);
#1063 = LINE('',#1064,#1065);
#1064 = CARTESIAN_POINT('',(1.7,0.,-0.5));
#1065 = VECTOR('',#1066,1.);
#1066 = DIRECTION('',(0.,1.,0.));
#1067 = PLANE('',#1068);
#1068 = AXIS2_PLACEMENT_3D('',#1069,#1070,#1071);
#1069 = CARTESIAN_POINT('',(1.7,0.,0.5));
#1070 = DIRECTION('',(-1.,0.,0.));
#1071 = DIRECTION('',(0.,0.,-1.));
#1072 = ADVANCED_FACE('',(#1073),#1091,.T.);
#1073 = FACE_BOUND('',#1074,.F.);
#1074 = EDGE_LOOP('',(#1075,#1076,#1077,#1085));
#1075 = ORIENTED_EDGE('',*,*,#1022,.T.);
#1076 = ORIENTED_EDGE('',*,*,#1052,.T.);
#1077 = ORIENTED_EDGE('',*,*,#1078,.T.);
#1078 = EDGE_CURVE('',#1053,#1079,#1081,.T.);
#1079 = VERTEX_POINT('',#1080);
#1080 = CARTESIAN_POINT('',(-1.7,0.,-0.5));
#1081 = LINE('',#1082,#1083);
#1082 = CARTESIAN_POINT('',(1.7,0.,-0.5));
#1083 = VECTOR('',#1084,1.);
#1084 = DIRECTION('',(-1.,0.,0.));
#1085 = ORIENTED_EDGE('',*,*,#1086,.T.);
#1086 = EDGE_CURVE('',#1079,#1023,#1087,.T.);
#1087 = LINE('',#1088,#1089);
#1088 = CARTESIAN_POINT('',(-1.7,0.,-0.5));
#1089 = VECTOR('',#1090,1.);
#1090 = DIRECTION('',(0.,0.,1.));
#1091 = PLANE('',#1092);
#1092 = AXIS2_PLACEMENT_3D('',#1093,#1094,#1095);
#1093 = CARTESIAN_POINT('',(-2.7,0.,4.8));
#1094 = DIRECTION('',(0.,-1.,0.));
#1095 = DIRECTION('',(0.,0.,-1.));
#1096 = ADVANCED_FACE('',(#1097),#1115,.T.);
#1097 = FACE_BOUND('',#1098,.F.);
#1098 = EDGE_LOOP('',(#1099,#1107,#1113,#1114));
#1099 = ORIENTED_EDGE('',*,*,#1100,.T.);
#1100 = EDGE_CURVE('',#561,#1101,#1103,.T.);
#1101 = VERTEX_POINT('',#1102);
#1102 = CARTESIAN_POINT('',(-1.,0.,4.8));
#1103 = LINE('',#1104,#1105);
#1104 = CARTESIAN_POINT('',(-2.7,0.,4.8));
#1105 = VECTOR('',#1106,1.);
#1106 = DIRECTION('',(1.,0.,0.));
#1107 = ORIENTED_EDGE('',*,*,#1108,.T.);
#1108 = EDGE_CURVE('',#1101,#959,#1109,.T.);
#1109 = LINE('',#1110,#1111);
#1110 = CARTESIAN_POINT('',(-1.,0.,4.8));
#1111 = VECTOR('',#1112,1.);
#1112 = DIRECTION('',(0.,0.,-1.));
#1113 = ORIENTED_EDGE('',*,*,#958,.F.);
#1114 = ORIENTED_EDGE('',*,*,#568,.F.);
#1115 = PLANE('',#1116);
#1116 = AXIS2_PLACEMENT_3D('',#1117,#1118,#1119);
#1117 = CARTESIAN_POINT('',(-2.7,0.,4.8));
#1118 = DIRECTION('',(0.,-1.,0.));
#1119 = DIRECTION('',(0.,0.,-1.));
#1120 = ADVANCED_FACE('',(#1121),#1146,.T.);
#1121 = FACE_BOUND('',#1122,.F.);
#1122 = EDGE_LOOP('',(#1123,#1133,#1139,#1140));
#1123 = ORIENTED_EDGE('',*,*,#1124,.T.);
#1124 = EDGE_CURVE('',#1125,#1127,#1129,.T.);
#1125 = VERTEX_POINT('',#1126);
#1126 = CARTESIAN_POINT('',(1.,0.,4.8));
#1127 = VERTEX_POINT('',#1128);
#1128 = CARTESIAN_POINT('',(2.7,0.,4.8));
#1129 = LINE('',#1130,#1131);
#1130 = CARTESIAN_POINT('',(1.,0.,4.8));
#1131 = VECTOR('',#1132,1.);
#1132 = DIRECTION('',(1.,0.,0.));
#1133 = ORIENTED_EDGE('',*,*,#1134,.T.);
#1134 = EDGE_CURVE('',#1127,#934,#1135,.T.);
#1135 = LINE('',#1136,#1137);
#1136 = CARTESIAN_POINT('',(2.7,0.,4.8));
#1137 = VECTOR('',#1138,1.);
#1138 = DIRECTION('',(0.,0.,-1.));
#1139 = ORIENTED_EDGE('',*,*,#933,.F.);
#1140 = ORIENTED_EDGE('',*,*,#1141,.F.);
#1141 = EDGE_CURVE('',#1125,#926,#1142,.T.);
#1142 = LINE('',#1143,#1144);
#1143 = CARTESIAN_POINT('',(1.,0.,4.8));
#1144 = VECTOR('',#1145,1.);
#1145 = DIRECTION('',(0.,0.,-1.));
#1146 = PLANE('',#1147);
#1147 = AXIS2_PLACEMENT_3D('',#1148,#1149,#1150);
#1148 = CARTESIAN_POINT('',(-2.7,0.,4.8));
#1149 = DIRECTION('',(0.,-1.,0.));
#1150 = DIRECTION('',(0.,0.,-1.));
#1151 = ADVANCED_FACE('',(#1152),#1177,.T.);
#1152 = FACE_BOUND('',#1153,.F.);
#1153 = EDGE_LOOP('',(#1154,#1162,#1163,#1171));
#1154 = ORIENTED_EDGE('',*,*,#1155,.F.);
#1155 = EDGE_CURVE('',#625,#1156,#1158,.T.);
#1156 = VERTEX_POINT('',#1157);
#1157 = CARTESIAN_POINT('',(-1.,0.,-4.8));
#1158 = LINE('',#1159,#1160);
#1159 = CARTESIAN_POINT('',(-2.7,0.,-4.8));
#1160 = VECTOR('',#1161,1.);
#1161 = DIRECTION('',(1.,0.,0.));
#1162 = ORIENTED_EDGE('',*,*,#624,.F.);
#1163 = ORIENTED_EDGE('',*,*,#1164,.T.);
#1164 = EDGE_CURVE('',#617,#1165,#1167,.T.);
#1165 = VERTEX_POINT('',#1166);
#1166 = CARTESIAN_POINT('',(-1.,0.,-3.8));
#1167 = LINE('',#1168,#1169);
#1168 = CARTESIAN_POINT('',(-2.7,0.,-3.8));
#1169 = VECTOR('',#1170,1.);
#1170 = DIRECTION('',(1.,0.,0.));
#1171 = ORIENTED_EDGE('',*,*,#1172,.F.);
#1172 = EDGE_CURVE('',#1156,#1165,#1173,.T.);
#1173 = LINE('',#1174,#1175);
#1174 = CARTESIAN_POINT('',(-1.,0.,-4.8));
#1175 = VECTOR('',#1176,1.);
#1176 = DIRECTION('',(0.,0.,1.));
#1177 = PLANE('',#1178);
#1178 = AXIS2_PLACEMENT_3D('',#1179,#1180,#1181);
#1179 = CARTESIAN_POINT('',(-2.7,0.,4.8));
#1180 = DIRECTION('',(0.,-1.,0.));
#1181 = DIRECTION('',(0.,0.,-1.));
#1182 = ADVANCED_FACE('',(#1183),#1217,.T.);
#1183 = FACE_BOUND('',#1184,.F.);
#1184 = EDGE_LOOP('',(#1185,#1195,#1203,#1211));
#1185 = ORIENTED_EDGE('',*,*,#1186,.F.);
#1186 = EDGE_CURVE('',#1187,#1189,#1191,.T.);
#1187 = VERTEX_POINT('',#1188);
#1188 = CARTESIAN_POINT('',(1.,0.,-4.8));
#1189 = VERTEX_POINT('',#1190);
#1190 = CARTESIAN_POINT('',(2.7,0.,-4.8));
#1191 = LINE('',#1192,#1193);
#1192 = CARTESIAN_POINT('',(1.,0.,-4.8));
#1193 = VECTOR('',#1194,1.);
#1194 = DIRECTION('',(1.,0.,0.));
#1195 = ORIENTED_EDGE('',*,*,#1196,.T.);
#1196 = EDGE_CURVE('',#1187,#1197,#1199,.T.);
#1197 = VERTEX_POINT('',#1198);
#1198 = CARTESIAN_POINT('',(1.,0.,-3.8));
#1199 = LINE('',#1200,#1201);
#1200 = CARTESIAN_POINT('',(1.,0.,-4.8));
#1201 = VECTOR('',#1202,1.);
#1202 = DIRECTION('',(0.,0.,1.));
#1203 = ORIENTED_EDGE('',*,*,#1204,.T.);
#1204 = EDGE_CURVE('',#1197,#1205,#1207,.T.);
#1205 = VERTEX_POINT('',#1206);
#1206 = CARTESIAN_POINT('',(2.7,0.,-3.8));
#1207 = LINE('',#1208,#1209);
#1208 = CARTESIAN_POINT('',(1.,0.,-3.8));
#1209 = VECTOR('',#1210,1.);
#1210 = DIRECTION('',(1.,0.,0.));
#1211 = ORIENTED_EDGE('',*,*,#1212,.T.);
#1212 = EDGE_CURVE('',#1205,#1189,#1213,.T.);
#1213 = LINE('',#1214,#1215);
#1214 = CARTESIAN_POINT('',(2.7,0.,-3.8));
#1215 = VECTOR('',#1216,1.);
#1216 = DIRECTION('',(0.,0.,-1.));
#1217 = PLANE('',#1218);
#1218 = AXIS2_PLACEMENT_3D('',#1219,#1220,#1221);
#1219 = CARTESIAN_POINT('',(-2.7,0.,4.8));
#1220 = DIRECTION('',(0.,-1.,0.));
#1221 = DIRECTION('',(0.,0.,-1.));
#1222 = ADVANCED_FACE('',(#1223),#1257,.F.);
#1223 = FACE_BOUND('',#1224,.F.);
#1224 = EDGE_LOOP('',(#1225,#1233,#1234,#1240,#1241,#1242,#1243,#1251));
#1225 = ORIENTED_EDGE('',*,*,#1226,.F.);
#1226 = EDGE_CURVE('',#743,#1227,#1229,.T.);
#1227 = VERTEX_POINT('',#1228);
#1228 = CARTESIAN_POINT('',(-1.3,0.8,-0.5));
#1229 = LINE('',#1230,#1231);
#1230 = CARTESIAN_POINT('',(-1.3,0.2,-0.5));
#1231 = VECTOR('',#1232,1.);
#1232 = DIRECTION('',(0.,1.,0.));
#1233 = ORIENTED_EDGE('',*,*,#742,.T.);
#1234 = ORIENTED_EDGE('',*,*,#1235,.F.);
#1235 = EDGE_CURVE('',#1079,#735,#1236,.T.);
#1236 = LINE('',#1237,#1238);
#1237 = CARTESIAN_POINT('',(-1.7,0.,-0.5));
#1238 = VECTOR('',#1239,1.);
#1239 = DIRECTION('',(0.,1.,0.));
#1240 = ORIENTED_EDGE('',*,*,#1078,.F.);
#1241 = ORIENTED_EDGE('',*,*,#1062,.T.);
#1242 = ORIENTED_EDGE('',*,*,#847,.T.);
#1243 = ORIENTED_EDGE('',*,*,#1244,.T.);
#1244 = EDGE_CURVE('',#840,#1245,#1247,.T.);
#1245 = VERTEX_POINT('',#1246);
#1246 = CARTESIAN_POINT('',(1.3,0.8,-0.5));
#1247 = LINE('',#1248,#1249);
#1248 = CARTESIAN_POINT('',(1.3,0.2,-0.5));
#1249 = VECTOR('',#1250,1.);
#1250 = DIRECTION('',(0.,1.,0.));
#1251 = ORIENTED_EDGE('',*,*,#1252,.T.);
#1252 = EDGE_CURVE('',#1245,#1227,#1253,.T.);
#1253 = LINE('',#1254,#1255);
#1254 = CARTESIAN_POINT('',(1.3,0.8,-0.5));
#1255 = VECTOR('',#1256,1.);
#1256 = DIRECTION('',(-1.,0.,0.));
#1257 = PLANE('',#1258);
#1258 = AXIS2_PLACEMENT_3D('',#1259,#1260,#1261);
#1259 = CARTESIAN_POINT('',(1.3,0.,-0.5));
#1260 = DIRECTION('',(0.,0.,1.));
#1261 = DIRECTION('',(-1.,0.,0.));
#1262 = ADVANCED_FACE('',(#1263),#1281,.F.);
#1263 = FACE_BOUND('',#1264,.F.);
#1264 = EDGE_LOOP('',(#1265,#1266,#1267,#1275));
#1265 = ORIENTED_EDGE('',*,*,#750,.T.);
#1266 = ORIENTED_EDGE('',*,*,#1226,.T.);
#1267 = ORIENTED_EDGE('',*,*,#1268,.T.);
#1268 = EDGE_CURVE('',#1227,#1269,#1271,.T.);
#1269 = VERTEX_POINT('',#1270);
#1270 = CARTESIAN_POINT('',(-1.3,0.8,-3.8));
#1271 = LINE('',#1272,#1273);
#1272 = CARTESIAN_POINT('',(-1.3,0.8,-0.5));
#1273 = VECTOR('',#1274,1.);
#1274 = DIRECTION('',(0.,0.,-1.));
#1275 = ORIENTED_EDGE('',*,*,#1276,.F.);
#1276 = EDGE_CURVE('',#751,#1269,#1277,.T.);
#1277 = LINE('',#1278,#1279);
#1278 = CARTESIAN_POINT('',(-1.3,0.2,-3.8));
#1279 = VECTOR('',#1280,1.);
#1280 = DIRECTION('',(0.,1.,0.));
#1281 = PLANE('',#1282);
#1282 = AXIS2_PLACEMENT_3D('',#1283,#1284,#1285);
#1283 = CARTESIAN_POINT('',(-1.3,0.,-0.5));
#1284 = DIRECTION('',(-1.,0.,0.));
#1285 = DIRECTION('',(0.,0.,-1.));
#1286 = ADVANCED_FACE('',(#1287,#1337),#1371,.T.);
#1287 = FACE_BOUND('',#1288,.F.);
#1288 = EDGE_LOOP('',(#1289,#1299,#1307,#1313,#1314,#1315,#1323,#1331));
#1289 = ORIENTED_EDGE('',*,*,#1290,.F.);
#1290 = EDGE_CURVE('',#1291,#1293,#1295,.T.);
#1291 = VERTEX_POINT('',#1292);
#1292 = CARTESIAN_POINT('',(-1.,0.8,-4.8));
#1293 = VERTEX_POINT('',#1294);
#1294 = CARTESIAN_POINT('',(1.,0.8,-4.8));
#1295 = LINE('',#1296,#1297);
#1296 = CARTESIAN_POINT('',(-1.,0.8,-4.8));
#1297 = VECTOR('',#1298,1.);
#1298 = DIRECTION('',(1.,0.,0.));
#1299 = ORIENTED_EDGE('',*,*,#1300,.F.);
#1300 = EDGE_CURVE('',#1301,#1291,#1303,.T.);
#1301 = VERTEX_POINT('',#1302);
#1302 = CARTESIAN_POINT('',(-1.,0.8,-3.8));
#1303 = LINE('',#1304,#1305);
#1304 = CARTESIAN_POINT('',(-1.,0.8,-3.8));
#1305 = VECTOR('',#1306,1.);
#1306 = DIRECTION('',(0.,0.,-1.));
#1307 = ORIENTED_EDGE('',*,*,#1308,.F.);
#1308 = EDGE_CURVE('',#1269,#1301,#1309,.T.);
#1309 = LINE('',#1310,#1311);
#1310 = CARTESIAN_POINT('',(-1.3,0.8,-3.8));
#1311 = VECTOR('',#1312,1.);
#1312 = DIRECTION('',(1.,0.,0.));
#1313 = ORIENTED_EDGE('',*,*,#1268,.F.);
#1314 = ORIENTED_EDGE('',*,*,#1252,.F.);
#1315 = ORIENTED_EDGE('',*,*,#1316,.F.);
#1316 = EDGE_CURVE('',#1317,#1245,#1319,.T.);
#1317 = VERTEX_POINT('',#1318);
#1318 = CARTESIAN_POINT('',(1.3,0.8,-3.8));
#1319 = LINE('',#1320,#1321);
#1320 = CARTESIAN_POINT('',(1.3,0.8,-3.8));
#1321 = VECTOR('',#1322,1.);
#1322 = DIRECTION('',(0.,0.,1.));
#1323 = ORIENTED_EDGE('',*,*,#1324,.F.);
#1324 = EDGE_CURVE('',#1325,#1317,#1327,.T.);
#1325 = VERTEX_POINT('',#1326);
#1326 = CARTESIAN_POINT('',(1.,0.8,-3.8));
#1327 = LINE('',#1328,#1329);
#1328 = CARTESIAN_POINT('',(1.,0.8,-3.8));
#1329 = VECTOR('',#1330,1.);
#1330 = DIRECTION('',(1.,0.,0.));
#1331 = ORIENTED_EDGE('',*,*,#1332,.F.);
#1332 = EDGE_CURVE('',#1293,#1325,#1333,.T.);
#1333 = LINE('',#1334,#1335);
#1334 = CARTESIAN_POINT('',(1.,0.8,-4.8));
#1335 = VECTOR('',#1336,1.);
#1336 = DIRECTION('',(0.,0.,1.));
#1337 = FACE_BOUND('',#1338,.F.);
#1338 = EDGE_LOOP('',(#1339,#1349,#1357,#1365));
#1339 = ORIENTED_EDGE('',*,*,#1340,.T.);
#1340 = EDGE_CURVE('',#1341,#1343,#1345,.T.);
#1341 = VERTEX_POINT('',#1342);
#1342 = CARTESIAN_POINT('',(0.57,0.8,-3.25));
#1343 = VERTEX_POINT('',#1344);
#1344 = CARTESIAN_POINT('',(0.57,0.8,-2.65));
#1345 = LINE('',#1346,#1347);
#1346 = CARTESIAN_POINT('',(0.57,0.8,-3.25));
#1347 = VECTOR('',#1348,1.);
#1348 = DIRECTION('',(0.,0.,1.));
#1349 = ORIENTED_EDGE('',*,*,#1350,.T.);
#1350 = EDGE_CURVE('',#1343,#1351,#1353,.T.);
#1351 = VERTEX_POINT('',#1352);
#1352 = CARTESIAN_POINT('',(-0.57,0.8,-2.65));
#1353 = LINE('',#1354,#1355);
#1354 = CARTESIAN_POINT('',(0.57,0.8,-2.65));
#1355 = VECTOR('',#1356,1.);
#1356 = DIRECTION('',(-1.,0.,0.));
#1357 = ORIENTED_EDGE('',*,*,#1358,.F.);
#1358 = EDGE_CURVE('',#1359,#1351,#1361,.T.);
#1359 = VERTEX_POINT('',#1360);
#1360 = CARTESIAN_POINT('',(-0.57,0.8,-3.25));
#1361 = LINE('',#1362,#1363);
#1362 = CARTESIAN_POINT('',(-0.57,0.8,-3.25));
#1363 = VECTOR('',#1364,1.);
#1364 = DIRECTION('',(0.,0.,1.));
#1365 = ORIENTED_EDGE('',*,*,#1366,.F.);
#1366 = EDGE_CURVE('',#1341,#1359,#1367,.T.);
#1367 = LINE('',#1368,#1369);
#1368 = CARTESIAN_POINT('',(0.57,0.8,-3.25));
#1369 = VECTOR('',#1370,1.);
#1370 = DIRECTION('',(-1.,0.,0.));
#1371 = PLANE('',#1372);
#1372 = AXIS2_PLACEMENT_3D('',#1373,#1374,#1375);
#1373 = CARTESIAN_POINT('',(-2.7,0.8,4.8));
#1374 = DIRECTION('',(0.,-1.,0.));
#1375 = DIRECTION('',(1.,0.,0.));
#1376 = ADVANCED_FACE('',(#1377,#1406),#1440,.T.);
#1377 = FACE_BOUND('',#1378,.F.);
#1378 = EDGE_LOOP('',(#1379,#1389,#1395,#1396,#1397,#1398,#1399,#1400));
#1379 = ORIENTED_EDGE('',*,*,#1380,.T.);
#1380 = EDGE_CURVE('',#1381,#1383,#1385,.T.);
#1381 = VERTEX_POINT('',#1382);
#1382 = CARTESIAN_POINT('',(-1.,0.8,4.8));
#1383 = VERTEX_POINT('',#1384);
#1384 = CARTESIAN_POINT('',(1.,0.8,4.8));
#1385 = LINE('',#1386,#1387);
#1386 = CARTESIAN_POINT('',(-1.,0.8,4.8));
#1387 = VECTOR('',#1388,1.);
#1388 = DIRECTION('',(1.,0.,0.));
#1389 = ORIENTED_EDGE('',*,*,#1390,.F.);
#1390 = EDGE_CURVE('',#918,#1383,#1391,.T.);
#1391 = LINE('',#1392,#1393);
#1392 = CARTESIAN_POINT('',(1.,0.8,3.8));
#1393 = VECTOR('',#1394,1.);
#1394 = DIRECTION('',(0.,0.,1.));
#1395 = ORIENTED_EDGE('',*,*,#917,.F.);
#1396 = ORIENTED_EDGE('',*,*,#997,.F.);
#1397 = ORIENTED_EDGE('',*,*,#1038,.F.);
#1398 = ORIENTED_EDGE('',*,*,#886,.F.);
#1399 = ORIENTED_EDGE('',*,*,#974,.F.);
#1400 = ORIENTED_EDGE('',*,*,#1401,.F.);
#1401 = EDGE_CURVE('',#1381,#967,#1402,.T.);
#1402 = LINE('',#1403,#1404);
#1403 = CARTESIAN_POINT('',(-1.,0.8,4.8));
#1404 = VECTOR('',#1405,1.);
#1405 = DIRECTION('',(0.,0.,-1.));
#1406 = FACE_BOUND('',#1407,.F.);
#1407 = EDGE_LOOP('',(#1408,#1418,#1426,#1434));
#1408 = ORIENTED_EDGE('',*,*,#1409,.T.);
#1409 = EDGE_CURVE('',#1410,#1412,#1414,.T.);
#1410 = VERTEX_POINT('',#1411);
#1411 = CARTESIAN_POINT('',(0.57,0.8,2.25));
#1412 = VERTEX_POINT('',#1413);
#1413 = CARTESIAN_POINT('',(0.57,0.8,2.85));
#1414 = LINE('',#1415,#1416);
#1415 = CARTESIAN_POINT('',(0.57,0.8,2.25));
#1416 = VECTOR('',#1417,1.);
#1417 = DIRECTION('',(0.,0.,1.));
#1418 = ORIENTED_EDGE('',*,*,#1419,.T.);
#1419 = EDGE_CURVE('',#1412,#1420,#1422,.T.);
#1420 = VERTEX_POINT('',#1421);
#1421 = CARTESIAN_POINT('',(-0.57,0.8,2.85));
#1422 = LINE('',#1423,#1424);
#1423 = CARTESIAN_POINT('',(0.57,0.8,2.85));
#1424 = VECTOR('',#1425,1.);
#1425 = DIRECTION('',(-1.,0.,0.));
#1426 = ORIENTED_EDGE('',*,*,#1427,.F.);
#1427 = EDGE_CURVE('',#1428,#1420,#1430,.T.);
#1428 = VERTEX_POINT('',#1429);
#1429 = CARTESIAN_POINT('',(-0.57,0.8,2.25));
#1430 = LINE('',#1431,#1432);
#1431 = CARTESIAN_POINT('',(-0.57,0.8,2.25));
#1432 = VECTOR('',#1433,1.);
#1433 = DIRECTION('',(0.,0.,1.));
#1434 = ORIENTED_EDGE('',*,*,#1435,.F.);
#1435 = EDGE_CURVE('',#1410,#1428,#1436,.T.);
#1436 = LINE('',#1437,#1438);
#1437 = CARTESIAN_POINT('',(0.57,0.8,2.25));
#1438 = VECTOR('',#1439,1.);
#1439 = DIRECTION('',(-1.,0.,0.));
#1440 = PLANE('',#1441);
#1441 = AXIS2_PLACEMENT_3D('',#1442,#1443,#1444);
#1442 = CARTESIAN_POINT('',(-2.7,0.8,4.8));
#1443 = DIRECTION('',(0.,-1.,0.));
#1444 = DIRECTION('',(1.,0.,0.));
#1445 = ADVANCED_FACE('',(#1446),#1510,.T.);
#1446 = FACE_BOUND('',#1447,.F.);
#1447 = EDGE_LOOP('',(#1448,#1449,#1455,#1456,#1462,#1463,#1471,#1479,
    #1487,#1495,#1503,#1509));
#1448 = ORIENTED_EDGE('',*,*,#1155,.T.);
#1449 = ORIENTED_EDGE('',*,*,#1450,.T.);
#1450 = EDGE_CURVE('',#1156,#1291,#1451,.T.);
#1451 = LINE('',#1452,#1453);
#1452 = CARTESIAN_POINT('',(-1.,0.,-4.8));
#1453 = VECTOR('',#1454,1.);
#1454 = DIRECTION('',(0.,1.,0.));
#1455 = ORIENTED_EDGE('',*,*,#1290,.T.);
#1456 = ORIENTED_EDGE('',*,*,#1457,.F.);
#1457 = EDGE_CURVE('',#1187,#1293,#1458,.T.);
#1458 = LINE('',#1459,#1460);
#1459 = CARTESIAN_POINT('',(1.,0.,-4.8));
#1460 = VECTOR('',#1461,1.);
#1461 = DIRECTION('',(0.,1.,0.));
#1462 = ORIENTED_EDGE('',*,*,#1186,.T.);
#1463 = ORIENTED_EDGE('',*,*,#1464,.T.);
#1464 = EDGE_CURVE('',#1189,#1465,#1467,.T.);
#1465 = VERTEX_POINT('',#1466);
#1466 = CARTESIAN_POINT('',(2.7,12.8,-4.8));
#1467 = LINE('',#1468,#1469);
#1468 = CARTESIAN_POINT('',(2.7,0.,-4.8));
#1469 = VECTOR('',#1470,1.);
#1470 = DIRECTION('',(0.,1.,0.));
#1471 = ORIENTED_EDGE('',*,*,#1472,.F.);
#1472 = EDGE_CURVE('',#1473,#1465,#1475,.T.);
#1473 = VERTEX_POINT('',#1474);
#1474 = CARTESIAN_POINT('',(1.7,12.8,-4.8));
#1475 = LINE('',#1476,#1477);
#1476 = CARTESIAN_POINT('',(1.7,12.8,-4.8));
#1477 = VECTOR('',#1478,1.);
#1478 = DIRECTION('',(1.,0.,0.));
#1479 = ORIENTED_EDGE('',*,*,#1480,.T.);
#1480 = EDGE_CURVE('',#1473,#1481,#1483,.T.);
#1481 = VERTEX_POINT('',#1482);
#1482 = CARTESIAN_POINT('',(1.7,9.75,-4.8));
#1483 = LINE('',#1484,#1485);
#1484 = CARTESIAN_POINT('',(1.7,12.8,-4.8));
#1485 = VECTOR('',#1486,1.);
#1486 = DIRECTION('',(0.,-1.,0.));
#1487 = ORIENTED_EDGE('',*,*,#1488,.F.);
#1488 = EDGE_CURVE('',#1489,#1481,#1491,.T.);
#1489 = VERTEX_POINT('',#1490);
#1490 = CARTESIAN_POINT('',(-1.7,9.75,-4.8));
#1491 = LINE('',#1492,#1493);
#1492 = CARTESIAN_POINT('',(-1.7,9.75,-4.8));
#1493 = VECTOR('',#1494,1.);
#1494 = DIRECTION('',(1.,0.,0.));
#1495 = ORIENTED_EDGE('',*,*,#1496,.F.);
#1496 = EDGE_CURVE('',#1497,#1489,#1499,.T.);
#1497 = VERTEX_POINT('',#1498);
#1498 = CARTESIAN_POINT('',(-1.7,12.8,-4.8));
#1499 = LINE('',#1500,#1501);
#1500 = CARTESIAN_POINT('',(-1.7,12.8,-4.8));
#1501 = VECTOR('',#1502,1.);
#1502 = DIRECTION('',(0.,-1.,0.));
#1503 = ORIENTED_EDGE('',*,*,#1504,.F.);
#1504 = EDGE_CURVE('',#633,#1497,#1505,.T.);
#1505 = LINE('',#1506,#1507);
#1506 = CARTESIAN_POINT('',(-2.7,12.8,-4.8));
#1507 = VECTOR('',#1508,1.);
#1508 = DIRECTION('',(1.,0.,0.));
#1509 = ORIENTED_EDGE('',*,*,#632,.F.);
#1510 = PLANE('',#1511);
#1511 = AXIS2_PLACEMENT_3D('',#1512,#1513,#1514);
#1512 = CARTESIAN_POINT('',(-2.7,0.,-4.8));
#1513 = DIRECTION('',(0.,0.,-1.));
#1514 = DIRECTION('',(0.,1.,0.));
#1515 = ADVANCED_FACE('',(#1516),#1527,.F.);
#1516 = FACE_BOUND('',#1517,.F.);
#1517 = EDGE_LOOP('',(#1518,#1519,#1525,#1526));
#1518 = ORIENTED_EDGE('',*,*,#1172,.T.);
#1519 = ORIENTED_EDGE('',*,*,#1520,.F.);
#1520 = EDGE_CURVE('',#1301,#1165,#1521,.T.);
#1521 = LINE('',#1522,#1523);
#1522 = CARTESIAN_POINT('',(-1.,0.8,-3.8));
#1523 = VECTOR('',#1524,1.);
#1524 = DIRECTION('',(0.,-1.,0.));
#1525 = ORIENTED_EDGE('',*,*,#1300,.T.);
#1526 = ORIENTED_EDGE('',*,*,#1450,.F.);
#1527 = PLANE('',#1528);
#1528 = AXIS2_PLACEMENT_3D('',#1529,#1530,#1531);
#1529 = CARTESIAN_POINT('',(-1.,0.,-3.8));
#1530 = DIRECTION('',(-1.,0.,0.));
#1531 = DIRECTION('',(0.,0.,-1.));
#1532 = ADVANCED_FACE('',(#1533),#1556,.F.);
#1533 = FACE_BOUND('',#1534,.F.);
#1534 = EDGE_LOOP('',(#1535,#1541,#1542,#1548,#1549,#1555));
#1535 = ORIENTED_EDGE('',*,*,#1536,.T.);
#1536 = EDGE_CURVE('',#1197,#1325,#1537,.T.);
#1537 = LINE('',#1538,#1539);
#1538 = CARTESIAN_POINT('',(1.,0.,-3.8));
#1539 = VECTOR('',#1540,1.);
#1540 = DIRECTION('',(0.,1.,0.));
#1541 = ORIENTED_EDGE('',*,*,#1324,.T.);
#1542 = ORIENTED_EDGE('',*,*,#1543,.F.);
#1543 = EDGE_CURVE('',#832,#1317,#1544,.T.);
#1544 = LINE('',#1545,#1546);
#1545 = CARTESIAN_POINT('',(1.3,0.2,-3.8));
#1546 = VECTOR('',#1547,1.);
#1547 = DIRECTION('',(0.,1.,0.));
#1548 = ORIENTED_EDGE('',*,*,#831,.T.);
#1549 = ORIENTED_EDGE('',*,*,#1550,.F.);
#1550 = EDGE_CURVE('',#1205,#824,#1551,.T.);
#1551 = LINE('',#1552,#1553);
#1552 = CARTESIAN_POINT('',(2.7,0.,-3.8));
#1553 = VECTOR('',#1554,1.);
#1554 = DIRECTION('',(0.,1.,0.));
#1555 = ORIENTED_EDGE('',*,*,#1204,.F.);
#1556 = PLANE('',#1557);
#1557 = AXIS2_PLACEMENT_3D('',#1558,#1559,#1560);
#1558 = CARTESIAN_POINT('',(-1.3,0.,-3.8));
#1559 = DIRECTION('',(0.,0.,-1.));
#1560 = DIRECTION('',(1.,0.,0.));
#1561 = ADVANCED_FACE('',(#1562),#1570,.F.);
#1562 = FACE_BOUND('',#1563,.F.);
#1563 = EDGE_LOOP('',(#1564,#1565,#1566,#1567,#1568,#1569));
#1564 = ORIENTED_EDGE('',*,*,#1520,.T.);
#1565 = ORIENTED_EDGE('',*,*,#1164,.F.);
#1566 = ORIENTED_EDGE('',*,*,#616,.T.);
#1567 = ORIENTED_EDGE('',*,*,#758,.T.);
#1568 = ORIENTED_EDGE('',*,*,#1276,.T.);
#1569 = ORIENTED_EDGE('',*,*,#1308,.T.);
#1570 = PLANE('',#1571);
#1571 = AXIS2_PLACEMENT_3D('',#1572,#1573,#1574);
#1572 = CARTESIAN_POINT('',(-1.3,0.,-3.8));
#1573 = DIRECTION('',(0.,0.,-1.));
#1574 = DIRECTION('',(1.,0.,0.));
#1575 = ADVANCED_FACE('',(#1576),#1582,.F.);
#1576 = FACE_BOUND('',#1577,.F.);
#1577 = EDGE_LOOP('',(#1578,#1579,#1580,#1581));
#1578 = ORIENTED_EDGE('',*,*,#1196,.F.);
#1579 = ORIENTED_EDGE('',*,*,#1457,.T.);
#1580 = ORIENTED_EDGE('',*,*,#1332,.T.);
#1581 = ORIENTED_EDGE('',*,*,#1536,.F.);
#1582 = PLANE('',#1583);
#1583 = AXIS2_PLACEMENT_3D('',#1584,#1585,#1586);
#1584 = CARTESIAN_POINT('',(1.,0.,-4.8));
#1585 = DIRECTION('',(1.,0.,0.));
#1586 = DIRECTION('',(0.,0.,1.));
#1587 = ADVANCED_FACE('',(#1588),#1594,.F.);
#1588 = FACE_BOUND('',#1589,.F.);
#1589 = EDGE_LOOP('',(#1590,#1591,#1592,#1593));
#1590 = ORIENTED_EDGE('',*,*,#839,.F.);
#1591 = ORIENTED_EDGE('',*,*,#1543,.T.);
#1592 = ORIENTED_EDGE('',*,*,#1316,.T.);
#1593 = ORIENTED_EDGE('',*,*,#1244,.F.);
#1594 = PLANE('',#1595);
#1595 = AXIS2_PLACEMENT_3D('',#1596,#1597,#1598);
#1596 = CARTESIAN_POINT('',(1.3,0.,-3.8));
#1597 = DIRECTION('',(1.,0.,0.));
#1598 = DIRECTION('',(0.,0.,1.));
#1599 = ADVANCED_FACE('',(#1600),#1620,.T.);
#1600 = FACE_BOUND('',#1601,.F.);
#1601 = EDGE_LOOP('',(#1602,#1610,#1616,#1617,#1618,#1619));
#1602 = ORIENTED_EDGE('',*,*,#1603,.F.);
#1603 = EDGE_CURVE('',#1604,#815,#1606,.T.);
#1604 = VERTEX_POINT('',#1605);
#1605 = CARTESIAN_POINT('',(2.7,12.8,2.2));
#1606 = LINE('',#1607,#1608);
#1607 = CARTESIAN_POINT('',(2.7,12.8,2.2));
#1608 = VECTOR('',#1609,1.);
#1609 = DIRECTION('',(0.,-1.,0.));
#1610 = ORIENTED_EDGE('',*,*,#1611,.F.);
#1611 = EDGE_CURVE('',#1465,#1604,#1612,.T.);
#1612 = LINE('',#1613,#1614);
#1613 = CARTESIAN_POINT('',(2.7,12.8,-4.8));
#1614 = VECTOR('',#1615,1.);
#1615 = DIRECTION('',(0.,0.,1.));
#1616 = ORIENTED_EDGE('',*,*,#1464,.F.);
#1617 = ORIENTED_EDGE('',*,*,#1212,.F.);
#1618 = ORIENTED_EDGE('',*,*,#1550,.T.);
#1619 = ORIENTED_EDGE('',*,*,#823,.T.);
#1620 = PLANE('',#1621);
#1621 = AXIS2_PLACEMENT_3D('',#1622,#1623,#1624);
#1622 = CARTESIAN_POINT('',(2.7,0.,0.));
#1623 = DIRECTION('',(1.,0.,0.));
#1624 = DIRECTION('',(0.,0.,-1.));
#1625 = ADVANCED_FACE('',(#1626),#1653,.T.);
#1626 = FACE_BOUND('',#1627,.F.);
#1627 = EDGE_LOOP('',(#1628,#1636,#1637,#1638,#1639,#1647));
#1628 = ORIENTED_EDGE('',*,*,#1629,.T.);
#1629 = EDGE_CURVE('',#1630,#807,#1632,.T.);
#1630 = VERTEX_POINT('',#1631);
#1631 = CARTESIAN_POINT('',(2.7,12.8,3.));
#1632 = LINE('',#1633,#1634);
#1633 = CARTESIAN_POINT('',(2.7,12.8,3.));
#1634 = VECTOR('',#1635,1.);
#1635 = DIRECTION('',(0.,-1.,0.));
#1636 = ORIENTED_EDGE('',*,*,#806,.T.);
#1637 = ORIENTED_EDGE('',*,*,#941,.F.);
#1638 = ORIENTED_EDGE('',*,*,#1134,.F.);
#1639 = ORIENTED_EDGE('',*,*,#1640,.F.);
#1640 = EDGE_CURVE('',#1641,#1127,#1643,.T.);
#1641 = VERTEX_POINT('',#1642);
#1642 = CARTESIAN_POINT('',(2.7,12.8,4.8));
#1643 = LINE('',#1644,#1645);
#1644 = CARTESIAN_POINT('',(2.7,12.8,4.8));
#1645 = VECTOR('',#1646,1.);
#1646 = DIRECTION('',(0.,-1.,0.));
#1647 = ORIENTED_EDGE('',*,*,#1648,.F.);
#1648 = EDGE_CURVE('',#1630,#1641,#1649,.T.);
#1649 = LINE('',#1650,#1651);
#1650 = CARTESIAN_POINT('',(2.7,12.8,3.));
#1651 = VECTOR('',#1652,1.);
#1652 = DIRECTION('',(0.,0.,1.));
#1653 = PLANE('',#1654);
#1654 = AXIS2_PLACEMENT_3D('',#1655,#1656,#1657);
#1655 = CARTESIAN_POINT('',(2.7,0.,0.));
#1656 = DIRECTION('',(1.,0.,0.));
#1657 = DIRECTION('',(0.,0.,-1.));
#1658 = ADVANCED_FACE('',(#1659),#1671,.T.);
#1659 = FACE_BOUND('',#1660,.T.);
#1660 = EDGE_LOOP('',(#1661,#1668,#1669,#1670));
#1661 = ORIENTED_EDGE('',*,*,#1662,.T.);
#1662 = EDGE_CURVE('',#1604,#1630,#1663,.T.);
#1663 = CIRCLE('',#1664,0.4);
#1664 = AXIS2_PLACEMENT_3D('',#1665,#1666,#1667);
#1665 = CARTESIAN_POINT('',(2.7,12.8,2.6));
#1666 = DIRECTION('',(0.,-1.,0.));
#1667 = DIRECTION('',(0.,0.,-1.));
#1668 = ORIENTED_EDGE('',*,*,#1629,.T.);
#1669 = ORIENTED_EDGE('',*,*,#814,.F.);
#1670 = ORIENTED_EDGE('',*,*,#1603,.F.);
#1671 = CYLINDRICAL_SURFACE('',#1672,0.4);
#1672 = AXIS2_PLACEMENT_3D('',#1673,#1674,#1675);
#1673 = CARTESIAN_POINT('',(2.7,12.8,2.6));
#1674 = DIRECTION('',(0.,-1.,0.));
#1675 = DIRECTION('',(1.,0.,0.));
#1676 = ADVANCED_FACE('',(#1677,#1706,#1740),#1790,.T.);
#1677 = FACE_BOUND('',#1678,.F.);
#1678 = EDGE_LOOP('',(#1679,#1685,#1686,#1687,#1688,#1689,#1695,#1696,
    #1697,#1698,#1704,#1705));
#1679 = ORIENTED_EDGE('',*,*,#1680,.T.);
#1680 = EDGE_CURVE('',#1497,#1473,#1681,.T.);
#1681 = LINE('',#1682,#1683);
#1682 = CARTESIAN_POINT('',(-1.7,12.8,-4.8));
#1683 = VECTOR('',#1684,1.);
#1684 = DIRECTION('',(1.,0.,0.));
#1685 = ORIENTED_EDGE('',*,*,#1472,.T.);
#1686 = ORIENTED_EDGE('',*,*,#1611,.T.);
#1687 = ORIENTED_EDGE('',*,*,#1662,.T.);
#1688 = ORIENTED_EDGE('',*,*,#1648,.T.);
#1689 = ORIENTED_EDGE('',*,*,#1690,.F.);
#1690 = EDGE_CURVE('',#553,#1641,#1691,.T.);
#1691 = LINE('',#1692,#1693);
#1692 = CARTESIAN_POINT('',(-2.7,12.8,4.8));
#1693 = VECTOR('',#1694,1.);
#1694 = DIRECTION('',(1.,0.,0.));
#1695 = ORIENTED_EDGE('',*,*,#552,.F.);
#1696 = ORIENTED_EDGE('',*,*,#664,.T.);
#1697 = ORIENTED_EDGE('',*,*,#702,.T.);
#1698 = ORIENTED_EDGE('',*,*,#1699,.T.);
#1699 = EDGE_CURVE('',#695,#601,#1700,.T.);
#1700 = LINE('',#1701,#1702);
#1701 = CARTESIAN_POINT('',(-3.1,12.8,-2.99));
#1702 = VECTOR('',#1703,1.);
#1703 = DIRECTION('',(0.707106781187,0.,-0.707106781187));
#1704 = ORIENTED_EDGE('',*,*,#640,.F.);
#1705 = ORIENTED_EDGE('',*,*,#1504,.T.);
#1706 = FACE_BOUND('',#1707,.F.);
#1707 = EDGE_LOOP('',(#1708,#1718,#1726,#1734));
#1708 = ORIENTED_EDGE('',*,*,#1709,.T.);
#1709 = EDGE_CURVE('',#1710,#1712,#1714,.T.);
#1710 = VERTEX_POINT('',#1711);
#1711 = CARTESIAN_POINT('',(1.8,12.8,3.9));
#1712 = VERTEX_POINT('',#1713);
#1713 = CARTESIAN_POINT('',(1.8,12.8,0.3));
#1714 = LINE('',#1715,#1716);
#1715 = CARTESIAN_POINT('',(1.8,12.8,3.9));
#1716 = VECTOR('',#1717,1.);
#1717 = DIRECTION('',(0.,0.,-1.));
#1718 = ORIENTED_EDGE('',*,*,#1719,.T.);
#1719 = EDGE_CURVE('',#1712,#1720,#1722,.T.);
#1720 = VERTEX_POINT('',#1721);
#1721 = CARTESIAN_POINT('',(-1.8,12.8,0.3));
#1722 = LINE('',#1723,#1724);
#1723 = CARTESIAN_POINT('',(1.8,12.8,0.3));
#1724 = VECTOR('',#1725,1.);
#1725 = DIRECTION('',(-1.,0.,0.));
#1726 = ORIENTED_EDGE('',*,*,#1727,.T.);
#1727 = EDGE_CURVE('',#1720,#1728,#1730,.T.);
#1728 = VERTEX_POINT('',#1729);
#1729 = CARTESIAN_POINT('',(-1.8,12.8,3.9));
#1730 = LINE('',#1731,#1732);
#1731 = CARTESIAN_POINT('',(-1.8,12.8,0.3));
#1732 = VECTOR('',#1733,1.);
#1733 = DIRECTION('',(0.,0.,1.));
#1734 = ORIENTED_EDGE('',*,*,#1735,.T.);
#1735 = EDGE_CURVE('',#1728,#1710,#1736,.T.);
#1736 = LINE('',#1737,#1738);
#1737 = CARTESIAN_POINT('',(-1.8,12.8,3.9));
#1738 = VECTOR('',#1739,1.);
#1739 = DIRECTION('',(1.,0.,0.));
#1740 = FACE_BOUND('',#1741,.F.);
#1741 = EDGE_LOOP('',(#1742,#1752,#1760,#1768,#1776,#1784));
#1742 = ORIENTED_EDGE('',*,*,#1743,.T.);
#1743 = EDGE_CURVE('',#1744,#1746,#1748,.T.);
#1744 = VERTEX_POINT('',#1745);
#1745 = CARTESIAN_POINT('',(1.8,12.8,-1.2));
#1746 = VERTEX_POINT('',#1747);
#1747 = CARTESIAN_POINT('',(1.8,12.8,-3.9));
#1748 = LINE('',#1749,#1750);
#1749 = CARTESIAN_POINT('',(1.8,12.8,-1.2));
#1750 = VECTOR('',#1751,1.);
#1751 = DIRECTION('',(0.,0.,-1.));
#1752 = ORIENTED_EDGE('',*,*,#1753,.T.);
#1753 = EDGE_CURVE('',#1746,#1754,#1756,.T.);
#1754 = VERTEX_POINT('',#1755);
#1755 = CARTESIAN_POINT('',(-1.8,12.8,-3.9));
#1756 = LINE('',#1757,#1758);
#1757 = CARTESIAN_POINT('',(1.8,12.8,-3.9));
#1758 = VECTOR('',#1759,1.);
#1759 = DIRECTION('',(-1.,0.,0.));
#1760 = ORIENTED_EDGE('',*,*,#1761,.T.);
#1761 = EDGE_CURVE('',#1754,#1762,#1764,.T.);
#1762 = VERTEX_POINT('',#1763);
#1763 = CARTESIAN_POINT('',(-1.8,12.8,-1.2));
#1764 = LINE('',#1765,#1766);
#1765 = CARTESIAN_POINT('',(-1.8,12.8,-3.9));
#1766 = VECTOR('',#1767,1.);
#1767 = DIRECTION('',(0.,0.,1.));
#1768 = ORIENTED_EDGE('',*,*,#1769,.T.);
#1769 = EDGE_CURVE('',#1762,#1770,#1772,.T.);
#1770 = VERTEX_POINT('',#1771);
#1771 = CARTESIAN_POINT('',(-0.9,12.8,-0.3));
#1772 = LINE('',#1773,#1774);
#1773 = CARTESIAN_POINT('',(-1.8,12.8,-1.2));
#1774 = VECTOR('',#1775,1.);
#1775 = DIRECTION('',(0.707106781187,0.,0.707106781187));
#1776 = ORIENTED_EDGE('',*,*,#1777,.T.);
#1777 = EDGE_CURVE('',#1770,#1778,#1780,.T.);
#1778 = VERTEX_POINT('',#1779);
#1779 = CARTESIAN_POINT('',(0.9,12.8,-0.3));
#1780 = LINE('',#1781,#1782);
#1781 = CARTESIAN_POINT('',(-0.9,12.8,-0.3));
#1782 = VECTOR('',#1783,1.);
#1783 = DIRECTION('',(1.,0.,0.));
#1784 = ORIENTED_EDGE('',*,*,#1785,.T.);
#1785 = EDGE_CURVE('',#1778,#1744,#1786,.T.);
#1786 = LINE('',#1787,#1788);
#1787 = CARTESIAN_POINT('',(0.9,12.8,-0.3));
#1788 = VECTOR('',#1789,1.);
#1789 = DIRECTION('',(0.707106781187,0.,-0.707106781187));
#1790 = PLANE('',#1791);
#1791 = AXIS2_PLACEMENT_3D('',#1792,#1793,#1794);
#1792 = CARTESIAN_POINT('',(-2.7,12.8,-4.8));
#1793 = DIRECTION('',(0.,1.,0.));
#1794 = DIRECTION('',(0.,-0.,1.));
#1795 = ADVANCED_FACE('',(#1796),#1821,.T.);
#1796 = FACE_BOUND('',#1797,.F.);
#1797 = EDGE_LOOP('',(#1798,#1799,#1807,#1815));
#1798 = ORIENTED_EDGE('',*,*,#1680,.F.);
#1799 = ORIENTED_EDGE('',*,*,#1800,.F.);
#1800 = EDGE_CURVE('',#1801,#1497,#1803,.T.);
#1801 = VERTEX_POINT('',#1802);
#1802 = CARTESIAN_POINT('',(-1.7,10.45,-6.2));
#1803 = LINE('',#1804,#1805);
#1804 = CARTESIAN_POINT('',(-1.7,10.45,-6.2));
#1805 = VECTOR('',#1806,1.);
#1806 = DIRECTION('',(0.,0.859101543909,0.511805175095));
#1807 = ORIENTED_EDGE('',*,*,#1808,.T.);
#1808 = EDGE_CURVE('',#1801,#1809,#1811,.T.);
#1809 = VERTEX_POINT('',#1810);
#1810 = CARTESIAN_POINT('',(1.7,10.45,-6.2));
#1811 = LINE('',#1812,#1813);
#1812 = CARTESIAN_POINT('',(-1.7,10.45,-6.2));
#1813 = VECTOR('',#1814,1.);
#1814 = DIRECTION('',(1.,0.,0.));
#1815 = ORIENTED_EDGE('',*,*,#1816,.T.);
#1816 = EDGE_CURVE('',#1809,#1473,#1817,.T.);
#1817 = LINE('',#1818,#1819);
#1818 = CARTESIAN_POINT('',(1.7,10.45,-6.2));
#1819 = VECTOR('',#1820,1.);
#1820 = DIRECTION('',(0.,0.859101543909,0.511805175095));
#1821 = PLANE('',#1822);
#1822 = AXIS2_PLACEMENT_3D('',#1823,#1824,#1825);
#1823 = CARTESIAN_POINT('',(-1.7,10.45,-6.2));
#1824 = DIRECTION('',(0.,0.511805175095,-0.859101543909));
#1825 = DIRECTION('',(0.,0.859101543909,0.511805175095));
#1826 = ADVANCED_FACE('',(#1827),#1845,.F.);
#1827 = FACE_BOUND('',#1828,.F.);
#1828 = EDGE_LOOP('',(#1829,#1830,#1838,#1844));
#1829 = ORIENTED_EDGE('',*,*,#1496,.T.);
#1830 = ORIENTED_EDGE('',*,*,#1831,.T.);
#1831 = EDGE_CURVE('',#1489,#1832,#1834,.T.);
#1832 = VERTEX_POINT('',#1833);
#1833 = CARTESIAN_POINT('',(-1.7,9.75,-6.2));
#1834 = LINE('',#1835,#1836);
#1835 = CARTESIAN_POINT('',(-1.7,9.75,-4.8));
#1836 = VECTOR('',#1837,1.);
#1837 = DIRECTION('',(0.,0.,-1.));
#1838 = ORIENTED_EDGE('',*,*,#1839,.T.);
#1839 = EDGE_CURVE('',#1832,#1801,#1840,.T.);
#1840 = LINE('',#1841,#1842);
#1841 = CARTESIAN_POINT('',(-1.7,9.75,-6.2));
#1842 = VECTOR('',#1843,1.);
#1843 = DIRECTION('',(0.,1.,0.));
#1844 = ORIENTED_EDGE('',*,*,#1800,.T.);
#1845 = PLANE('',#1846);
#1846 = AXIS2_PLACEMENT_3D('',#1847,#1848,#1849);
#1847 = CARTESIAN_POINT('',(-1.7,0.,0.));
#1848 = DIRECTION('',(1.,0.,0.));
#1849 = DIRECTION('',(-0.,1.,0.));
#1850 = ADVANCED_FACE('',(#1851),#1869,.T.);
#1851 = FACE_BOUND('',#1852,.F.);
#1852 = EDGE_LOOP('',(#1853,#1854,#1862,#1868));
#1853 = ORIENTED_EDGE('',*,*,#1488,.T.);
#1854 = ORIENTED_EDGE('',*,*,#1855,.T.);
#1855 = EDGE_CURVE('',#1481,#1856,#1858,.T.);
#1856 = VERTEX_POINT('',#1857);
#1857 = CARTESIAN_POINT('',(1.7,9.75,-6.2));
#1858 = LINE('',#1859,#1860);
#1859 = CARTESIAN_POINT('',(1.7,9.75,-4.8));
#1860 = VECTOR('',#1861,1.);
#1861 = DIRECTION('',(0.,0.,-1.));
#1862 = ORIENTED_EDGE('',*,*,#1863,.F.);
#1863 = EDGE_CURVE('',#1832,#1856,#1864,.T.);
#1864 = LINE('',#1865,#1866);
#1865 = CARTESIAN_POINT('',(-1.7,9.75,-6.2));
#1866 = VECTOR('',#1867,1.);
#1867 = DIRECTION('',(1.,0.,0.));
#1868 = ORIENTED_EDGE('',*,*,#1831,.F.);
#1869 = PLANE('',#1870);
#1870 = AXIS2_PLACEMENT_3D('',#1871,#1872,#1873);
#1871 = CARTESIAN_POINT('',(-1.7,9.75,-4.8));
#1872 = DIRECTION('',(0.,-1.,0.));
#1873 = DIRECTION('',(0.,0.,-1.));
#1874 = ADVANCED_FACE('',(#1875),#1886,.T.);
#1875 = FACE_BOUND('',#1876,.F.);
#1876 = EDGE_LOOP('',(#1877,#1878,#1879,#1885));
#1877 = ORIENTED_EDGE('',*,*,#1480,.F.);
#1878 = ORIENTED_EDGE('',*,*,#1816,.F.);
#1879 = ORIENTED_EDGE('',*,*,#1880,.F.);
#1880 = EDGE_CURVE('',#1856,#1809,#1881,.T.);
#1881 = LINE('',#1882,#1883);
#1882 = CARTESIAN_POINT('',(1.7,9.75,-6.2));
#1883 = VECTOR('',#1884,1.);
#1884 = DIRECTION('',(0.,1.,0.));
#1885 = ORIENTED_EDGE('',*,*,#1855,.F.);
#1886 = PLANE('',#1887);
#1887 = AXIS2_PLACEMENT_3D('',#1888,#1889,#1890);
#1888 = CARTESIAN_POINT('',(1.7,0.,0.));
#1889 = DIRECTION('',(1.,0.,0.));
#1890 = DIRECTION('',(-0.,1.,0.));
#1891 = ADVANCED_FACE('',(#1892),#1898,.T.);
#1892 = FACE_BOUND('',#1893,.F.);
#1893 = EDGE_LOOP('',(#1894,#1895,#1896,#1897));
#1894 = ORIENTED_EDGE('',*,*,#1839,.F.);
#1895 = ORIENTED_EDGE('',*,*,#1863,.T.);
#1896 = ORIENTED_EDGE('',*,*,#1880,.T.);
#1897 = ORIENTED_EDGE('',*,*,#1808,.F.);
#1898 = PLANE('',#1899);
#1899 = AXIS2_PLACEMENT_3D('',#1900,#1901,#1902);
#1900 = CARTESIAN_POINT('',(-1.7,9.75,-6.2));
#1901 = DIRECTION('',(0.,0.,-1.));
#1902 = DIRECTION('',(0.,1.,0.));
#1903 = ADVANCED_FACE('',(#1904),#1924,.T.);
#1904 = FACE_BOUND('',#1905,.F.);
#1905 = EDGE_LOOP('',(#1906,#1907,#1908,#1909,#1910,#1911,#1917,#1918));
#1906 = ORIENTED_EDGE('',*,*,#1100,.F.);
#1907 = ORIENTED_EDGE('',*,*,#560,.F.);
#1908 = ORIENTED_EDGE('',*,*,#1690,.T.);
#1909 = ORIENTED_EDGE('',*,*,#1640,.T.);
#1910 = ORIENTED_EDGE('',*,*,#1124,.F.);
#1911 = ORIENTED_EDGE('',*,*,#1912,.T.);
#1912 = EDGE_CURVE('',#1125,#1383,#1913,.T.);
#1913 = LINE('',#1914,#1915);
#1914 = CARTESIAN_POINT('',(1.,0.,4.8));
#1915 = VECTOR('',#1916,1.);
#1916 = DIRECTION('',(0.,1.,0.));
#1917 = ORIENTED_EDGE('',*,*,#1380,.F.);
#1918 = ORIENTED_EDGE('',*,*,#1919,.F.);
#1919 = EDGE_CURVE('',#1101,#1381,#1920,.T.);
#1920 = LINE('',#1921,#1922);
#1921 = CARTESIAN_POINT('',(-1.,0.,4.8));
#1922 = VECTOR('',#1923,1.);
#1923 = DIRECTION('',(0.,1.,0.));
#1924 = PLANE('',#1925);
#1925 = AXIS2_PLACEMENT_3D('',#1926,#1927,#1928);
#1926 = CARTESIAN_POINT('',(-2.7,12.8,4.8));
#1927 = DIRECTION('',(0.,0.,1.));
#1928 = DIRECTION('',(0.,-1.,0.));
#1929 = ADVANCED_FACE('',(#1930),#1936,.F.);
#1930 = FACE_BOUND('',#1931,.F.);
#1931 = EDGE_LOOP('',(#1932,#1933,#1934,#1935));
#1932 = ORIENTED_EDGE('',*,*,#1141,.T.);
#1933 = ORIENTED_EDGE('',*,*,#925,.F.);
#1934 = ORIENTED_EDGE('',*,*,#1390,.T.);
#1935 = ORIENTED_EDGE('',*,*,#1912,.F.);
#1936 = PLANE('',#1937);
#1937 = AXIS2_PLACEMENT_3D('',#1938,#1939,#1940);
#1938 = CARTESIAN_POINT('',(1.,0.,3.8));
#1939 = DIRECTION('',(1.,0.,0.));
#1940 = DIRECTION('',(0.,0.,1.));
#1941 = ADVANCED_FACE('',(#1942),#1948,.F.);
#1942 = FACE_BOUND('',#1943,.F.);
#1943 = EDGE_LOOP('',(#1944,#1945,#1946,#1947));
#1944 = ORIENTED_EDGE('',*,*,#1108,.F.);
#1945 = ORIENTED_EDGE('',*,*,#1919,.T.);
#1946 = ORIENTED_EDGE('',*,*,#1401,.T.);
#1947 = ORIENTED_EDGE('',*,*,#966,.F.);
#1948 = PLANE('',#1949);
#1949 = AXIS2_PLACEMENT_3D('',#1950,#1951,#1952);
#1950 = CARTESIAN_POINT('',(-1.,0.,4.8));
#1951 = DIRECTION('',(-1.,0.,0.));
#1952 = DIRECTION('',(0.,0.,-1.));
#1953 = ADVANCED_FACE('',(#1954),#1960,.T.);
#1954 = FACE_BOUND('',#1955,.F.);
#1955 = EDGE_LOOP('',(#1956,#1957,#1958,#1959));
#1956 = ORIENTED_EDGE('',*,*,#694,.T.);
#1957 = ORIENTED_EDGE('',*,*,#765,.T.);
#1958 = ORIENTED_EDGE('',*,*,#598,.T.);
#1959 = ORIENTED_EDGE('',*,*,#1699,.F.);
#1960 = PLANE('',#1961);
#1961 = AXIS2_PLACEMENT_3D('',#1962,#1963,#1964);
#1962 = CARTESIAN_POINT('',(-3.1,12.8,-2.99));
#1963 = DIRECTION('',(-0.707106781187,0.,-0.707106781187));
#1964 = DIRECTION('',(0.707106781187,0.,-0.707106781187));
#1965 = ADVANCED_FACE('',(#1966),#1991,.F.);
#1966 = FACE_BOUND('',#1967,.F.);
#1967 = EDGE_LOOP('',(#1968,#1969,#1977,#1985));
#1968 = ORIENTED_EDGE('',*,*,#1709,.F.);
#1969 = ORIENTED_EDGE('',*,*,#1970,.T.);
#1970 = EDGE_CURVE('',#1710,#1971,#1973,.T.);
#1971 = VERTEX_POINT('',#1972);
#1972 = CARTESIAN_POINT('',(1.8,3.7,3.9));
#1973 = LINE('',#1974,#1975);
#1974 = CARTESIAN_POINT('',(1.8,12.8,3.9));
#1975 = VECTOR('',#1976,1.);
#1976 = DIRECTION('',(0.,-1.,0.));
#1977 = ORIENTED_EDGE('',*,*,#1978,.T.);
#1978 = EDGE_CURVE('',#1971,#1979,#1981,.T.);
#1979 = VERTEX_POINT('',#1980);
#1980 = CARTESIAN_POINT('',(1.8,3.7,0.3));
#1981 = LINE('',#1982,#1983);
#1982 = CARTESIAN_POINT('',(1.8,3.7,3.9));
#1983 = VECTOR('',#1984,1.);
#1984 = DIRECTION('',(0.,0.,-1.));
#1985 = ORIENTED_EDGE('',*,*,#1986,.F.);
#1986 = EDGE_CURVE('',#1712,#1979,#1987,.T.);
#1987 = LINE('',#1988,#1989);
#1988 = CARTESIAN_POINT('',(1.8,12.8,0.3));
#1989 = VECTOR('',#1990,1.);
#1990 = DIRECTION('',(0.,-1.,0.));
#1991 = PLANE('',#1992);
#1992 = AXIS2_PLACEMENT_3D('',#1993,#1994,#1995);
#1993 = CARTESIAN_POINT('',(1.8,12.8,3.9));
#1994 = DIRECTION('',(1.,0.,0.));
#1995 = DIRECTION('',(0.,0.,-1.));
#1996 = ADVANCED_FACE('',(#1997),#2015,.F.);
#1997 = FACE_BOUND('',#1998,.F.);
#1998 = EDGE_LOOP('',(#1999,#2000,#2008,#2014));
#1999 = ORIENTED_EDGE('',*,*,#1735,.F.);
#2000 = ORIENTED_EDGE('',*,*,#2001,.T.);
#2001 = EDGE_CURVE('',#1728,#2002,#2004,.T.);
#2002 = VERTEX_POINT('',#2003);
#2003 = CARTESIAN_POINT('',(-1.8,3.7,3.9));
#2004 = LINE('',#2005,#2006);
#2005 = CARTESIAN_POINT('',(-1.8,12.8,3.9));
#2006 = VECTOR('',#2007,1.);
#2007 = DIRECTION('',(0.,-1.,0.));
#2008 = ORIENTED_EDGE('',*,*,#2009,.T.);
#2009 = EDGE_CURVE('',#2002,#1971,#2010,.T.);
#2010 = LINE('',#2011,#2012);
#2011 = CARTESIAN_POINT('',(-1.8,3.7,3.9));
#2012 = VECTOR('',#2013,1.);
#2013 = DIRECTION('',(1.,0.,0.));
#2014 = ORIENTED_EDGE('',*,*,#1970,.F.);
#2015 = PLANE('',#2016);
#2016 = AXIS2_PLACEMENT_3D('',#2017,#2018,#2019);
#2017 = CARTESIAN_POINT('',(-1.8,12.8,3.9));
#2018 = DIRECTION('',(0.,0.,1.));
#2019 = DIRECTION('',(1.,0.,-0.));
#2020 = ADVANCED_FACE('',(#2021),#2039,.F.);
#2021 = FACE_BOUND('',#2022,.F.);
#2022 = EDGE_LOOP('',(#2023,#2024,#2032,#2038));
#2023 = ORIENTED_EDGE('',*,*,#1727,.F.);
#2024 = ORIENTED_EDGE('',*,*,#2025,.T.);
#2025 = EDGE_CURVE('',#1720,#2026,#2028,.T.);
#2026 = VERTEX_POINT('',#2027);
#2027 = CARTESIAN_POINT('',(-1.8,3.7,0.3));
#2028 = LINE('',#2029,#2030);
#2029 = CARTESIAN_POINT('',(-1.8,12.8,0.3));
#2030 = VECTOR('',#2031,1.);
#2031 = DIRECTION('',(0.,-1.,0.));
#2032 = ORIENTED_EDGE('',*,*,#2033,.T.);
#2033 = EDGE_CURVE('',#2026,#2002,#2034,.T.);
#2034 = LINE('',#2035,#2036);
#2035 = CARTESIAN_POINT('',(-1.8,3.7,0.3));
#2036 = VECTOR('',#2037,1.);
#2037 = DIRECTION('',(0.,0.,1.));
#2038 = ORIENTED_EDGE('',*,*,#2001,.F.);
#2039 = PLANE('',#2040);
#2040 = AXIS2_PLACEMENT_3D('',#2041,#2042,#2043);
#2041 = CARTESIAN_POINT('',(-1.8,12.8,0.3));
#2042 = DIRECTION('',(-1.,0.,0.));
#2043 = DIRECTION('',(0.,0.,1.));
#2044 = ADVANCED_FACE('',(#2045),#2056,.F.);
#2045 = FACE_BOUND('',#2046,.F.);
#2046 = EDGE_LOOP('',(#2047,#2048,#2049,#2055));
#2047 = ORIENTED_EDGE('',*,*,#1719,.F.);
#2048 = ORIENTED_EDGE('',*,*,#1986,.T.);
#2049 = ORIENTED_EDGE('',*,*,#2050,.T.);
#2050 = EDGE_CURVE('',#1979,#2026,#2051,.T.);
#2051 = LINE('',#2052,#2053);
#2052 = CARTESIAN_POINT('',(1.8,3.7,0.3));
#2053 = VECTOR('',#2054,1.);
#2054 = DIRECTION('',(-1.,0.,0.));
#2055 = ORIENTED_EDGE('',*,*,#2025,.F.);
#2056 = PLANE('',#2057);
#2057 = AXIS2_PLACEMENT_3D('',#2058,#2059,#2060);
#2058 = CARTESIAN_POINT('',(1.8,12.8,0.3));
#2059 = DIRECTION('',(0.,0.,-1.));
#2060 = DIRECTION('',(-1.,0.,0.));
#2061 = ADVANCED_FACE('',(#2062,#2068),#2102,.T.);
#2062 = FACE_BOUND('',#2063,.F.);
#2063 = EDGE_LOOP('',(#2064,#2065,#2066,#2067));
#2064 = ORIENTED_EDGE('',*,*,#1978,.F.);
#2065 = ORIENTED_EDGE('',*,*,#2009,.F.);
#2066 = ORIENTED_EDGE('',*,*,#2033,.F.);
#2067 = ORIENTED_EDGE('',*,*,#2050,.F.);
#2068 = FACE_BOUND('',#2069,.F.);
#2069 = EDGE_LOOP('',(#2070,#2080,#2088,#2096));
#2070 = ORIENTED_EDGE('',*,*,#2071,.F.);
#2071 = EDGE_CURVE('',#2072,#2074,#2076,.T.);
#2072 = VERTEX_POINT('',#2073);
#2073 = CARTESIAN_POINT('',(0.57,3.7,1.31));
#2074 = VERTEX_POINT('',#2075);
#2075 = CARTESIAN_POINT('',(0.57,3.7,2.85));
#2076 = LINE('',#2077,#2078);
#2077 = CARTESIAN_POINT('',(0.57,3.7,1.31));
#2078 = VECTOR('',#2079,1.);
#2079 = DIRECTION('',(0.,0.,1.));
#2080 = ORIENTED_EDGE('',*,*,#2081,.T.);
#2081 = EDGE_CURVE('',#2072,#2082,#2084,.T.);
#2082 = VERTEX_POINT('',#2083);
#2083 = CARTESIAN_POINT('',(-0.57,3.7,1.31));
#2084 = LINE('',#2085,#2086);
#2085 = CARTESIAN_POINT('',(0.57,3.7,1.31));
#2086 = VECTOR('',#2087,1.);
#2087 = DIRECTION('',(-1.,0.,0.));
#2088 = ORIENTED_EDGE('',*,*,#2089,.T.);
#2089 = EDGE_CURVE('',#2082,#2090,#2092,.T.);
#2090 = VERTEX_POINT('',#2091);
#2091 = CARTESIAN_POINT('',(-0.57,3.7,2.85));
#2092 = LINE('',#2093,#2094);
#2093 = CARTESIAN_POINT('',(-0.57,3.7,1.31));
#2094 = VECTOR('',#2095,1.);
#2095 = DIRECTION('',(0.,0.,1.));
#2096 = ORIENTED_EDGE('',*,*,#2097,.F.);
#2097 = EDGE_CURVE('',#2074,#2090,#2098,.T.);
#2098 = LINE('',#2099,#2100);
#2099 = CARTESIAN_POINT('',(0.57,3.7,2.85));
#2100 = VECTOR('',#2101,1.);
#2101 = DIRECTION('',(-1.,0.,0.));
#2102 = PLANE('',#2103);
#2103 = AXIS2_PLACEMENT_3D('',#2104,#2105,#2106);
#2104 = CARTESIAN_POINT('',(-2.7,3.7,-4.8));
#2105 = DIRECTION('',(0.,1.,0.));
#2106 = DIRECTION('',(-1.,0.,0.));
#2107 = ADVANCED_FACE('',(#2108,#2158),#2192,.T.);
#2108 = FACE_BOUND('',#2109,.F.);
#2109 = EDGE_LOOP('',(#2110,#2120,#2128,#2136,#2144,#2152));
#2110 = ORIENTED_EDGE('',*,*,#2111,.F.);
#2111 = EDGE_CURVE('',#2112,#2114,#2116,.T.);
#2112 = VERTEX_POINT('',#2113);
#2113 = CARTESIAN_POINT('',(1.8,3.7,-1.2));
#2114 = VERTEX_POINT('',#2115);
#2115 = CARTESIAN_POINT('',(1.8,3.7,-3.9));
#2116 = LINE('',#2117,#2118);
#2117 = CARTESIAN_POINT('',(1.8,3.7,-1.2));
#2118 = VECTOR('',#2119,1.);
#2119 = DIRECTION('',(0.,0.,-1.));
#2120 = ORIENTED_EDGE('',*,*,#2121,.F.);
#2121 = EDGE_CURVE('',#2122,#2112,#2124,.T.);
#2122 = VERTEX_POINT('',#2123);
#2123 = CARTESIAN_POINT('',(0.9,3.7,-0.3));
#2124 = LINE('',#2125,#2126);
#2125 = CARTESIAN_POINT('',(0.9,3.7,-0.3));
#2126 = VECTOR('',#2127,1.);
#2127 = DIRECTION('',(0.707106781187,0.,-0.707106781187));
#2128 = ORIENTED_EDGE('',*,*,#2129,.F.);
#2129 = EDGE_CURVE('',#2130,#2122,#2132,.T.);
#2130 = VERTEX_POINT('',#2131);
#2131 = CARTESIAN_POINT('',(-0.9,3.7,-0.3));
#2132 = LINE('',#2133,#2134);
#2133 = CARTESIAN_POINT('',(-0.9,3.7,-0.3));
#2134 = VECTOR('',#2135,1.);
#2135 = DIRECTION('',(1.,0.,0.));
#2136 = ORIENTED_EDGE('',*,*,#2137,.F.);
#2137 = EDGE_CURVE('',#2138,#2130,#2140,.T.);
#2138 = VERTEX_POINT('',#2139);
#2139 = CARTESIAN_POINT('',(-1.8,3.7,-1.2));
#2140 = LINE('',#2141,#2142);
#2141 = CARTESIAN_POINT('',(-1.8,3.7,-1.2));
#2142 = VECTOR('',#2143,1.);
#2143 = DIRECTION('',(0.707106781187,0.,0.707106781187));
#2144 = ORIENTED_EDGE('',*,*,#2145,.F.);
#2145 = EDGE_CURVE('',#2146,#2138,#2148,.T.);
#2146 = VERTEX_POINT('',#2147);
#2147 = CARTESIAN_POINT('',(-1.8,3.7,-3.9));
#2148 = LINE('',#2149,#2150);
#2149 = CARTESIAN_POINT('',(-1.8,3.7,-3.9));
#2150 = VECTOR('',#2151,1.);
#2151 = DIRECTION('',(0.,0.,1.));
#2152 = ORIENTED_EDGE('',*,*,#2153,.F.);
#2153 = EDGE_CURVE('',#2114,#2146,#2154,.T.);
#2154 = LINE('',#2155,#2156);
#2155 = CARTESIAN_POINT('',(1.8,3.7,-3.9));
#2156 = VECTOR('',#2157,1.);
#2157 = DIRECTION('',(-1.,0.,0.));
#2158 = FACE_BOUND('',#2159,.F.);
#2159 = EDGE_LOOP('',(#2160,#2170,#2178,#2186));
#2160 = ORIENTED_EDGE('',*,*,#2161,.F.);
#2161 = EDGE_CURVE('',#2162,#2164,#2166,.T.);
#2162 = VERTEX_POINT('',#2163);
#2163 = CARTESIAN_POINT('',(0.57,3.7,-3.25));
#2164 = VERTEX_POINT('',#2165);
#2165 = CARTESIAN_POINT('',(0.57,3.7,-1.71));
#2166 = LINE('',#2167,#2168);
#2167 = CARTESIAN_POINT('',(0.57,3.7,-3.25));
#2168 = VECTOR('',#2169,1.);
#2169 = DIRECTION('',(0.,0.,1.));
#2170 = ORIENTED_EDGE('',*,*,#2171,.T.);
#2171 = EDGE_CURVE('',#2162,#2172,#2174,.T.);
#2172 = VERTEX_POINT('',#2173);
#2173 = CARTESIAN_POINT('',(-0.57,3.7,-3.25));
#2174 = LINE('',#2175,#2176);
#2175 = CARTESIAN_POINT('',(0.57,3.7,-3.25));
#2176 = VECTOR('',#2177,1.);
#2177 = DIRECTION('',(-1.,0.,0.));
#2178 = ORIENTED_EDGE('',*,*,#2179,.T.);
#2179 = EDGE_CURVE('',#2172,#2180,#2182,.T.);
#2180 = VERTEX_POINT('',#2181);
#2181 = CARTESIAN_POINT('',(-0.57,3.7,-1.71));
#2182 = LINE('',#2183,#2184);
#2183 = CARTESIAN_POINT('',(-0.57,3.7,-3.25));
#2184 = VECTOR('',#2185,1.);
#2185 = DIRECTION('',(0.,0.,1.));
#2186 = ORIENTED_EDGE('',*,*,#2187,.F.);
#2187 = EDGE_CURVE('',#2164,#2180,#2188,.T.);
#2188 = LINE('',#2189,#2190);
#2189 = CARTESIAN_POINT('',(0.57,3.7,-1.71));
#2190 = VECTOR('',#2191,1.);
#2191 = DIRECTION('',(-1.,0.,0.));
#2192 = PLANE('',#2193);
#2193 = AXIS2_PLACEMENT_3D('',#2194,#2195,#2196);
#2194 = CARTESIAN_POINT('',(-2.7,3.7,-4.8));
#2195 = DIRECTION('',(0.,1.,0.));
#2196 = DIRECTION('',(-1.,0.,0.));
#2197 = ADVANCED_FACE('',(#2198),#2214,.F.);
#2198 = FACE_BOUND('',#2199,.F.);
#2199 = EDGE_LOOP('',(#2200,#2201,#2207,#2208));
#2200 = ORIENTED_EDGE('',*,*,#1743,.F.);
#2201 = ORIENTED_EDGE('',*,*,#2202,.T.);
#2202 = EDGE_CURVE('',#1744,#2112,#2203,.T.);
#2203 = LINE('',#2204,#2205);
#2204 = CARTESIAN_POINT('',(1.8,12.8,-1.2));
#2205 = VECTOR('',#2206,1.);
#2206 = DIRECTION('',(0.,-1.,0.));
#2207 = ORIENTED_EDGE('',*,*,#2111,.T.);
#2208 = ORIENTED_EDGE('',*,*,#2209,.F.);
#2209 = EDGE_CURVE('',#1746,#2114,#2210,.T.);
#2210 = LINE('',#2211,#2212);
#2211 = CARTESIAN_POINT('',(1.8,12.8,-3.9));
#2212 = VECTOR('',#2213,1.);
#2213 = DIRECTION('',(0.,-1.,0.));
#2214 = PLANE('',#2215);
#2215 = AXIS2_PLACEMENT_3D('',#2216,#2217,#2218);
#2216 = CARTESIAN_POINT('',(1.8,12.8,-1.2));
#2217 = DIRECTION('',(1.,0.,0.));
#2218 = DIRECTION('',(0.,0.,-1.));
#2219 = ADVANCED_FACE('',(#2220),#2231,.F.);
#2220 = FACE_BOUND('',#2221,.F.);
#2221 = EDGE_LOOP('',(#2222,#2223,#2229,#2230));
#2222 = ORIENTED_EDGE('',*,*,#1785,.F.);
#2223 = ORIENTED_EDGE('',*,*,#2224,.T.);
#2224 = EDGE_CURVE('',#1778,#2122,#2225,.T.);
#2225 = LINE('',#2226,#2227);
#2226 = CARTESIAN_POINT('',(0.9,12.8,-0.3));
#2227 = VECTOR('',#2228,1.);
#2228 = DIRECTION('',(0.,-1.,0.));
#2229 = ORIENTED_EDGE('',*,*,#2121,.T.);
#2230 = ORIENTED_EDGE('',*,*,#2202,.F.);
#2231 = PLANE('',#2232);
#2232 = AXIS2_PLACEMENT_3D('',#2233,#2234,#2235);
#2233 = CARTESIAN_POINT('',(0.9,12.8,-0.3));
#2234 = DIRECTION('',(0.707106781187,0.,0.707106781187));
#2235 = DIRECTION('',(0.707106781187,0.,-0.707106781187));
#2236 = ADVANCED_FACE('',(#2237),#2248,.F.);
#2237 = FACE_BOUND('',#2238,.F.);
#2238 = EDGE_LOOP('',(#2239,#2240,#2246,#2247));
#2239 = ORIENTED_EDGE('',*,*,#1777,.F.);
#2240 = ORIENTED_EDGE('',*,*,#2241,.T.);
#2241 = EDGE_CURVE('',#1770,#2130,#2242,.T.);
#2242 = LINE('',#2243,#2244);
#2243 = CARTESIAN_POINT('',(-0.9,12.8,-0.3));
#2244 = VECTOR('',#2245,1.);
#2245 = DIRECTION('',(0.,-1.,0.));
#2246 = ORIENTED_EDGE('',*,*,#2129,.T.);
#2247 = ORIENTED_EDGE('',*,*,#2224,.F.);
#2248 = PLANE('',#2249);
#2249 = AXIS2_PLACEMENT_3D('',#2250,#2251,#2252);
#2250 = CARTESIAN_POINT('',(-0.9,12.8,-0.3));
#2251 = DIRECTION('',(0.,0.,1.));
#2252 = DIRECTION('',(1.,0.,-0.));
#2253 = ADVANCED_FACE('',(#2254),#2265,.F.);
#2254 = FACE_BOUND('',#2255,.F.);
#2255 = EDGE_LOOP('',(#2256,#2257,#2263,#2264));
#2256 = ORIENTED_EDGE('',*,*,#1769,.F.);
#2257 = ORIENTED_EDGE('',*,*,#2258,.T.);
#2258 = EDGE_CURVE('',#1762,#2138,#2259,.T.);
#2259 = LINE('',#2260,#2261);
#2260 = CARTESIAN_POINT('',(-1.8,12.8,-1.2));
#2261 = VECTOR('',#2262,1.);
#2262 = DIRECTION('',(0.,-1.,0.));
#2263 = ORIENTED_EDGE('',*,*,#2137,.T.);
#2264 = ORIENTED_EDGE('',*,*,#2241,.F.);
#2265 = PLANE('',#2266);
#2266 = AXIS2_PLACEMENT_3D('',#2267,#2268,#2269);
#2267 = CARTESIAN_POINT('',(-1.8,12.8,-1.2));
#2268 = DIRECTION('',(-0.707106781187,0.,0.707106781187));
#2269 = DIRECTION('',(0.707106781187,0.,0.707106781187));
#2270 = ADVANCED_FACE('',(#2271),#2282,.F.);
#2271 = FACE_BOUND('',#2272,.F.);
#2272 = EDGE_LOOP('',(#2273,#2274,#2280,#2281));
#2273 = ORIENTED_EDGE('',*,*,#1761,.F.);
#2274 = ORIENTED_EDGE('',*,*,#2275,.T.);
#2275 = EDGE_CURVE('',#1754,#2146,#2276,.T.);
#2276 = LINE('',#2277,#2278);
#2277 = CARTESIAN_POINT('',(-1.8,12.8,-3.9));
#2278 = VECTOR('',#2279,1.);
#2279 = DIRECTION('',(0.,-1.,0.));
#2280 = ORIENTED_EDGE('',*,*,#2145,.T.);
#2281 = ORIENTED_EDGE('',*,*,#2258,.F.);
#2282 = PLANE('',#2283);
#2283 = AXIS2_PLACEMENT_3D('',#2284,#2285,#2286);
#2284 = CARTESIAN_POINT('',(-1.8,12.8,-3.9));
#2285 = DIRECTION('',(-1.,0.,0.));
#2286 = DIRECTION('',(0.,0.,1.));
#2287 = ADVANCED_FACE('',(#2288),#2294,.F.);
#2288 = FACE_BOUND('',#2289,.F.);
#2289 = EDGE_LOOP('',(#2290,#2291,#2292,#2293));
#2290 = ORIENTED_EDGE('',*,*,#1753,.F.);
#2291 = ORIENTED_EDGE('',*,*,#2209,.T.);
#2292 = ORIENTED_EDGE('',*,*,#2153,.T.);
#2293 = ORIENTED_EDGE('',*,*,#2275,.F.);
#2294 = PLANE('',#2295);
#2295 = AXIS2_PLACEMENT_3D('',#2296,#2297,#2298);
#2296 = CARTESIAN_POINT('',(1.8,12.8,-3.9));
#2297 = DIRECTION('',(0.,0.,-1.));
#2298 = DIRECTION('',(-1.,0.,0.));
#2299 = ADVANCED_FACE('',(#2300),#2333,.F.);
#2300 = FACE_BOUND('',#2301,.F.);
#2301 = EDGE_LOOP('',(#2302,#2303,#2311,#2319,#2327));
#2302 = ORIENTED_EDGE('',*,*,#2161,.T.);
#2303 = ORIENTED_EDGE('',*,*,#2304,.T.);
#2304 = EDGE_CURVE('',#2164,#2305,#2307,.T.);
#2305 = VERTEX_POINT('',#2306);
#2306 = CARTESIAN_POINT('',(0.57,9.2,-1.71));
#2307 = LINE('',#2308,#2309);
#2308 = CARTESIAN_POINT('',(0.57,3.7,-1.71));
#2309 = VECTOR('',#2310,1.);
#2310 = DIRECTION('',(0.,1.,0.));
#2311 = ORIENTED_EDGE('',*,*,#2312,.T.);
#2312 = EDGE_CURVE('',#2305,#2313,#2315,.T.);
#2313 = VERTEX_POINT('',#2314);
#2314 = CARTESIAN_POINT('',(0.57,9.2,-2.85));
#2315 = LINE('',#2316,#2317);
#2316 = CARTESIAN_POINT('',(0.57,9.2,-1.71));
#2317 = VECTOR('',#2318,1.);
#2318 = DIRECTION('',(0.,0.,-1.));
#2319 = ORIENTED_EDGE('',*,*,#2320,.T.);
#2320 = EDGE_CURVE('',#2313,#2321,#2323,.T.);
#2321 = VERTEX_POINT('',#2322);
#2322 = CARTESIAN_POINT('',(0.57,4.3,-2.85));
#2323 = LINE('',#2324,#2325);
#2324 = CARTESIAN_POINT('',(0.57,9.2,-2.85));
#2325 = VECTOR('',#2326,1.);
#2326 = DIRECTION('',(0.,-1.,0.));
#2327 = ORIENTED_EDGE('',*,*,#2328,.T.);
#2328 = EDGE_CURVE('',#2321,#2162,#2329,.T.);
#2329 = LINE('',#2330,#2331);
#2330 = CARTESIAN_POINT('',(0.57,4.3,-2.85));
#2331 = VECTOR('',#2332,1.);
#2332 = DIRECTION('',(0.,-0.832050294338,-0.554700196225));
#2333 = PLANE('',#2334);
#2334 = AXIS2_PLACEMENT_3D('',#2335,#2336,#2337);
#2335 = CARTESIAN_POINT('',(0.57,0.,0.));
#2336 = DIRECTION('',(-1.,0.,0.));
#2337 = DIRECTION('',(0.,-1.,0.));
#2338 = ADVANCED_FACE('',(#2339),#2372,.F.);
#2339 = FACE_BOUND('',#2340,.F.);
#2340 = EDGE_LOOP('',(#2341,#2342,#2350,#2358,#2366));
#2341 = ORIENTED_EDGE('',*,*,#2071,.T.);
#2342 = ORIENTED_EDGE('',*,*,#2343,.T.);
#2343 = EDGE_CURVE('',#2074,#2344,#2346,.T.);
#2344 = VERTEX_POINT('',#2345);
#2345 = CARTESIAN_POINT('',(0.57,4.3,2.45));
#2346 = LINE('',#2347,#2348);
#2347 = CARTESIAN_POINT('',(0.57,3.7,2.85));
#2348 = VECTOR('',#2349,1.);
#2349 = DIRECTION('',(0.,0.832050294338,-0.554700196225));
#2350 = ORIENTED_EDGE('',*,*,#2351,.T.);
#2351 = EDGE_CURVE('',#2344,#2352,#2354,.T.);
#2352 = VERTEX_POINT('',#2353);
#2353 = CARTESIAN_POINT('',(0.57,9.2,2.45));
#2354 = LINE('',#2355,#2356);
#2355 = CARTESIAN_POINT('',(0.57,4.3,2.45));
#2356 = VECTOR('',#2357,1.);
#2357 = DIRECTION('',(0.,1.,0.));
#2358 = ORIENTED_EDGE('',*,*,#2359,.T.);
#2359 = EDGE_CURVE('',#2352,#2360,#2362,.T.);
#2360 = VERTEX_POINT('',#2361);
#2361 = CARTESIAN_POINT('',(0.57,9.2,1.31));
#2362 = LINE('',#2363,#2364);
#2363 = CARTESIAN_POINT('',(0.57,9.2,2.45));
#2364 = VECTOR('',#2365,1.);
#2365 = DIRECTION('',(0.,0.,-1.));
#2366 = ORIENTED_EDGE('',*,*,#2367,.T.);
#2367 = EDGE_CURVE('',#2360,#2072,#2368,.T.);
#2368 = LINE('',#2369,#2370);
#2369 = CARTESIAN_POINT('',(0.57,9.2,1.31));
#2370 = VECTOR('',#2371,1.);
#2371 = DIRECTION('',(0.,-1.,0.));
#2372 = PLANE('',#2373);
#2373 = AXIS2_PLACEMENT_3D('',#2374,#2375,#2376);
#2374 = CARTESIAN_POINT('',(0.57,0.,0.));
#2375 = DIRECTION('',(-1.,0.,0.));
#2376 = DIRECTION('',(0.,-1.,0.));
#2377 = ADVANCED_FACE('',(#2378),#2411,.F.);
#2378 = FACE_BOUND('',#2379,.F.);
#2379 = EDGE_LOOP('',(#2380,#2388,#2396,#2404,#2410));
#2380 = ORIENTED_EDGE('',*,*,#2381,.T.);
#2381 = EDGE_CURVE('',#1410,#2382,#2384,.T.);
#2382 = VERTEX_POINT('',#2383);
#2383 = CARTESIAN_POINT('',(0.57,-2.23,2.25));
#2384 = LINE('',#2385,#2386);
#2385 = CARTESIAN_POINT('',(0.57,0.8,2.25));
#2386 = VECTOR('',#2387,1.);
#2387 = DIRECTION('',(0.,-1.,0.));
#2388 = ORIENTED_EDGE('',*,*,#2389,.T.);
#2389 = EDGE_CURVE('',#2382,#2390,#2392,.T.);
#2390 = VERTEX_POINT('',#2391);
#2391 = CARTESIAN_POINT('',(0.57,-3.5,2.7));
#2392 = LINE('',#2393,#2394);
#2393 = CARTESIAN_POINT('',(0.57,-2.23,2.25));
#2394 = VECTOR('',#2395,1.);
#2395 = DIRECTION('',(0.,-0.942578556478,0.333984527886));
#2396 = ORIENTED_EDGE('',*,*,#2397,.T.);
#2397 = EDGE_CURVE('',#2390,#2398,#2400,.T.);
#2398 = VERTEX_POINT('',#2399);
#2399 = CARTESIAN_POINT('',(0.57,-3.5,2.85));
#2400 = LINE('',#2401,#2402);
#2401 = CARTESIAN_POINT('',(0.57,-3.5,2.7));
#2402 = VECTOR('',#2403,1.);
#2403 = DIRECTION('',(0.,0.,1.));
#2404 = ORIENTED_EDGE('',*,*,#2405,.T.);
#2405 = EDGE_CURVE('',#2398,#1412,#2406,.T.);
#2406 = LINE('',#2407,#2408);
#2407 = CARTESIAN_POINT('',(0.57,-3.5,2.85));
#2408 = VECTOR('',#2409,1.);
#2409 = DIRECTION('',(0.,1.,0.));
#2410 = ORIENTED_EDGE('',*,*,#1409,.F.);
#2411 = PLANE('',#2412);
#2412 = AXIS2_PLACEMENT_3D('',#2413,#2414,#2415);
#2413 = CARTESIAN_POINT('',(0.57,0.,0.));
#2414 = DIRECTION('',(-1.,0.,0.));
#2415 = DIRECTION('',(0.,-1.,0.));
#2416 = ADVANCED_FACE('',(#2417),#2450,.F.);
#2417 = FACE_BOUND('',#2418,.F.);
#2418 = EDGE_LOOP('',(#2419,#2420,#2428,#2436,#2444));
#2419 = ORIENTED_EDGE('',*,*,#1340,.F.);
#2420 = ORIENTED_EDGE('',*,*,#2421,.T.);
#2421 = EDGE_CURVE('',#1341,#2422,#2424,.T.);
#2422 = VERTEX_POINT('',#2423);
#2423 = CARTESIAN_POINT('',(0.57,-3.5,-3.25));
#2424 = LINE('',#2425,#2426);
#2425 = CARTESIAN_POINT('',(0.57,0.8,-3.25));
#2426 = VECTOR('',#2427,1.);
#2427 = DIRECTION('',(0.,-1.,0.));
#2428 = ORIENTED_EDGE('',*,*,#2429,.T.);
#2429 = EDGE_CURVE('',#2422,#2430,#2432,.T.);
#2430 = VERTEX_POINT('',#2431);
#2431 = CARTESIAN_POINT('',(0.57,-3.5,-3.1));
#2432 = LINE('',#2433,#2434);
#2433 = CARTESIAN_POINT('',(0.57,-3.5,-3.25));
#2434 = VECTOR('',#2435,1.);
#2435 = DIRECTION('',(0.,0.,1.));
#2436 = ORIENTED_EDGE('',*,*,#2437,.T.);
#2437 = EDGE_CURVE('',#2430,#2438,#2440,.T.);
#2438 = VERTEX_POINT('',#2439);
#2439 = CARTESIAN_POINT('',(0.57,-2.23,-2.65));
#2440 = LINE('',#2441,#2442);
#2441 = CARTESIAN_POINT('',(0.57,-3.5,-3.1));
#2442 = VECTOR('',#2443,1.);
#2443 = DIRECTION('',(0.,0.942578556478,0.333984527886));
#2444 = ORIENTED_EDGE('',*,*,#2445,.T.);
#2445 = EDGE_CURVE('',#2438,#1343,#2446,.T.);
#2446 = LINE('',#2447,#2448);
#2447 = CARTESIAN_POINT('',(0.57,-2.23,-2.65));
#2448 = VECTOR('',#2449,1.);
#2449 = DIRECTION('',(0.,1.,0.));
#2450 = PLANE('',#2451);
#2451 = AXIS2_PLACEMENT_3D('',#2452,#2453,#2454);
#2452 = CARTESIAN_POINT('',(0.57,0.,0.));
#2453 = DIRECTION('',(-1.,0.,0.));
#2454 = DIRECTION('',(0.,-1.,0.));
#2455 = ADVANCED_FACE('',(#2456),#2474,.T.);
#2456 = FACE_BOUND('',#2457,.F.);
#2457 = EDGE_LOOP('',(#2458,#2459,#2467,#2473));
#2458 = ORIENTED_EDGE('',*,*,#2187,.T.);
#2459 = ORIENTED_EDGE('',*,*,#2460,.T.);
#2460 = EDGE_CURVE('',#2180,#2461,#2463,.T.);
#2461 = VERTEX_POINT('',#2462);
#2462 = CARTESIAN_POINT('',(-0.57,9.2,-1.71));
#2463 = LINE('',#2464,#2465);
#2464 = CARTESIAN_POINT('',(-0.57,3.7,-1.71));
#2465 = VECTOR('',#2466,1.);
#2466 = DIRECTION('',(0.,1.,0.));
#2467 = ORIENTED_EDGE('',*,*,#2468,.F.);
#2468 = EDGE_CURVE('',#2305,#2461,#2469,.T.);
#2469 = LINE('',#2470,#2471);
#2470 = CARTESIAN_POINT('',(0.57,9.2,-1.71));
#2471 = VECTOR('',#2472,1.);
#2472 = DIRECTION('',(-1.,0.,0.));
#2473 = ORIENTED_EDGE('',*,*,#2304,.F.);
#2474 = PLANE('',#2475);
#2475 = AXIS2_PLACEMENT_3D('',#2476,#2477,#2478);
#2476 = CARTESIAN_POINT('',(0.57,3.7,-1.71));
#2477 = DIRECTION('',(0.,0.,1.));
#2478 = DIRECTION('',(0.,1.,0.));
#2479 = ADVANCED_FACE('',(#2480),#2506,.T.);
#2480 = FACE_BOUND('',#2481,.F.);
#2481 = EDGE_LOOP('',(#2482,#2483,#2491,#2499,#2505));
#2482 = ORIENTED_EDGE('',*,*,#2179,.F.);
#2483 = ORIENTED_EDGE('',*,*,#2484,.F.);
#2484 = EDGE_CURVE('',#2485,#2172,#2487,.T.);
#2485 = VERTEX_POINT('',#2486);
#2486 = CARTESIAN_POINT('',(-0.57,4.3,-2.85));
#2487 = LINE('',#2488,#2489);
#2488 = CARTESIAN_POINT('',(-0.57,4.3,-2.85));
#2489 = VECTOR('',#2490,1.);
#2490 = DIRECTION('',(0.,-0.832050294338,-0.554700196225));
#2491 = ORIENTED_EDGE('',*,*,#2492,.F.);
#2492 = EDGE_CURVE('',#2493,#2485,#2495,.T.);
#2493 = VERTEX_POINT('',#2494);
#2494 = CARTESIAN_POINT('',(-0.57,9.2,-2.85));
#2495 = LINE('',#2496,#2497);
#2496 = CARTESIAN_POINT('',(-0.57,9.2,-2.85));
#2497 = VECTOR('',#2498,1.);
#2498 = DIRECTION('',(0.,-1.,0.));
#2499 = ORIENTED_EDGE('',*,*,#2500,.F.);
#2500 = EDGE_CURVE('',#2461,#2493,#2501,.T.);
#2501 = LINE('',#2502,#2503);
#2502 = CARTESIAN_POINT('',(-0.57,9.2,-1.71));
#2503 = VECTOR('',#2504,1.);
#2504 = DIRECTION('',(0.,0.,-1.));
#2505 = ORIENTED_EDGE('',*,*,#2460,.F.);
#2506 = PLANE('',#2507);
#2507 = AXIS2_PLACEMENT_3D('',#2508,#2509,#2510);
#2508 = CARTESIAN_POINT('',(-0.57,0.,0.));
#2509 = DIRECTION('',(-1.,0.,0.));
#2510 = DIRECTION('',(0.,-1.,0.));
#2511 = ADVANCED_FACE('',(#2512),#2545,.T.);
#2512 = FACE_BOUND('',#2513,.F.);
#2513 = EDGE_LOOP('',(#2514,#2515,#2523,#2531,#2539));
#2514 = ORIENTED_EDGE('',*,*,#2089,.F.);
#2515 = ORIENTED_EDGE('',*,*,#2516,.F.);
#2516 = EDGE_CURVE('',#2517,#2082,#2519,.T.);
#2517 = VERTEX_POINT('',#2518);
#2518 = CARTESIAN_POINT('',(-0.57,9.2,1.31));
#2519 = LINE('',#2520,#2521);
#2520 = CARTESIAN_POINT('',(-0.57,9.2,1.31));
#2521 = VECTOR('',#2522,1.);
#2522 = DIRECTION('',(0.,-1.,0.));
#2523 = ORIENTED_EDGE('',*,*,#2524,.F.);
#2524 = EDGE_CURVE('',#2525,#2517,#2527,.T.);
#2525 = VERTEX_POINT('',#2526);
#2526 = CARTESIAN_POINT('',(-0.57,9.2,2.45));
#2527 = LINE('',#2528,#2529);
#2528 = CARTESIAN_POINT('',(-0.57,9.2,2.45));
#2529 = VECTOR('',#2530,1.);
#2530 = DIRECTION('',(0.,0.,-1.));
#2531 = ORIENTED_EDGE('',*,*,#2532,.F.);
#2532 = EDGE_CURVE('',#2533,#2525,#2535,.T.);
#2533 = VERTEX_POINT('',#2534);
#2534 = CARTESIAN_POINT('',(-0.57,4.3,2.45));
#2535 = LINE('',#2536,#2537);
#2536 = CARTESIAN_POINT('',(-0.57,4.3,2.45));
#2537 = VECTOR('',#2538,1.);
#2538 = DIRECTION('',(0.,1.,0.));
#2539 = ORIENTED_EDGE('',*,*,#2540,.F.);
#2540 = EDGE_CURVE('',#2090,#2533,#2541,.T.);
#2541 = LINE('',#2542,#2543);
#2542 = CARTESIAN_POINT('',(-0.57,3.7,2.85));
#2543 = VECTOR('',#2544,1.);
#2544 = DIRECTION('',(0.,0.832050294338,-0.554700196225));
#2545 = PLANE('',#2546);
#2546 = AXIS2_PLACEMENT_3D('',#2547,#2548,#2549);
#2547 = CARTESIAN_POINT('',(-0.57,0.,0.));
#2548 = DIRECTION('',(-1.,0.,0.));
#2549 = DIRECTION('',(0.,-1.,0.));
#2550 = ADVANCED_FACE('',(#2551),#2584,.T.);
#2551 = FACE_BOUND('',#2552,.F.);
#2552 = EDGE_LOOP('',(#2553,#2561,#2562,#2570,#2578));
#2553 = ORIENTED_EDGE('',*,*,#2554,.F.);
#2554 = EDGE_CURVE('',#1428,#2555,#2557,.T.);
#2555 = VERTEX_POINT('',#2556);
#2556 = CARTESIAN_POINT('',(-0.57,-2.23,2.25));
#2557 = LINE('',#2558,#2559);
#2558 = CARTESIAN_POINT('',(-0.57,0.8,2.25));
#2559 = VECTOR('',#2560,1.);
#2560 = DIRECTION('',(0.,-1.,0.));
#2561 = ORIENTED_EDGE('',*,*,#1427,.T.);
#2562 = ORIENTED_EDGE('',*,*,#2563,.F.);
#2563 = EDGE_CURVE('',#2564,#1420,#2566,.T.);
#2564 = VERTEX_POINT('',#2565);
#2565 = CARTESIAN_POINT('',(-0.57,-3.5,2.85));
#2566 = LINE('',#2567,#2568);
#2567 = CARTESIAN_POINT('',(-0.57,-3.5,2.85));
#2568 = VECTOR('',#2569,1.);
#2569 = DIRECTION('',(0.,1.,0.));
#2570 = ORIENTED_EDGE('',*,*,#2571,.F.);
#2571 = EDGE_CURVE('',#2572,#2564,#2574,.T.);
#2572 = VERTEX_POINT('',#2573);
#2573 = CARTESIAN_POINT('',(-0.57,-3.5,2.7));
#2574 = LINE('',#2575,#2576);
#2575 = CARTESIAN_POINT('',(-0.57,-3.5,2.7));
#2576 = VECTOR('',#2577,1.);
#2577 = DIRECTION('',(0.,0.,1.));
#2578 = ORIENTED_EDGE('',*,*,#2579,.F.);
#2579 = EDGE_CURVE('',#2555,#2572,#2580,.T.);
#2580 = LINE('',#2581,#2582);
#2581 = CARTESIAN_POINT('',(-0.57,-2.23,2.25));
#2582 = VECTOR('',#2583,1.);
#2583 = DIRECTION('',(0.,-0.942578556478,0.333984527886));
#2584 = PLANE('',#2585);
#2585 = AXIS2_PLACEMENT_3D('',#2586,#2587,#2588);
#2586 = CARTESIAN_POINT('',(-0.57,0.,0.));
#2587 = DIRECTION('',(-1.,0.,0.));
#2588 = DIRECTION('',(0.,-1.,0.));
#2589 = ADVANCED_FACE('',(#2590),#2623,.T.);
#2590 = FACE_BOUND('',#2591,.F.);
#2591 = EDGE_LOOP('',(#2592,#2593,#2601,#2609,#2617));
#2592 = ORIENTED_EDGE('',*,*,#1358,.T.);
#2593 = ORIENTED_EDGE('',*,*,#2594,.F.);
#2594 = EDGE_CURVE('',#2595,#1351,#2597,.T.);
#2595 = VERTEX_POINT('',#2596);
#2596 = CARTESIAN_POINT('',(-0.57,-2.23,-2.65));
#2597 = LINE('',#2598,#2599);
#2598 = CARTESIAN_POINT('',(-0.57,-2.23,-2.65));
#2599 = VECTOR('',#2600,1.);
#2600 = DIRECTION('',(0.,1.,0.));
#2601 = ORIENTED_EDGE('',*,*,#2602,.F.);
#2602 = EDGE_CURVE('',#2603,#2595,#2605,.T.);
#2603 = VERTEX_POINT('',#2604);
#2604 = CARTESIAN_POINT('',(-0.57,-3.5,-3.1));
#2605 = LINE('',#2606,#2607);
#2606 = CARTESIAN_POINT('',(-0.57,-3.5,-3.1));
#2607 = VECTOR('',#2608,1.);
#2608 = DIRECTION('',(0.,0.942578556478,0.333984527886));
#2609 = ORIENTED_EDGE('',*,*,#2610,.F.);
#2610 = EDGE_CURVE('',#2611,#2603,#2613,.T.);
#2611 = VERTEX_POINT('',#2612);
#2612 = CARTESIAN_POINT('',(-0.57,-3.5,-3.25));
#2613 = LINE('',#2614,#2615);
#2614 = CARTESIAN_POINT('',(-0.57,-3.5,-3.25));
#2615 = VECTOR('',#2616,1.);
#2616 = DIRECTION('',(0.,0.,1.));
#2617 = ORIENTED_EDGE('',*,*,#2618,.F.);
#2618 = EDGE_CURVE('',#1359,#2611,#2619,.T.);
#2619 = LINE('',#2620,#2621);
#2620 = CARTESIAN_POINT('',(-0.57,0.8,-3.25));
#2621 = VECTOR('',#2622,1.);
#2622 = DIRECTION('',(0.,-1.,0.));
#2623 = PLANE('',#2624);
#2624 = AXIS2_PLACEMENT_3D('',#2625,#2626,#2627);
#2625 = CARTESIAN_POINT('',(-0.57,0.,0.));
#2626 = DIRECTION('',(-1.,0.,0.));
#2627 = DIRECTION('',(0.,-1.,0.));
#2628 = ADVANCED_FACE('',(#2629),#2640,.T.);
#2629 = FACE_BOUND('',#2630,.F.);
#2630 = EDGE_LOOP('',(#2631,#2632,#2633,#2639));
#2631 = ORIENTED_EDGE('',*,*,#2171,.F.);
#2632 = ORIENTED_EDGE('',*,*,#2328,.F.);
#2633 = ORIENTED_EDGE('',*,*,#2634,.T.);
#2634 = EDGE_CURVE('',#2321,#2485,#2635,.T.);
#2635 = LINE('',#2636,#2637);
#2636 = CARTESIAN_POINT('',(0.57,4.3,-2.85));
#2637 = VECTOR('',#2638,1.);
#2638 = DIRECTION('',(-1.,0.,0.));
#2639 = ORIENTED_EDGE('',*,*,#2484,.T.);
#2640 = PLANE('',#2641);
#2641 = AXIS2_PLACEMENT_3D('',#2642,#2643,#2644);
#2642 = CARTESIAN_POINT('',(0.57,4.3,-2.85));
#2643 = DIRECTION('',(0.,0.554700196225,-0.832050294338));
#2644 = DIRECTION('',(0.,-0.832050294338,-0.554700196225));
#2645 = ADVANCED_FACE('',(#2646),#2657,.T.);
#2646 = FACE_BOUND('',#2647,.F.);
#2647 = EDGE_LOOP('',(#2648,#2649,#2655,#2656));
#2648 = ORIENTED_EDGE('',*,*,#2320,.F.);
#2649 = ORIENTED_EDGE('',*,*,#2650,.T.);
#2650 = EDGE_CURVE('',#2313,#2493,#2651,.T.);
#2651 = LINE('',#2652,#2653);
#2652 = CARTESIAN_POINT('',(0.57,9.2,-2.85));
#2653 = VECTOR('',#2654,1.);
#2654 = DIRECTION('',(-1.,0.,0.));
#2655 = ORIENTED_EDGE('',*,*,#2492,.T.);
#2656 = ORIENTED_EDGE('',*,*,#2634,.F.);
#2657 = PLANE('',#2658);
#2658 = AXIS2_PLACEMENT_3D('',#2659,#2660,#2661);
#2659 = CARTESIAN_POINT('',(0.57,9.2,-2.85));
#2660 = DIRECTION('',(0.,0.,-1.));
#2661 = DIRECTION('',(0.,-1.,0.));
#2662 = ADVANCED_FACE('',(#2663),#2669,.T.);
#2663 = FACE_BOUND('',#2664,.F.);
#2664 = EDGE_LOOP('',(#2665,#2666,#2667,#2668));
#2665 = ORIENTED_EDGE('',*,*,#2312,.F.);
#2666 = ORIENTED_EDGE('',*,*,#2468,.T.);
#2667 = ORIENTED_EDGE('',*,*,#2500,.T.);
#2668 = ORIENTED_EDGE('',*,*,#2650,.F.);
#2669 = PLANE('',#2670);
#2670 = AXIS2_PLACEMENT_3D('',#2671,#2672,#2673);
#2671 = CARTESIAN_POINT('',(0.57,9.2,-1.71));
#2672 = DIRECTION('',(0.,1.,0.));
#2673 = DIRECTION('',(0.,0.,-1.));
#2674 = ADVANCED_FACE('',(#2675),#2686,.T.);
#2675 = FACE_BOUND('',#2676,.F.);
#2676 = EDGE_LOOP('',(#2677,#2678,#2679,#2685));
#2677 = ORIENTED_EDGE('',*,*,#2081,.F.);
#2678 = ORIENTED_EDGE('',*,*,#2367,.F.);
#2679 = ORIENTED_EDGE('',*,*,#2680,.T.);
#2680 = EDGE_CURVE('',#2360,#2517,#2681,.T.);
#2681 = LINE('',#2682,#2683);
#2682 = CARTESIAN_POINT('',(0.57,9.2,1.31));
#2683 = VECTOR('',#2684,1.);
#2684 = DIRECTION('',(-1.,0.,0.));
#2685 = ORIENTED_EDGE('',*,*,#2516,.T.);
#2686 = PLANE('',#2687);
#2687 = AXIS2_PLACEMENT_3D('',#2688,#2689,#2690);
#2688 = CARTESIAN_POINT('',(0.57,9.2,1.31));
#2689 = DIRECTION('',(0.,0.,-1.));
#2690 = DIRECTION('',(0.,-1.,0.));
#2691 = ADVANCED_FACE('',(#2692),#2703,.T.);
#2692 = FACE_BOUND('',#2693,.F.);
#2693 = EDGE_LOOP('',(#2694,#2695,#2701,#2702));
#2694 = ORIENTED_EDGE('',*,*,#2359,.F.);
#2695 = ORIENTED_EDGE('',*,*,#2696,.T.);
#2696 = EDGE_CURVE('',#2352,#2525,#2697,.T.);
#2697 = LINE('',#2698,#2699);
#2698 = CARTESIAN_POINT('',(0.57,9.2,2.45));
#2699 = VECTOR('',#2700,1.);
#2700 = DIRECTION('',(-1.,0.,0.));
#2701 = ORIENTED_EDGE('',*,*,#2524,.T.);
#2702 = ORIENTED_EDGE('',*,*,#2680,.F.);
#2703 = PLANE('',#2704);
#2704 = AXIS2_PLACEMENT_3D('',#2705,#2706,#2707);
#2705 = CARTESIAN_POINT('',(0.57,9.2,2.45));
#2706 = DIRECTION('',(0.,1.,0.));
#2707 = DIRECTION('',(0.,0.,-1.));
#2708 = ADVANCED_FACE('',(#2709),#2720,.T.);
#2709 = FACE_BOUND('',#2710,.F.);
#2710 = EDGE_LOOP('',(#2711,#2712,#2718,#2719));
#2711 = ORIENTED_EDGE('',*,*,#2351,.F.);
#2712 = ORIENTED_EDGE('',*,*,#2713,.T.);
#2713 = EDGE_CURVE('',#2344,#2533,#2714,.T.);
#2714 = LINE('',#2715,#2716);
#2715 = CARTESIAN_POINT('',(0.57,4.3,2.45));
#2716 = VECTOR('',#2717,1.);
#2717 = DIRECTION('',(-1.,0.,0.));
#2718 = ORIENTED_EDGE('',*,*,#2532,.T.);
#2719 = ORIENTED_EDGE('',*,*,#2696,.F.);
#2720 = PLANE('',#2721);
#2721 = AXIS2_PLACEMENT_3D('',#2722,#2723,#2724);
#2722 = CARTESIAN_POINT('',(0.57,4.3,2.45));
#2723 = DIRECTION('',(0.,0.,1.));
#2724 = DIRECTION('',(0.,1.,0.));
#2725 = ADVANCED_FACE('',(#2726),#2732,.T.);
#2726 = FACE_BOUND('',#2727,.F.);
#2727 = EDGE_LOOP('',(#2728,#2729,#2730,#2731));
#2728 = ORIENTED_EDGE('',*,*,#2097,.T.);
#2729 = ORIENTED_EDGE('',*,*,#2540,.T.);
#2730 = ORIENTED_EDGE('',*,*,#2713,.F.);
#2731 = ORIENTED_EDGE('',*,*,#2343,.F.);
#2732 = PLANE('',#2733);
#2733 = AXIS2_PLACEMENT_3D('',#2734,#2735,#2736);
#2734 = CARTESIAN_POINT('',(0.57,3.7,2.85));
#2735 = DIRECTION('',(0.,0.554700196225,0.832050294338));
#2736 = DIRECTION('',(0.,0.832050294338,-0.554700196225));
#2737 = ADVANCED_FACE('',(#2738),#2749,.T.);
#2738 = FACE_BOUND('',#2739,.F.);
#2739 = EDGE_LOOP('',(#2740,#2741,#2742,#2743));
#2740 = ORIENTED_EDGE('',*,*,#2381,.F.);
#2741 = ORIENTED_EDGE('',*,*,#1435,.T.);
#2742 = ORIENTED_EDGE('',*,*,#2554,.T.);
#2743 = ORIENTED_EDGE('',*,*,#2744,.F.);
#2744 = EDGE_CURVE('',#2382,#2555,#2745,.T.);
#2745 = LINE('',#2746,#2747);
#2746 = CARTESIAN_POINT('',(0.57,-2.23,2.25));
#2747 = VECTOR('',#2748,1.);
#2748 = DIRECTION('',(-1.,0.,0.));
#2749 = PLANE('',#2750);
#2750 = AXIS2_PLACEMENT_3D('',#2751,#2752,#2753);
#2751 = CARTESIAN_POINT('',(0.57,3.7,2.25));
#2752 = DIRECTION('',(0.,0.,-1.));
#2753 = DIRECTION('',(0.,-1.,0.));
#2754 = ADVANCED_FACE('',(#2755),#2766,.T.);
#2755 = FACE_BOUND('',#2756,.F.);
#2756 = EDGE_LOOP('',(#2757,#2758,#2759,#2760));
#2757 = ORIENTED_EDGE('',*,*,#2389,.F.);
#2758 = ORIENTED_EDGE('',*,*,#2744,.T.);
#2759 = ORIENTED_EDGE('',*,*,#2579,.T.);
#2760 = ORIENTED_EDGE('',*,*,#2761,.F.);
#2761 = EDGE_CURVE('',#2390,#2572,#2762,.T.);
#2762 = LINE('',#2763,#2764);
#2763 = CARTESIAN_POINT('',(0.57,-3.5,2.7));
#2764 = VECTOR('',#2765,1.);
#2765 = DIRECTION('',(-1.,0.,0.));
#2766 = PLANE('',#2767);
#2767 = AXIS2_PLACEMENT_3D('',#2768,#2769,#2770);
#2768 = CARTESIAN_POINT('',(0.57,-2.23,2.25));
#2769 = DIRECTION('',(0.,-0.333984527886,-0.942578556478));
#2770 = DIRECTION('',(0.,-0.942578556478,0.333984527886));
#2771 = ADVANCED_FACE('',(#2772),#2783,.T.);
#2772 = FACE_BOUND('',#2773,.F.);
#2773 = EDGE_LOOP('',(#2774,#2775,#2776,#2777));
#2774 = ORIENTED_EDGE('',*,*,#2397,.F.);
#2775 = ORIENTED_EDGE('',*,*,#2761,.T.);
#2776 = ORIENTED_EDGE('',*,*,#2571,.T.);
#2777 = ORIENTED_EDGE('',*,*,#2778,.F.);
#2778 = EDGE_CURVE('',#2398,#2564,#2779,.T.);
#2779 = LINE('',#2780,#2781);
#2780 = CARTESIAN_POINT('',(0.57,-3.5,2.85));
#2781 = VECTOR('',#2782,1.);
#2782 = DIRECTION('',(-1.,0.,0.));
#2783 = PLANE('',#2784);
#2784 = AXIS2_PLACEMENT_3D('',#2785,#2786,#2787);
#2785 = CARTESIAN_POINT('',(0.57,-3.5,2.7));
#2786 = DIRECTION('',(0.,-1.,0.));
#2787 = DIRECTION('',(0.,0.,1.));
#2788 = ADVANCED_FACE('',(#2789),#2795,.T.);
#2789 = FACE_BOUND('',#2790,.F.);
#2790 = EDGE_LOOP('',(#2791,#2792,#2793,#2794));
#2791 = ORIENTED_EDGE('',*,*,#2405,.F.);
#2792 = ORIENTED_EDGE('',*,*,#2778,.T.);
#2793 = ORIENTED_EDGE('',*,*,#2563,.T.);
#2794 = ORIENTED_EDGE('',*,*,#1419,.F.);
#2795 = PLANE('',#2796);
#2796 = AXIS2_PLACEMENT_3D('',#2797,#2798,#2799);
#2797 = CARTESIAN_POINT('',(0.57,-3.5,2.85));
#2798 = DIRECTION('',(0.,0.,1.));
#2799 = DIRECTION('',(0.,1.,0.));
#2800 = ADVANCED_FACE('',(#2801),#2812,.T.);
#2801 = FACE_BOUND('',#2802,.F.);
#2802 = EDGE_LOOP('',(#2803,#2804,#2805,#2811));
#2803 = ORIENTED_EDGE('',*,*,#1350,.F.);
#2804 = ORIENTED_EDGE('',*,*,#2445,.F.);
#2805 = ORIENTED_EDGE('',*,*,#2806,.T.);
#2806 = EDGE_CURVE('',#2438,#2595,#2807,.T.);
#2807 = LINE('',#2808,#2809);
#2808 = CARTESIAN_POINT('',(0.57,-2.23,-2.65));
#2809 = VECTOR('',#2810,1.);
#2810 = DIRECTION('',(-1.,0.,0.));
#2811 = ORIENTED_EDGE('',*,*,#2594,.T.);
#2812 = PLANE('',#2813);
#2813 = AXIS2_PLACEMENT_3D('',#2814,#2815,#2816);
#2814 = CARTESIAN_POINT('',(0.57,-2.23,-2.65));
#2815 = DIRECTION('',(0.,0.,1.));
#2816 = DIRECTION('',(0.,1.,0.));
#2817 = ADVANCED_FACE('',(#2818),#2829,.T.);
#2818 = FACE_BOUND('',#2819,.F.);
#2819 = EDGE_LOOP('',(#2820,#2821,#2827,#2828));
#2820 = ORIENTED_EDGE('',*,*,#2437,.F.);
#2821 = ORIENTED_EDGE('',*,*,#2822,.T.);
#2822 = EDGE_CURVE('',#2430,#2603,#2823,.T.);
#2823 = LINE('',#2824,#2825);
#2824 = CARTESIAN_POINT('',(0.57,-3.5,-3.1));
#2825 = VECTOR('',#2826,1.);
#2826 = DIRECTION('',(-1.,0.,0.));
#2827 = ORIENTED_EDGE('',*,*,#2602,.T.);
#2828 = ORIENTED_EDGE('',*,*,#2806,.F.);
#2829 = PLANE('',#2830);
#2830 = AXIS2_PLACEMENT_3D('',#2831,#2832,#2833);
#2831 = CARTESIAN_POINT('',(0.57,-3.5,-3.1));
#2832 = DIRECTION('',(0.,-0.333984527886,0.942578556478));
#2833 = DIRECTION('',(0.,0.942578556478,0.333984527886));
#2834 = ADVANCED_FACE('',(#2835),#2846,.T.);
#2835 = FACE_BOUND('',#2836,.F.);
#2836 = EDGE_LOOP('',(#2837,#2838,#2844,#2845));
#2837 = ORIENTED_EDGE('',*,*,#2429,.F.);
#2838 = ORIENTED_EDGE('',*,*,#2839,.T.);
#2839 = EDGE_CURVE('',#2422,#2611,#2840,.T.);
#2840 = LINE('',#2841,#2842);
#2841 = CARTESIAN_POINT('',(0.57,-3.5,-3.25));
#2842 = VECTOR('',#2843,1.);
#2843 = DIRECTION('',(-1.,0.,0.));
#2844 = ORIENTED_EDGE('',*,*,#2610,.T.);
#2845 = ORIENTED_EDGE('',*,*,#2822,.F.);
#2846 = PLANE('',#2847);
#2847 = AXIS2_PLACEMENT_3D('',#2848,#2849,#2850);
#2848 = CARTESIAN_POINT('',(0.57,-3.5,-3.25));
#2849 = DIRECTION('',(0.,-1.,0.));
#2850 = DIRECTION('',(0.,0.,1.));
#2851 = ADVANCED_FACE('',(#2852),#2858,.T.);
#2852 = FACE_BOUND('',#2853,.F.);
#2853 = EDGE_LOOP('',(#2854,#2855,#2856,#2857));
#2854 = ORIENTED_EDGE('',*,*,#1366,.T.);
#2855 = ORIENTED_EDGE('',*,*,#2618,.T.);
#2856 = ORIENTED_EDGE('',*,*,#2839,.F.);
#2857 = ORIENTED_EDGE('',*,*,#2421,.F.);
#2858 = PLANE('',#2859);
#2859 = AXIS2_PLACEMENT_3D('',#2860,#2861,#2862);
#2860 = CARTESIAN_POINT('',(0.57,3.7,-3.25));
#2861 = DIRECTION('',(0.,0.,-1.));
#2862 = DIRECTION('',(0.,-1.,0.));
#2863 = ADVANCED_FACE('',(#2864),#2870,.F.);
#2864 = FACE_BOUND('',#2865,.F.);
#2865 = EDGE_LOOP('',(#2866,#2867,#2868,#2869));
#2866 = ORIENTED_EDGE('',*,*,#1086,.F.);
#2867 = ORIENTED_EDGE('',*,*,#1235,.T.);
#2868 = ORIENTED_EDGE('',*,*,#734,.T.);
#2869 = ORIENTED_EDGE('',*,*,#1030,.F.);
#2870 = PLANE('',#2871);
#2871 = AXIS2_PLACEMENT_3D('',#2872,#2873,#2874);
#2872 = CARTESIAN_POINT('',(-1.7,0.,-0.5));
#2873 = DIRECTION('',(1.,0.,0.));
#2874 = DIRECTION('',(0.,0.,1.));
#2875 = GEOMETRIC_CURVE_SET('',(#2876,#2884));
#2876 = TRIMMED_CURVE('',#2877,(#2882,PARAMETER_VALUE(0.)),(#2883,
    PARAMETER_VALUE(3.141592653589)),.T.,.PARAMETER.);
#2877 = CIRCLE('',#2878,0.7);
#2878 = AXIS2_PLACEMENT_3D('',#2879,#2880,#2881);
#2879 = CARTESIAN_POINT('',(0.,0.,-2.95));
#2880 = DIRECTION('',(0.,-1.,0.));
#2881 = DIRECTION('',(1.,0.,0.));
#2882 = CARTESIAN_POINT('',(0.7,0.,-2.95));
#2883 = CARTESIAN_POINT('',(-0.7,0.,-2.95));
#2884 = TRIMMED_CURVE('',#2885,(#2890,PARAMETER_VALUE(0.)),(#2891,
    PARAMETER_VALUE(3.141592653589)),.T.,.PARAMETER.);
#2885 = CIRCLE('',#2886,0.7);
#2886 = AXIS2_PLACEMENT_3D('',#2887,#2888,#2889);
#2887 = CARTESIAN_POINT('',(0.,0.,-2.95));
#2888 = DIRECTION('',(0.,-1.,0.));
#2889 = DIRECTION('',(-1.,0.,0.));
#2890 = CARTESIAN_POINT('',(-0.7,0.,-2.95));
#2891 = CARTESIAN_POINT('',(0.7,0.,-2.95));
#2892 = GEOMETRIC_CURVE_SET('',(#2893,#2901));
#2893 = TRIMMED_CURVE('',#2894,(#2899,PARAMETER_VALUE(0.)),(#2900,
    PARAMETER_VALUE(3.141592653589)),.T.,.PARAMETER.);
#2894 = CIRCLE('',#2895,0.7);
#2895 = AXIS2_PLACEMENT_3D('',#2896,#2897,#2898);
#2896 = CARTESIAN_POINT('',(0.,0.,2.55));
#2897 = DIRECTION('',(0.,-1.,0.));
#2898 = DIRECTION('',(1.,0.,0.));
#2899 = CARTESIAN_POINT('',(0.7,0.,2.55));
#2900 = CARTESIAN_POINT('',(-0.7,0.,2.55));
#2901 = TRIMMED_CURVE('',#2902,(#2907,PARAMETER_VALUE(0.)),(#2908,
    PARAMETER_VALUE(3.141592653589)),.T.,.PARAMETER.);
#2902 = CIRCLE('',#2903,0.7);
#2903 = AXIS2_PLACEMENT_3D('',#2904,#2905,#2906);
#2904 = CARTESIAN_POINT('',(0.,0.,2.55));
#2905 = DIRECTION('',(0.,-1.,0.));
#2906 = DIRECTION('',(-1.,0.,0.));
#2907 = CARTESIAN_POINT('',(-0.7,0.,2.55));
#2908 = CARTESIAN_POINT('',(0.7,0.,2.55));
#2909 = ( GEOMETRIC_REPRESENTATION_CONTEXT(3) 
GLOBAL_UNCERTAINTY_ASSIGNED_CONTEXT((#2913)) 
GLOBAL_UNIT_ASSIGNED_CONTEXT((#2910,#2911,#2912)) REPRESENTATION_CONTEXT
('Context #1','3D Context with UNIT and UNCERTAINTY') );
#2910 = ( LENGTH_UNIT() NAMED_UNIT(*) SI_UNIT(.MILLI.,.METRE.) );
#2911 = ( NAMED_UNIT(*) PLANE_ANGLE_UNIT() SI_UNIT($,.RADIAN.) );
#2912 = ( NAMED_UNIT(*) SI_UNIT($,.STERADIAN.) SOLID_ANGLE_UNIT() );
#2913 = UNCERTAINTY_MEASURE_WITH_UNIT(LENGTH_MEASURE(1.E-07),#2910,
  'distance_accuracy_value','confusion accuracy');
#2914 = CONTEXT_DEPENDENT_SHAPE_REPRESENTATION(#2915,#2917);
#2915 = ( REPRESENTATION_RELATIONSHIP('','',#535,#512) 
REPRESENTATION_RELATIONSHIP_WITH_TRANSFORMATION(#2916) 
SHAPE_REPRESENTATION_RELATIONSHIP() );
#2916 = ITEM_DEFINED_TRANSFORMATION('','',#11,#513);
#2917 = PRODUCT_DEFINITION_SHAPE('Placement','Placement of an item',
  #2918);
#2918 = NEXT_ASSEMBLY_USAGE_OCCURRENCE('7','=>[0:1:1:5]','',#507,#530,$
  );
#2919 = PRODUCT_RELATED_PRODUCT_CATEGORY('part',$,(#532));
#2920 = CONTEXT_DEPENDENT_SHAPE_REPRESENTATION(#2921,#2923);
#2921 = ( REPRESENTATION_RELATIONSHIP('','',#108,#10) 
REPRESENTATION_RELATIONSHIP_WITH_TRANSFORMATION(#2922) 
SHAPE_REPRESENTATION_RELATIONSHIP() );
#2922 = ITEM_DEFINED_TRANSFORMATION('','',#11,#39);
#2923 = PRODUCT_DEFINITION_SHAPE('Placement','Placement of an item',
  #2924);
#2924 = NEXT_ASSEMBLY_USAGE_OCCURRENCE('9','R4','',#5,#103,$);
#2925 = CONTEXT_DEPENDENT_SHAPE_REPRESENTATION(#2926,#2928);
#2926 = ( REPRESENTATION_RELATIONSHIP('','',#108,#10) 
REPRESENTATION_RELATIONSHIP_WITH_TRANSFORMATION(#2927) 
SHAPE_REPRESENTATION_RELATIONSHIP() );
#2927 = ITEM_DEFINED_TRANSFORMATION('','',#11,#43);
#2928 = PRODUCT_DEFINITION_SHAPE('Placement','Placement of an item',
  #2929);
#2929 = NEXT_ASSEMBLY_USAGE_OCCURRENCE('10','R11','',#5,#103,$);
#2930 = CONTEXT_DEPENDENT_SHAPE_REPRESENTATION(#2931,#2933);
#2931 = ( REPRESENTATION_RELATIONSHIP('','',#108,#10) 
REPRESENTATION_RELATIONSHIP_WITH_TRANSFORMATION(#2932) 
SHAPE_REPRESENTATION_RELATIONSHIP() );
#2932 = ITEM_DEFINED_TRANSFORMATION('','',#11,#47);
#2933 = PRODUCT_DEFINITION_SHAPE('Placement','Placement of an item',
  #2934);
#2934 = NEXT_ASSEMBLY_USAGE_OCCURRENCE('11','R10','',#5,#103,$);
#2935 = CONTEXT_DEPENDENT_SHAPE_REPRESENTATION(#2936,#2938);
#2936 = ( REPRESENTATION_RELATIONSHIP('','',#512,#10) 
REPRESENTATION_RELATIONSHIP_WITH_TRANSFORMATION(#2937) 
SHAPE_REPRESENTATION_RELATIONSHIP() );
#2937 = ITEM_DEFINED_TRANSFORMATION('','',#11,#51);
#2938 = PRODUCT_DEFINITION_SHAPE('Placement','Placement of an item',
  #2939);
#2939 = NEXT_ASSEMBLY_USAGE_OCCURRENCE('12','J1','',#5,#507,$);
#2940 = CONTEXT_DEPENDENT_SHAPE_REPRESENTATION(#2941,#2943);
#2941 = ( REPRESENTATION_RELATIONSHIP('','',#512,#10) 
REPRESENTATION_RELATIONSHIP_WITH_TRANSFORMATION(#2942) 
SHAPE_REPRESENTATION_RELATIONSHIP() );
#2942 = ITEM_DEFINED_TRANSFORMATION('','',#11,#55);
#2943 = PRODUCT_DEFINITION_SHAPE('Placement','Placement of an item',
  #2944);
#2944 = NEXT_ASSEMBLY_USAGE_OCCURRENCE('13','J2','',#5,#507,$);
#2945 = CONTEXT_DEPENDENT_SHAPE_REPRESENTATION(#2946,#2948);
#2946 = ( REPRESENTATION_RELATIONSHIP('','',#108,#10) 
REPRESENTATION_RELATIONSHIP_WITH_TRANSFORMATION(#2947) 
SHAPE_REPRESENTATION_RELATIONSHIP() );
#2947 = ITEM_DEFINED_TRANSFORMATION('','',#11,#59);
#2948 = PRODUCT_DEFINITION_SHAPE('Placement','Placement of an item',
  #2949);
#2949 = NEXT_ASSEMBLY_USAGE_OCCURRENCE('14','R14','',#5,#103,$);
#2950 = CONTEXT_DEPENDENT_SHAPE_REPRESENTATION(#2951,#2953);
#2951 = ( REPRESENTATION_RELATIONSHIP('','',#108,#10) 
REPRESENTATION_RELATIONSHIP_WITH_TRANSFORMATION(#2952) 
SHAPE_REPRESENTATION_RELATIONSHIP() );
#2952 = ITEM_DEFINED_TRANSFORMATION('','',#11,#63);
#2953 = PRODUCT_DEFINITION_SHAPE('Placement','Placement of an item',
  #2954);
#2954 = NEXT_ASSEMBLY_USAGE_OCCURRENCE('15','R15','',#5,#103,$);
#2955 = CONTEXT_DEPENDENT_SHAPE_REPRESENTATION(#2956,#2958);
#2956 = ( REPRESENTATION_RELATIONSHIP('','',#108,#10) 
REPRESENTATION_RELATIONSHIP_WITH_TRANSFORMATION(#2957) 
SHAPE_REPRESENTATION_RELATIONSHIP() );
#2957 = ITEM_DEFINED_TRANSFORMATION('','',#11,#67);
#2958 = PRODUCT_DEFINITION_SHAPE('Placement','Placement of an item',
  #2959);
#2959 = NEXT_ASSEMBLY_USAGE_OCCURRENCE('16','R8','',#5,#103,$);
#2960 = CONTEXT_DEPENDENT_SHAPE_REPRESENTATION(#2961,#2963);
#2961 = ( REPRESENTATION_RELATIONSHIP('','',#108,#10) 
REPRESENTATION_RELATIONSHIP_WITH_TRANSFORMATION(#2962) 
SHAPE_REPRESENTATION_RELATIONSHIP() );
#2962 = ITEM_DEFINED_TRANSFORMATION('','',#11,#71);
#2963 = PRODUCT_DEFINITION_SHAPE('Placement','Placement of an item',
  #2964);
#2964 = NEXT_ASSEMBLY_USAGE_OCCURRENCE('17','R6','',#5,#103,$);
#2965 = CONTEXT_DEPENDENT_SHAPE_REPRESENTATION(#2966,#2968);
#2966 = ( REPRESENTATION_RELATIONSHIP('','',#108,#10) 
REPRESENTATION_RELATIONSHIP_WITH_TRANSFORMATION(#2967) 
SHAPE_REPRESENTATION_RELATIONSHIP() );
#2967 = ITEM_DEFINED_TRANSFORMATION('','',#11,#75);
#2968 = PRODUCT_DEFINITION_SHAPE('Placement','Placement of an item',
  #2969);
#2969 = NEXT_ASSEMBLY_USAGE_OCCURRENCE('18','R13','',#5,#103,$);
#2970 = CONTEXT_DEPENDENT_SHAPE_REPRESENTATION(#2971,#2973);
#2971 = ( REPRESENTATION_RELATIONSHIP('','',#108,#10) 
REPRESENTATION_RELATIONSHIP_WITH_TRANSFORMATION(#2972) 
SHAPE_REPRESENTATION_RELATIONSHIP() );
#2972 = ITEM_DEFINED_TRANSFORMATION('','',#11,#79);
#2973 = PRODUCT_DEFINITION_SHAPE('Placement','Placement of an item',
  #2974);
#2974 = NEXT_ASSEMBLY_USAGE_OCCURRENCE('19','R7','',#5,#103,$);
#2975 = CONTEXT_DEPENDENT_SHAPE_REPRESENTATION(#2976,#2978);
#2976 = ( REPRESENTATION_RELATIONSHIP('','',#108,#10) 
REPRESENTATION_RELATIONSHIP_WITH_TRANSFORMATION(#2977) 
SHAPE_REPRESENTATION_RELATIONSHIP() );
#2977 = ITEM_DEFINED_TRANSFORMATION('','',#11,#83);
#2978 = PRODUCT_DEFINITION_SHAPE('Placement','Placement of an item',
  #2979);
#2979 = NEXT_ASSEMBLY_USAGE_OCCURRENCE('20','R16','',#5,#103,$);
#2980 = CONTEXT_DEPENDENT_SHAPE_REPRESENTATION(#2981,#2983);
#2981 = ( REPRESENTATION_RELATIONSHIP('','',#108,#10) 
REPRESENTATION_RELATIONSHIP_WITH_TRANSFORMATION(#2982) 
SHAPE_REPRESENTATION_RELATIONSHIP() );
#2982 = ITEM_DEFINED_TRANSFORMATION('','',#11,#87);
#2983 = PRODUCT_DEFINITION_SHAPE('Placement','Placement of an item',
  #2984);
#2984 = NEXT_ASSEMBLY_USAGE_OCCURRENCE('21','R5','',#5,#103,$);
#2985 = SHAPE_DEFINITION_REPRESENTATION(#2986,#2992);
#2986 = PRODUCT_DEFINITION_SHAPE('','',#2987);
#2987 = PRODUCT_DEFINITION('design','',#2988,#2991);
#2988 = PRODUCT_DEFINITION_FORMATION('','',#2989);
#2989 = PRODUCT('PDU_Resistors_Board_PCB','PDU_Resistors_Board_PCB','',(
    #2990));
#2990 = PRODUCT_CONTEXT('',#2,'mechanical');
#2991 = PRODUCT_DEFINITION_CONTEXT('part definition',#2,'design');
#2992 = ADVANCED_BREP_SHAPE_REPRESENTATION('',(#11,#2993),#5053);
#2993 = MANIFOLD_SOLID_BREP('',#2994);
#2994 = CLOSED_SHELL('',(#2995,#3037,#3068,#3099,#3645,#4191,#4208,#4225
    ,#4242,#4259,#4276,#4293,#4310,#4327,#4339,#4356,#4373,#4390,#4407,
    #4424,#4441,#4458,#4475,#4492,#4509,#4526,#4543,#4560,#4577,#4594,
    #4611,#4628,#4645,#4662,#4679,#4696,#4713,#4730,#4747,#4764,#4781,
    #4798,#4815,#4832,#4849,#4866,#4883,#4900,#4917,#4934,#4951,#4968,
    #4985,#5002,#5019,#5036));
#2995 = ADVANCED_FACE('',(#2996),#3032,.T.);
#2996 = FACE_BOUND('',#2997,.T.);
#2997 = EDGE_LOOP('',(#2998,#3008,#3017,#3025));
#2998 = ORIENTED_EDGE('',*,*,#2999,.T.);
#2999 = EDGE_CURVE('',#3000,#3002,#3004,.T.);
#3000 = VERTEX_POINT('',#3001);
#3001 = CARTESIAN_POINT('',(239.778966,-64.785121,0.));
#3002 = VERTEX_POINT('',#3003);
#3003 = CARTESIAN_POINT('',(239.778966,-64.785121,1.6));
#3004 = LINE('',#3005,#3006);
#3005 = CARTESIAN_POINT('',(239.778966,-64.785121,0.));
#3006 = VECTOR('',#3007,1.);
#3007 = DIRECTION('',(0.,0.,1.));
#3008 = ORIENTED_EDGE('',*,*,#3009,.T.);
#3009 = EDGE_CURVE('',#3002,#3010,#3012,.T.);
#3010 = VERTEX_POINT('',#3011);
#3011 = CARTESIAN_POINT('',(243.01722,-68.2,1.6));
#3012 = CIRCLE('',#3013,3.41529875305);
#3013 = AXIS2_PLACEMENT_3D('',#3014,#3015,#3016);
#3014 = CARTESIAN_POINT('',(239.60192379523,-68.19582791064,1.6));
#3015 = DIRECTION('',(0.,0.,-1.));
#3016 = DIRECTION('',(5.183798477453E-02,0.998655507838,0.));
#3017 = ORIENTED_EDGE('',*,*,#3018,.F.);
#3018 = EDGE_CURVE('',#3019,#3010,#3021,.T.);
#3019 = VERTEX_POINT('',#3020);
#3020 = CARTESIAN_POINT('',(243.01722,-68.2,0.));
#3021 = LINE('',#3022,#3023);
#3022 = CARTESIAN_POINT('',(243.01722,-68.2,0.));
#3023 = VECTOR('',#3024,1.);
#3024 = DIRECTION('',(0.,0.,1.));
#3025 = ORIENTED_EDGE('',*,*,#3026,.F.);
#3026 = EDGE_CURVE('',#3000,#3019,#3027,.T.);
#3027 = CIRCLE('',#3028,3.41529875305);
#3028 = AXIS2_PLACEMENT_3D('',#3029,#3030,#3031);
#3029 = CARTESIAN_POINT('',(239.60192379523,-68.19582791064,0.));
#3030 = DIRECTION('',(0.,0.,-1.));
#3031 = DIRECTION('',(5.183798477453E-02,0.998655507838,0.));
#3032 = CYLINDRICAL_SURFACE('',#3033,3.41529875305);
#3033 = AXIS2_PLACEMENT_3D('',#3034,#3035,#3036);
#3034 = CARTESIAN_POINT('',(239.60192379523,-68.19582791064,0.));
#3035 = DIRECTION('',(0.,0.,-1.));
#3036 = DIRECTION('',(5.183798477453E-02,0.998655507838,0.));
#3037 = ADVANCED_FACE('',(#3038),#3063,.T.);
#3038 = FACE_BOUND('',#3039,.T.);
#3039 = EDGE_LOOP('',(#3040,#3050,#3056,#3057));
#3040 = ORIENTED_EDGE('',*,*,#3041,.T.);
#3041 = EDGE_CURVE('',#3042,#3044,#3046,.T.);
#3042 = VERTEX_POINT('',#3043);
#3043 = CARTESIAN_POINT('',(239.6,-64.78278,0.));
#3044 = VERTEX_POINT('',#3045);
#3045 = CARTESIAN_POINT('',(239.6,-64.78278,1.6));
#3046 = LINE('',#3047,#3048);
#3047 = CARTESIAN_POINT('',(239.6,-64.78278,0.));
#3048 = VECTOR('',#3049,1.);
#3049 = DIRECTION('',(0.,0.,1.));
#3050 = ORIENTED_EDGE('',*,*,#3051,.T.);
#3051 = EDGE_CURVE('',#3044,#3002,#3052,.T.);
#3052 = LINE('',#3053,#3054);
#3053 = CARTESIAN_POINT('',(239.6,-64.78278,1.6));
#3054 = VECTOR('',#3055,1.);
#3055 = DIRECTION('',(0.999914458662,-1.307957795184E-02,0.));
#3056 = ORIENTED_EDGE('',*,*,#2999,.F.);
#3057 = ORIENTED_EDGE('',*,*,#3058,.F.);
#3058 = EDGE_CURVE('',#3042,#3000,#3059,.T.);
#3059 = LINE('',#3060,#3061);
#3060 = CARTESIAN_POINT('',(239.6,-64.78278,0.));
#3061 = VECTOR('',#3062,1.);
#3062 = DIRECTION('',(0.999914458662,-1.307957795184E-02,0.));
#3063 = PLANE('',#3064);
#3064 = AXIS2_PLACEMENT_3D('',#3065,#3066,#3067);
#3065 = CARTESIAN_POINT('',(239.6,-64.78278,0.));
#3066 = DIRECTION('',(1.307957795184E-02,0.999914458662,-0.));
#3067 = DIRECTION('',(0.999914458662,-1.307957795184E-02,0.));
#3068 = ADVANCED_FACE('',(#3069),#3094,.T.);
#3069 = FACE_BOUND('',#3070,.T.);
#3070 = EDGE_LOOP('',(#3071,#3072,#3080,#3088));
#3071 = ORIENTED_EDGE('',*,*,#3018,.T.);
#3072 = ORIENTED_EDGE('',*,*,#3073,.T.);
#3073 = EDGE_CURVE('',#3010,#3074,#3076,.T.);
#3074 = VERTEX_POINT('',#3075);
#3075 = CARTESIAN_POINT('',(243.01722,-226.58278,1.6));
#3076 = LINE('',#3077,#3078);
#3077 = CARTESIAN_POINT('',(243.01722,-68.2,1.6));
#3078 = VECTOR('',#3079,1.);
#3079 = DIRECTION('',(0.,-1.,0.));
#3080 = ORIENTED_EDGE('',*,*,#3081,.F.);
#3081 = EDGE_CURVE('',#3082,#3074,#3084,.T.);
#3082 = VERTEX_POINT('',#3083);
#3083 = CARTESIAN_POINT('',(243.01722,-226.58278,0.));
#3084 = LINE('',#3085,#3086);
#3085 = CARTESIAN_POINT('',(243.01722,-226.58278,0.));
#3086 = VECTOR('',#3087,1.);
#3087 = DIRECTION('',(0.,0.,1.));
#3088 = ORIENTED_EDGE('',*,*,#3089,.F.);
#3089 = EDGE_CURVE('',#3019,#3082,#3090,.T.);
#3090 = LINE('',#3091,#3092);
#3091 = CARTESIAN_POINT('',(243.01722,-68.2,0.));
#3092 = VECTOR('',#3093,1.);
#3093 = DIRECTION('',(0.,-1.,0.));
#3094 = PLANE('',#3095);
#3095 = AXIS2_PLACEMENT_3D('',#3096,#3097,#3098);
#3096 = CARTESIAN_POINT('',(243.01722,-68.2,0.));
#3097 = DIRECTION('',(1.,0.,-0.));
#3098 = DIRECTION('',(0.,-1.,0.));
#3099 = ADVANCED_FACE('',(#3100,#3178,#3189,#3200,#3211,#3222,#3233,
    #3244,#3255,#3266,#3277,#3288,#3299,#3310,#3321,#3332,#3343,#3354,
    #3365,#3376,#3387,#3398,#3409,#3420,#3431,#3442,#3453,#3464,#3475,
    #3486,#3497,#3508,#3519,#3530,#3541,#3552,#3563,#3574,#3585,#3596,
    #3607,#3618,#3629),#3640,.F.);
#3100 = FACE_BOUND('',#3101,.F.);
#3101 = EDGE_LOOP('',(#3102,#3103,#3104,#3112,#3121,#3129,#3137,#3146,
    #3154,#3162,#3171,#3177));
#3102 = ORIENTED_EDGE('',*,*,#3026,.F.);
#3103 = ORIENTED_EDGE('',*,*,#3058,.F.);
#3104 = ORIENTED_EDGE('',*,*,#3105,.F.);
#3105 = EDGE_CURVE('',#3106,#3042,#3108,.T.);
#3106 = VERTEX_POINT('',#3107);
#3107 = CARTESIAN_POINT('',(174.41722,-64.78278,0.));
#3108 = LINE('',#3109,#3110);
#3109 = CARTESIAN_POINT('',(174.41722,-64.78278,0.));
#3110 = VECTOR('',#3111,1.);
#3111 = DIRECTION('',(1.,0.,0.));
#3112 = ORIENTED_EDGE('',*,*,#3113,.F.);
#3113 = EDGE_CURVE('',#3114,#3106,#3116,.T.);
#3114 = VERTEX_POINT('',#3115);
#3115 = CARTESIAN_POINT('',(171.002262,-68.02103,0.));
#3116 = CIRCLE('',#3117,3.415250857606);
#3117 = AXIS2_PLACEMENT_3D('',#3118,#3119,#3120);
#3118 = CARTESIAN_POINT('',(174.412923237,-68.1980281547,0.));
#3119 = DIRECTION('',(0.,0.,-1.));
#3120 = DIRECTION('',(-0.998656139536,5.182581370556E-02,0.));
#3121 = ORIENTED_EDGE('',*,*,#3122,.F.);
#3122 = EDGE_CURVE('',#3123,#3114,#3125,.T.);
#3123 = VERTEX_POINT('',#3124);
#3124 = CARTESIAN_POINT('',(171.,-68.2,0.));
#3125 = LINE('',#3126,#3127);
#3126 = CARTESIAN_POINT('',(171.,-68.2,0.));
#3127 = VECTOR('',#3128,1.);
#3128 = DIRECTION('',(1.263798039398E-02,0.999920137537,0.));
#3129 = ORIENTED_EDGE('',*,*,#3130,.F.);
#3130 = EDGE_CURVE('',#3131,#3123,#3133,.T.);
#3131 = VERTEX_POINT('',#3132);
#3132 = CARTESIAN_POINT('',(171.,-226.58278,0.));
#3133 = LINE('',#3134,#3135);
#3134 = CARTESIAN_POINT('',(171.,-226.58278,0.));
#3135 = VECTOR('',#3136,1.);
#3136 = DIRECTION('',(0.,1.,0.));
#3137 = ORIENTED_EDGE('',*,*,#3138,.F.);
#3138 = EDGE_CURVE('',#3139,#3131,#3141,.T.);
#3139 = VERTEX_POINT('',#3140);
#3140 = CARTESIAN_POINT('',(174.238249,-229.99774,0.));
#3141 = CIRCLE('',#3142,3.4152151443);
#3142 = AXIS2_PLACEMENT_3D('',#3143,#3144,#3145);
#3143 = CARTESIAN_POINT('',(174.41521239594,-226.5871127206,0.));
#3144 = DIRECTION('',(0.,0.,-1.));
#3145 = DIRECTION('',(-5.181617803366E-02,-0.998656639538,-0.));
#3146 = ORIENTED_EDGE('',*,*,#3147,.F.);
#3147 = EDGE_CURVE('',#3148,#3139,#3150,.T.);
#3148 = VERTEX_POINT('',#3149);
#3149 = CARTESIAN_POINT('',(174.41722,-230.,0.));
#3150 = LINE('',#3151,#3152);
#3151 = CARTESIAN_POINT('',(174.41722,-230.,0.));
#3152 = VECTOR('',#3153,1.);
#3153 = DIRECTION('',(-0.999920279573,1.262673747055E-02,0.));
#3154 = ORIENTED_EDGE('',*,*,#3155,.F.);
#3155 = EDGE_CURVE('',#3156,#3148,#3158,.T.);
#3156 = VERTEX_POINT('',#3157);
#3157 = CARTESIAN_POINT('',(239.6,-230.,0.));
#3158 = LINE('',#3159,#3160);
#3159 = CARTESIAN_POINT('',(239.6,-230.,0.));
#3160 = VECTOR('',#3161,1.);
#3161 = DIRECTION('',(-1.,0.,0.));
#3162 = ORIENTED_EDGE('',*,*,#3163,.F.);
#3163 = EDGE_CURVE('',#3164,#3156,#3166,.T.);
#3164 = VERTEX_POINT('',#3165);
#3165 = CARTESIAN_POINT('',(243.01496,-226.761751,0.));
#3166 = CIRCLE('',#3167,3.415196233575);
#3167 = AXIS2_PLACEMENT_3D('',#3168,#3169,#3170);
#3168 = CARTESIAN_POINT('',(239.60435067451,-226.5848065376,0.));
#3169 = DIRECTION('',(0.,0.,-1.));
#3170 = DIRECTION('',(0.998656912288,-5.181092103486E-02,0.));
#3171 = ORIENTED_EDGE('',*,*,#3172,.F.);
#3172 = EDGE_CURVE('',#3082,#3164,#3173,.T.);
#3173 = LINE('',#3174,#3175);
#3174 = CARTESIAN_POINT('',(243.01722,-226.58278,0.));
#3175 = VECTOR('',#3176,1.);
#3176 = DIRECTION('',(-1.262673747055E-02,-0.999920279573,0.));
#3177 = ORIENTED_EDGE('',*,*,#3089,.F.);
#3178 = FACE_BOUND('',#3179,.F.);
#3179 = EDGE_LOOP('',(#3180));
#3180 = ORIENTED_EDGE('',*,*,#3181,.T.);
#3181 = EDGE_CURVE('',#3182,#3182,#3184,.T.);
#3182 = VERTEX_POINT('',#3183);
#3183 = CARTESIAN_POINT('',(176.,-227.15,0.));
#3184 = CIRCLE('',#3185,2.15);
#3185 = AXIS2_PLACEMENT_3D('',#3186,#3187,#3188);
#3186 = CARTESIAN_POINT('',(176.,-225.,0.));
#3187 = DIRECTION('',(-0.,0.,-1.));
#3188 = DIRECTION('',(-0.,-1.,0.));
#3189 = FACE_BOUND('',#3190,.F.);
#3190 = EDGE_LOOP('',(#3191));
#3191 = ORIENTED_EDGE('',*,*,#3192,.T.);
#3192 = EDGE_CURVE('',#3193,#3193,#3195,.T.);
#3193 = VERTEX_POINT('',#3194);
#3194 = CARTESIAN_POINT('',(174.254,-209.896,0.));
#3195 = CIRCLE('',#3196,0.6);
#3196 = AXIS2_PLACEMENT_3D('',#3197,#3198,#3199);
#3197 = CARTESIAN_POINT('',(174.254,-209.296,0.));
#3198 = DIRECTION('',(-0.,0.,-1.));
#3199 = DIRECTION('',(-4.736951571734E-14,-1.,0.));
#3200 = FACE_BOUND('',#3201,.F.);
#3201 = EDGE_LOOP('',(#3202));
#3202 = ORIENTED_EDGE('',*,*,#3203,.T.);
#3203 = EDGE_CURVE('',#3204,#3204,#3206,.T.);
#3204 = VERTEX_POINT('',#3205);
#3205 = CARTESIAN_POINT('',(174.254,-202.53,0.));
#3206 = CIRCLE('',#3207,0.6);
#3207 = AXIS2_PLACEMENT_3D('',#3208,#3209,#3210);
#3208 = CARTESIAN_POINT('',(174.254,-201.93,0.));
#3209 = DIRECTION('',(-0.,0.,-1.));
#3210 = DIRECTION('',(-4.736951571734E-14,-1.,0.));
#3211 = FACE_BOUND('',#3212,.F.);
#3212 = EDGE_LOOP('',(#3213));
#3213 = ORIENTED_EDGE('',*,*,#3214,.T.);
#3214 = EDGE_CURVE('',#3215,#3215,#3217,.T.);
#3215 = VERTEX_POINT('',#3216);
#3216 = CARTESIAN_POINT('',(174.254,-194.91,0.));
#3217 = CIRCLE('',#3218,0.6);
#3218 = AXIS2_PLACEMENT_3D('',#3219,#3220,#3221);
#3219 = CARTESIAN_POINT('',(174.254,-194.31,0.));
#3220 = DIRECTION('',(-0.,0.,-1.));
#3221 = DIRECTION('',(-4.736951571734E-14,-1.,0.));
#3222 = FACE_BOUND('',#3223,.F.);
#3223 = EDGE_LOOP('',(#3224));
#3224 = ORIENTED_EDGE('',*,*,#3225,.T.);
#3225 = EDGE_CURVE('',#3226,#3226,#3228,.T.);
#3226 = VERTEX_POINT('',#3227);
#3227 = CARTESIAN_POINT('',(174.254,-187.544,0.));
#3228 = CIRCLE('',#3229,0.6);
#3229 = AXIS2_PLACEMENT_3D('',#3230,#3231,#3232);
#3230 = CARTESIAN_POINT('',(174.254,-186.944,0.));
#3231 = DIRECTION('',(-0.,0.,-1.));
#3232 = DIRECTION('',(-4.736951571734E-14,-1.,0.));
#3233 = FACE_BOUND('',#3234,.F.);
#3234 = EDGE_LOOP('',(#3235));
#3235 = ORIENTED_EDGE('',*,*,#3236,.T.);
#3236 = EDGE_CURVE('',#3237,#3237,#3239,.T.);
#3237 = VERTEX_POINT('',#3238);
#3238 = CARTESIAN_POINT('',(174.254,-179.924,0.));
#3239 = CIRCLE('',#3240,0.6);
#3240 = AXIS2_PLACEMENT_3D('',#3241,#3242,#3243);
#3241 = CARTESIAN_POINT('',(174.254,-179.324,0.));
#3242 = DIRECTION('',(-0.,0.,-1.));
#3243 = DIRECTION('',(-4.736951571734E-14,-1.,0.));
#3244 = FACE_BOUND('',#3245,.F.);
#3245 = EDGE_LOOP('',(#3246));
#3246 = ORIENTED_EDGE('',*,*,#3247,.T.);
#3247 = EDGE_CURVE('',#3248,#3248,#3250,.T.);
#3248 = VERTEX_POINT('',#3249);
#3249 = CARTESIAN_POINT('',(174.254,-172.558,0.));
#3250 = CIRCLE('',#3251,0.6);
#3251 = AXIS2_PLACEMENT_3D('',#3252,#3253,#3254);
#3252 = CARTESIAN_POINT('',(174.254,-171.958,0.));
#3253 = DIRECTION('',(-0.,0.,-1.));
#3254 = DIRECTION('',(-4.736951571734E-14,-1.,0.));
#3255 = FACE_BOUND('',#3256,.F.);
#3256 = EDGE_LOOP('',(#3257));
#3257 = ORIENTED_EDGE('',*,*,#3258,.T.);
#3258 = EDGE_CURVE('',#3259,#3259,#3261,.T.);
#3259 = VERTEX_POINT('',#3260);
#3260 = CARTESIAN_POINT('',(174.249,-164.938,0.));
#3261 = CIRCLE('',#3262,0.6);
#3262 = AXIS2_PLACEMENT_3D('',#3263,#3264,#3265);
#3263 = CARTESIAN_POINT('',(174.249,-164.338,0.));
#3264 = DIRECTION('',(-0.,0.,-1.));
#3265 = DIRECTION('',(-0.,-1.,0.));
#3266 = FACE_BOUND('',#3267,.F.);
#3267 = EDGE_LOOP('',(#3268));
#3268 = ORIENTED_EDGE('',*,*,#3269,.T.);
#3269 = EDGE_CURVE('',#3270,#3270,#3272,.T.);
#3270 = VERTEX_POINT('',#3271);
#3271 = CARTESIAN_POINT('',(174.254,-157.572,0.));
#3272 = CIRCLE('',#3273,0.6);
#3273 = AXIS2_PLACEMENT_3D('',#3274,#3275,#3276);
#3274 = CARTESIAN_POINT('',(174.254,-156.972,0.));
#3275 = DIRECTION('',(-0.,0.,-1.));
#3276 = DIRECTION('',(-4.736951571734E-14,-1.,0.));
#3277 = FACE_BOUND('',#3278,.F.);
#3278 = EDGE_LOOP('',(#3279));
#3279 = ORIENTED_EDGE('',*,*,#3280,.T.);
#3280 = EDGE_CURVE('',#3281,#3281,#3283,.T.);
#3281 = VERTEX_POINT('',#3282);
#3282 = CARTESIAN_POINT('',(174.249,-149.952,0.));
#3283 = CIRCLE('',#3284,0.6);
#3284 = AXIS2_PLACEMENT_3D('',#3285,#3286,#3287);
#3285 = CARTESIAN_POINT('',(174.249,-149.352,0.));
#3286 = DIRECTION('',(-0.,0.,-1.));
#3287 = DIRECTION('',(-0.,-1.,0.));
#3288 = FACE_BOUND('',#3289,.F.);
#3289 = EDGE_LOOP('',(#3290));
#3290 = ORIENTED_EDGE('',*,*,#3291,.T.);
#3291 = EDGE_CURVE('',#3292,#3292,#3294,.T.);
#3292 = VERTEX_POINT('',#3293);
#3293 = CARTESIAN_POINT('',(238.,-227.15,0.));
#3294 = CIRCLE('',#3295,2.15);
#3295 = AXIS2_PLACEMENT_3D('',#3296,#3297,#3298);
#3296 = CARTESIAN_POINT('',(238.,-225.,0.));
#3297 = DIRECTION('',(-0.,0.,-1.));
#3298 = DIRECTION('',(-0.,-1.,0.));
#3299 = FACE_BOUND('',#3300,.F.);
#3300 = EDGE_LOOP('',(#3301));
#3301 = ORIENTED_EDGE('',*,*,#3302,.T.);
#3302 = EDGE_CURVE('',#3303,#3303,#3305,.T.);
#3303 = VERTEX_POINT('',#3304);
#3304 = CARTESIAN_POINT('',(240.294,-209.896,0.));
#3305 = CIRCLE('',#3306,0.6);
#3306 = AXIS2_PLACEMENT_3D('',#3307,#3308,#3309);
#3307 = CARTESIAN_POINT('',(240.294,-209.296,0.));
#3308 = DIRECTION('',(-0.,0.,-1.));
#3309 = DIRECTION('',(4.736951571734E-14,-1.,-0.));
#3310 = FACE_BOUND('',#3311,.F.);
#3311 = EDGE_LOOP('',(#3312));
#3312 = ORIENTED_EDGE('',*,*,#3313,.T.);
#3313 = EDGE_CURVE('',#3314,#3314,#3316,.T.);
#3314 = VERTEX_POINT('',#3315);
#3315 = CARTESIAN_POINT('',(240.294,-202.53,0.));
#3316 = CIRCLE('',#3317,0.6);
#3317 = AXIS2_PLACEMENT_3D('',#3318,#3319,#3320);
#3318 = CARTESIAN_POINT('',(240.294,-201.93,0.));
#3319 = DIRECTION('',(-0.,0.,-1.));
#3320 = DIRECTION('',(4.736951571734E-14,-1.,-0.));
#3321 = FACE_BOUND('',#3322,.F.);
#3322 = EDGE_LOOP('',(#3323));
#3323 = ORIENTED_EDGE('',*,*,#3324,.T.);
#3324 = EDGE_CURVE('',#3325,#3325,#3327,.T.);
#3325 = VERTEX_POINT('',#3326);
#3326 = CARTESIAN_POINT('',(240.294,-194.91,0.));
#3327 = CIRCLE('',#3328,0.6);
#3328 = AXIS2_PLACEMENT_3D('',#3329,#3330,#3331);
#3329 = CARTESIAN_POINT('',(240.294,-194.31,0.));
#3330 = DIRECTION('',(-0.,0.,-1.));
#3331 = DIRECTION('',(4.736951571734E-14,-1.,-0.));
#3332 = FACE_BOUND('',#3333,.F.);
#3333 = EDGE_LOOP('',(#3334));
#3334 = ORIENTED_EDGE('',*,*,#3335,.T.);
#3335 = EDGE_CURVE('',#3336,#3336,#3338,.T.);
#3336 = VERTEX_POINT('',#3337);
#3337 = CARTESIAN_POINT('',(240.294,-187.544,0.));
#3338 = CIRCLE('',#3339,0.6);
#3339 = AXIS2_PLACEMENT_3D('',#3340,#3341,#3342);
#3340 = CARTESIAN_POINT('',(240.294,-186.944,0.));
#3341 = DIRECTION('',(-0.,0.,-1.));
#3342 = DIRECTION('',(4.736951571734E-14,-1.,-0.));
#3343 = FACE_BOUND('',#3344,.F.);
#3344 = EDGE_LOOP('',(#3345));
#3345 = ORIENTED_EDGE('',*,*,#3346,.T.);
#3346 = EDGE_CURVE('',#3347,#3347,#3349,.T.);
#3347 = VERTEX_POINT('',#3348);
#3348 = CARTESIAN_POINT('',(240.294,-179.924,0.));
#3349 = CIRCLE('',#3350,0.6);
#3350 = AXIS2_PLACEMENT_3D('',#3351,#3352,#3353);
#3351 = CARTESIAN_POINT('',(240.294,-179.324,0.));
#3352 = DIRECTION('',(-0.,0.,-1.));
#3353 = DIRECTION('',(4.736951571734E-14,-1.,-0.));
#3354 = FACE_BOUND('',#3355,.F.);
#3355 = EDGE_LOOP('',(#3356));
#3356 = ORIENTED_EDGE('',*,*,#3357,.T.);
#3357 = EDGE_CURVE('',#3358,#3358,#3360,.T.);
#3358 = VERTEX_POINT('',#3359);
#3359 = CARTESIAN_POINT('',(240.294,-172.558,0.));
#3360 = CIRCLE('',#3361,0.6);
#3361 = AXIS2_PLACEMENT_3D('',#3362,#3363,#3364);
#3362 = CARTESIAN_POINT('',(240.294,-171.958,0.));
#3363 = DIRECTION('',(-0.,0.,-1.));
#3364 = DIRECTION('',(4.736951571734E-14,-1.,-0.));
#3365 = FACE_BOUND('',#3366,.F.);
#3366 = EDGE_LOOP('',(#3367));
#3367 = ORIENTED_EDGE('',*,*,#3368,.T.);
#3368 = EDGE_CURVE('',#3369,#3369,#3371,.T.);
#3369 = VERTEX_POINT('',#3370);
#3370 = CARTESIAN_POINT('',(240.289,-164.938,0.));
#3371 = CIRCLE('',#3372,0.6);
#3372 = AXIS2_PLACEMENT_3D('',#3373,#3374,#3375);
#3373 = CARTESIAN_POINT('',(240.289,-164.338,0.));
#3374 = DIRECTION('',(-0.,0.,-1.));
#3375 = DIRECTION('',(-0.,-1.,0.));
#3376 = FACE_BOUND('',#3377,.F.);
#3377 = EDGE_LOOP('',(#3378));
#3378 = ORIENTED_EDGE('',*,*,#3379,.T.);
#3379 = EDGE_CURVE('',#3380,#3380,#3382,.T.);
#3380 = VERTEX_POINT('',#3381);
#3381 = CARTESIAN_POINT('',(240.294,-157.572,0.));
#3382 = CIRCLE('',#3383,0.6);
#3383 = AXIS2_PLACEMENT_3D('',#3384,#3385,#3386);
#3384 = CARTESIAN_POINT('',(240.294,-156.972,0.));
#3385 = DIRECTION('',(-0.,0.,-1.));
#3386 = DIRECTION('',(4.736951571734E-14,-1.,-0.));
#3387 = FACE_BOUND('',#3388,.F.);
#3388 = EDGE_LOOP('',(#3389));
#3389 = ORIENTED_EDGE('',*,*,#3390,.T.);
#3390 = EDGE_CURVE('',#3391,#3391,#3393,.T.);
#3391 = VERTEX_POINT('',#3392);
#3392 = CARTESIAN_POINT('',(240.289,-149.952,0.));
#3393 = CIRCLE('',#3394,0.6);
#3394 = AXIS2_PLACEMENT_3D('',#3395,#3396,#3397);
#3395 = CARTESIAN_POINT('',(240.289,-149.352,0.));
#3396 = DIRECTION('',(-0.,0.,-1.));
#3397 = DIRECTION('',(-0.,-1.,0.));
#3398 = FACE_BOUND('',#3399,.F.);
#3399 = EDGE_LOOP('',(#3400));
#3400 = ORIENTED_EDGE('',*,*,#3401,.T.);
#3401 = EDGE_CURVE('',#3402,#3402,#3404,.T.);
#3402 = VERTEX_POINT('',#3403);
#3403 = CARTESIAN_POINT('',(174.249,-142.586,0.));
#3404 = CIRCLE('',#3405,0.6);
#3405 = AXIS2_PLACEMENT_3D('',#3406,#3407,#3408);
#3406 = CARTESIAN_POINT('',(174.249,-141.986,0.));
#3407 = DIRECTION('',(-0.,0.,-1.));
#3408 = DIRECTION('',(-0.,-1.,0.));
#3409 = FACE_BOUND('',#3410,.F.);
#3410 = EDGE_LOOP('',(#3411));
#3411 = ORIENTED_EDGE('',*,*,#3412,.T.);
#3412 = EDGE_CURVE('',#3413,#3413,#3415,.T.);
#3413 = VERTEX_POINT('',#3414);
#3414 = CARTESIAN_POINT('',(174.249,-134.966,0.));
#3415 = CIRCLE('',#3416,0.6);
#3416 = AXIS2_PLACEMENT_3D('',#3417,#3418,#3419);
#3417 = CARTESIAN_POINT('',(174.249,-134.366,0.));
#3418 = DIRECTION('',(-0.,0.,-1.));
#3419 = DIRECTION('',(-0.,-1.,0.));
#3420 = FACE_BOUND('',#3421,.F.);
#3421 = EDGE_LOOP('',(#3422));
#3422 = ORIENTED_EDGE('',*,*,#3423,.T.);
#3423 = EDGE_CURVE('',#3424,#3424,#3426,.T.);
#3424 = VERTEX_POINT('',#3425);
#3425 = CARTESIAN_POINT('',(174.249,-127.6,0.));
#3426 = CIRCLE('',#3427,0.6);
#3427 = AXIS2_PLACEMENT_3D('',#3428,#3429,#3430);
#3428 = CARTESIAN_POINT('',(174.249,-127.,0.));
#3429 = DIRECTION('',(-0.,0.,-1.));
#3430 = DIRECTION('',(-0.,-1.,0.));
#3431 = FACE_BOUND('',#3432,.F.);
#3432 = EDGE_LOOP('',(#3433));
#3433 = ORIENTED_EDGE('',*,*,#3434,.T.);
#3434 = EDGE_CURVE('',#3435,#3435,#3437,.T.);
#3435 = VERTEX_POINT('',#3436);
#3436 = CARTESIAN_POINT('',(174.249,-119.98,0.));
#3437 = CIRCLE('',#3438,0.6);
#3438 = AXIS2_PLACEMENT_3D('',#3439,#3440,#3441);
#3439 = CARTESIAN_POINT('',(174.249,-119.38,0.));
#3440 = DIRECTION('',(-0.,0.,-1.));
#3441 = DIRECTION('',(-0.,-1.,0.));
#3442 = FACE_BOUND('',#3443,.F.);
#3443 = EDGE_LOOP('',(#3444));
#3444 = ORIENTED_EDGE('',*,*,#3445,.T.);
#3445 = EDGE_CURVE('',#3446,#3446,#3448,.T.);
#3446 = VERTEX_POINT('',#3447);
#3447 = CARTESIAN_POINT('',(174.244,-112.614,0.));
#3448 = CIRCLE('',#3449,0.6);
#3449 = AXIS2_PLACEMENT_3D('',#3450,#3451,#3452);
#3450 = CARTESIAN_POINT('',(174.244,-112.014,0.));
#3451 = DIRECTION('',(-0.,0.,-1.));
#3452 = DIRECTION('',(-0.,-1.,0.));
#3453 = FACE_BOUND('',#3454,.F.);
#3454 = EDGE_LOOP('',(#3455));
#3455 = ORIENTED_EDGE('',*,*,#3456,.T.);
#3456 = EDGE_CURVE('',#3457,#3457,#3459,.T.);
#3457 = VERTEX_POINT('',#3458);
#3458 = CARTESIAN_POINT('',(174.249,-104.994,0.));
#3459 = CIRCLE('',#3460,0.6);
#3460 = AXIS2_PLACEMENT_3D('',#3461,#3462,#3463);
#3461 = CARTESIAN_POINT('',(174.249,-104.394,0.));
#3462 = DIRECTION('',(-0.,0.,-1.));
#3463 = DIRECTION('',(-0.,-1.,0.));
#3464 = FACE_BOUND('',#3465,.F.);
#3465 = EDGE_LOOP('',(#3466));
#3466 = ORIENTED_EDGE('',*,*,#3467,.T.);
#3467 = EDGE_CURVE('',#3468,#3468,#3470,.T.);
#3468 = VERTEX_POINT('',#3469);
#3469 = CARTESIAN_POINT('',(174.244,-97.628,0.));
#3470 = CIRCLE('',#3471,0.6);
#3471 = AXIS2_PLACEMENT_3D('',#3472,#3473,#3474);
#3472 = CARTESIAN_POINT('',(174.244,-97.028,0.));
#3473 = DIRECTION('',(-0.,0.,-1.));
#3474 = DIRECTION('',(-0.,-1.,0.));
#3475 = FACE_BOUND('',#3476,.F.);
#3476 = EDGE_LOOP('',(#3477));
#3477 = ORIENTED_EDGE('',*,*,#3478,.T.);
#3478 = EDGE_CURVE('',#3479,#3479,#3481,.T.);
#3479 = VERTEX_POINT('',#3480);
#3480 = CARTESIAN_POINT('',(176.,-72.15,0.));
#3481 = CIRCLE('',#3482,2.15);
#3482 = AXIS2_PLACEMENT_3D('',#3483,#3484,#3485);
#3483 = CARTESIAN_POINT('',(176.,-70.,0.));
#3484 = DIRECTION('',(-0.,0.,-1.));
#3485 = DIRECTION('',(-0.,-1.,0.));
#3486 = FACE_BOUND('',#3487,.F.);
#3487 = EDGE_LOOP('',(#3488));
#3488 = ORIENTED_EDGE('',*,*,#3489,.T.);
#3489 = EDGE_CURVE('',#3490,#3490,#3492,.T.);
#3490 = VERTEX_POINT('',#3491);
#3491 = CARTESIAN_POINT('',(193.976,-78.142,0.));
#3492 = CIRCLE('',#3493,0.7);
#3493 = AXIS2_PLACEMENT_3D('',#3494,#3495,#3496);
#3494 = CARTESIAN_POINT('',(193.976,-77.442,0.));
#3495 = DIRECTION('',(-0.,0.,-1.));
#3496 = DIRECTION('',(-0.,-1.,0.));
#3497 = FACE_BOUND('',#3498,.F.);
#3498 = EDGE_LOOP('',(#3499));
#3499 = ORIENTED_EDGE('',*,*,#3500,.T.);
#3500 = EDGE_CURVE('',#3501,#3501,#3503,.T.);
#3501 = VERTEX_POINT('',#3502);
#3502 = CARTESIAN_POINT('',(193.976,-72.642,0.));
#3503 = CIRCLE('',#3504,0.7);
#3504 = AXIS2_PLACEMENT_3D('',#3505,#3506,#3507);
#3505 = CARTESIAN_POINT('',(193.976,-71.942,0.));
#3506 = DIRECTION('',(-0.,0.,-1.));
#3507 = DIRECTION('',(-0.,-1.,0.));
#3508 = FACE_BOUND('',#3509,.F.);
#3509 = EDGE_LOOP('',(#3510));
#3510 = ORIENTED_EDGE('',*,*,#3511,.T.);
#3511 = EDGE_CURVE('',#3512,#3512,#3514,.T.);
#3512 = VERTEX_POINT('',#3513);
#3513 = CARTESIAN_POINT('',(240.289,-142.586,0.));
#3514 = CIRCLE('',#3515,0.6);
#3515 = AXIS2_PLACEMENT_3D('',#3516,#3517,#3518);
#3516 = CARTESIAN_POINT('',(240.289,-141.986,0.));
#3517 = DIRECTION('',(-0.,0.,-1.));
#3518 = DIRECTION('',(-0.,-1.,0.));
#3519 = FACE_BOUND('',#3520,.F.);
#3520 = EDGE_LOOP('',(#3521));
#3521 = ORIENTED_EDGE('',*,*,#3522,.T.);
#3522 = EDGE_CURVE('',#3523,#3523,#3525,.T.);
#3523 = VERTEX_POINT('',#3524);
#3524 = CARTESIAN_POINT('',(240.289,-134.966,0.));
#3525 = CIRCLE('',#3526,0.6);
#3526 = AXIS2_PLACEMENT_3D('',#3527,#3528,#3529);
#3527 = CARTESIAN_POINT('',(240.289,-134.366,0.));
#3528 = DIRECTION('',(-0.,0.,-1.));
#3529 = DIRECTION('',(-0.,-1.,0.));
#3530 = FACE_BOUND('',#3531,.F.);
#3531 = EDGE_LOOP('',(#3532));
#3532 = ORIENTED_EDGE('',*,*,#3533,.T.);
#3533 = EDGE_CURVE('',#3534,#3534,#3536,.T.);
#3534 = VERTEX_POINT('',#3535);
#3535 = CARTESIAN_POINT('',(240.289,-127.6,0.));
#3536 = CIRCLE('',#3537,0.6);
#3537 = AXIS2_PLACEMENT_3D('',#3538,#3539,#3540);
#3538 = CARTESIAN_POINT('',(240.289,-127.,0.));
#3539 = DIRECTION('',(-0.,0.,-1.));
#3540 = DIRECTION('',(-0.,-1.,0.));
#3541 = FACE_BOUND('',#3542,.F.);
#3542 = EDGE_LOOP('',(#3543));
#3543 = ORIENTED_EDGE('',*,*,#3544,.T.);
#3544 = EDGE_CURVE('',#3545,#3545,#3547,.T.);
#3545 = VERTEX_POINT('',#3546);
#3546 = CARTESIAN_POINT('',(240.289,-119.98,0.));
#3547 = CIRCLE('',#3548,0.6);
#3548 = AXIS2_PLACEMENT_3D('',#3549,#3550,#3551);
#3549 = CARTESIAN_POINT('',(240.289,-119.38,0.));
#3550 = DIRECTION('',(-0.,0.,-1.));
#3551 = DIRECTION('',(-0.,-1.,0.));
#3552 = FACE_BOUND('',#3553,.F.);
#3553 = EDGE_LOOP('',(#3554));
#3554 = ORIENTED_EDGE('',*,*,#3555,.T.);
#3555 = EDGE_CURVE('',#3556,#3556,#3558,.T.);
#3556 = VERTEX_POINT('',#3557);
#3557 = CARTESIAN_POINT('',(240.284,-112.614,0.));
#3558 = CIRCLE('',#3559,0.6);
#3559 = AXIS2_PLACEMENT_3D('',#3560,#3561,#3562);
#3560 = CARTESIAN_POINT('',(240.284,-112.014,0.));
#3561 = DIRECTION('',(-0.,0.,-1.));
#3562 = DIRECTION('',(-0.,-1.,0.));
#3563 = FACE_BOUND('',#3564,.F.);
#3564 = EDGE_LOOP('',(#3565));
#3565 = ORIENTED_EDGE('',*,*,#3566,.T.);
#3566 = EDGE_CURVE('',#3567,#3567,#3569,.T.);
#3567 = VERTEX_POINT('',#3568);
#3568 = CARTESIAN_POINT('',(213.976,-78.142,0.));
#3569 = CIRCLE('',#3570,0.7);
#3570 = AXIS2_PLACEMENT_3D('',#3571,#3572,#3573);
#3571 = CARTESIAN_POINT('',(213.976,-77.442,0.));
#3572 = DIRECTION('',(-0.,0.,-1.));
#3573 = DIRECTION('',(-0.,-1.,0.));
#3574 = FACE_BOUND('',#3575,.F.);
#3575 = EDGE_LOOP('',(#3576));
#3576 = ORIENTED_EDGE('',*,*,#3577,.T.);
#3577 = EDGE_CURVE('',#3578,#3578,#3580,.T.);
#3578 = VERTEX_POINT('',#3579);
#3579 = CARTESIAN_POINT('',(213.976,-72.642,0.));
#3580 = CIRCLE('',#3581,0.7);
#3581 = AXIS2_PLACEMENT_3D('',#3582,#3583,#3584);
#3582 = CARTESIAN_POINT('',(213.976,-71.942,0.));
#3583 = DIRECTION('',(-0.,0.,-1.));
#3584 = DIRECTION('',(-0.,-1.,0.));
#3585 = FACE_BOUND('',#3586,.F.);
#3586 = EDGE_LOOP('',(#3587));
#3587 = ORIENTED_EDGE('',*,*,#3588,.T.);
#3588 = EDGE_CURVE('',#3589,#3589,#3591,.T.);
#3589 = VERTEX_POINT('',#3590);
#3590 = CARTESIAN_POINT('',(223.976,-78.142,0.));
#3591 = CIRCLE('',#3592,0.7);
#3592 = AXIS2_PLACEMENT_3D('',#3593,#3594,#3595);
#3593 = CARTESIAN_POINT('',(223.976,-77.442,0.));
#3594 = DIRECTION('',(-0.,0.,-1.));
#3595 = DIRECTION('',(-0.,-1.,0.));
#3596 = FACE_BOUND('',#3597,.F.);
#3597 = EDGE_LOOP('',(#3598));
#3598 = ORIENTED_EDGE('',*,*,#3599,.T.);
#3599 = EDGE_CURVE('',#3600,#3600,#3602,.T.);
#3600 = VERTEX_POINT('',#3601);
#3601 = CARTESIAN_POINT('',(223.976,-72.642,0.));
#3602 = CIRCLE('',#3603,0.7);
#3603 = AXIS2_PLACEMENT_3D('',#3604,#3605,#3606);
#3604 = CARTESIAN_POINT('',(223.976,-71.942,0.));
#3605 = DIRECTION('',(-0.,0.,-1.));
#3606 = DIRECTION('',(-0.,-1.,0.));
#3607 = FACE_BOUND('',#3608,.F.);
#3608 = EDGE_LOOP('',(#3609));
#3609 = ORIENTED_EDGE('',*,*,#3610,.T.);
#3610 = EDGE_CURVE('',#3611,#3611,#3613,.T.);
#3611 = VERTEX_POINT('',#3612);
#3612 = CARTESIAN_POINT('',(240.289,-104.994,0.));
#3613 = CIRCLE('',#3614,0.6);
#3614 = AXIS2_PLACEMENT_3D('',#3615,#3616,#3617);
#3615 = CARTESIAN_POINT('',(240.289,-104.394,0.));
#3616 = DIRECTION('',(-0.,0.,-1.));
#3617 = DIRECTION('',(-0.,-1.,0.));
#3618 = FACE_BOUND('',#3619,.F.);
#3619 = EDGE_LOOP('',(#3620));
#3620 = ORIENTED_EDGE('',*,*,#3621,.T.);
#3621 = EDGE_CURVE('',#3622,#3622,#3624,.T.);
#3622 = VERTEX_POINT('',#3623);
#3623 = CARTESIAN_POINT('',(240.284,-97.628,0.));
#3624 = CIRCLE('',#3625,0.6);
#3625 = AXIS2_PLACEMENT_3D('',#3626,#3627,#3628);
#3626 = CARTESIAN_POINT('',(240.284,-97.028,0.));
#3627 = DIRECTION('',(-0.,0.,-1.));
#3628 = DIRECTION('',(-0.,-1.,0.));
#3629 = FACE_BOUND('',#3630,.F.);
#3630 = EDGE_LOOP('',(#3631));
#3631 = ORIENTED_EDGE('',*,*,#3632,.T.);
#3632 = EDGE_CURVE('',#3633,#3633,#3635,.T.);
#3633 = VERTEX_POINT('',#3634);
#3634 = CARTESIAN_POINT('',(238.,-72.15,0.));
#3635 = CIRCLE('',#3636,2.15);
#3636 = AXIS2_PLACEMENT_3D('',#3637,#3638,#3639);
#3637 = CARTESIAN_POINT('',(238.,-70.,0.));
#3638 = DIRECTION('',(-0.,0.,-1.));
#3639 = DIRECTION('',(-0.,-1.,0.));
#3640 = PLANE('',#3641);
#3641 = AXIS2_PLACEMENT_3D('',#3642,#3643,#3644);
#3642 = CARTESIAN_POINT('',(0.,0.,0.));
#3643 = DIRECTION('',(0.,0.,1.));
#3644 = DIRECTION('',(1.,0.,-0.));
#3645 = ADVANCED_FACE('',(#3646,#3724,#3735,#3746,#3757,#3768,#3779,
    #3790,#3801,#3812,#3823,#3834,#3845,#3856,#3867,#3878,#3889,#3900,
    #3911,#3922,#3933,#3944,#3955,#3966,#3977,#3988,#3999,#4010,#4021,
    #4032,#4043,#4054,#4065,#4076,#4087,#4098,#4109,#4120,#4131,#4142,
    #4153,#4164,#4175),#4186,.T.);
#3646 = FACE_BOUND('',#3647,.T.);
#3647 = EDGE_LOOP('',(#3648,#3649,#3650,#3658,#3667,#3675,#3683,#3692,
    #3700,#3708,#3717,#3723));
#3648 = ORIENTED_EDGE('',*,*,#3009,.F.);
#3649 = ORIENTED_EDGE('',*,*,#3051,.F.);
#3650 = ORIENTED_EDGE('',*,*,#3651,.F.);
#3651 = EDGE_CURVE('',#3652,#3044,#3654,.T.);
#3652 = VERTEX_POINT('',#3653);
#3653 = CARTESIAN_POINT('',(174.41722,-64.78278,1.6));
#3654 = LINE('',#3655,#3656);
#3655 = CARTESIAN_POINT('',(174.41722,-64.78278,1.6));
#3656 = VECTOR('',#3657,1.);
#3657 = DIRECTION('',(1.,0.,0.));
#3658 = ORIENTED_EDGE('',*,*,#3659,.F.);
#3659 = EDGE_CURVE('',#3660,#3652,#3662,.T.);
#3660 = VERTEX_POINT('',#3661);
#3661 = CARTESIAN_POINT('',(171.002262,-68.02103,1.6));
#3662 = CIRCLE('',#3663,3.415250857606);
#3663 = AXIS2_PLACEMENT_3D('',#3664,#3665,#3666);
#3664 = CARTESIAN_POINT('',(174.412923237,-68.1980281547,1.6));
#3665 = DIRECTION('',(0.,0.,-1.));
#3666 = DIRECTION('',(-0.998656139536,5.182581370556E-02,0.));
#3667 = ORIENTED_EDGE('',*,*,#3668,.F.);
#3668 = EDGE_CURVE('',#3669,#3660,#3671,.T.);
#3669 = VERTEX_POINT('',#3670);
#3670 = CARTESIAN_POINT('',(171.,-68.2,1.6));
#3671 = LINE('',#3672,#3673);
#3672 = CARTESIAN_POINT('',(171.,-68.2,1.6));
#3673 = VECTOR('',#3674,1.);
#3674 = DIRECTION('',(1.263798039398E-02,0.999920137537,0.));
#3675 = ORIENTED_EDGE('',*,*,#3676,.F.);
#3676 = EDGE_CURVE('',#3677,#3669,#3679,.T.);
#3677 = VERTEX_POINT('',#3678);
#3678 = CARTESIAN_POINT('',(171.,-226.58278,1.6));
#3679 = LINE('',#3680,#3681);
#3680 = CARTESIAN_POINT('',(171.,-226.58278,1.6));
#3681 = VECTOR('',#3682,1.);
#3682 = DIRECTION('',(0.,1.,0.));
#3683 = ORIENTED_EDGE('',*,*,#3684,.F.);
#3684 = EDGE_CURVE('',#3685,#3677,#3687,.T.);
#3685 = VERTEX_POINT('',#3686);
#3686 = CARTESIAN_POINT('',(174.238249,-229.99774,1.6));
#3687 = CIRCLE('',#3688,3.4152151443);
#3688 = AXIS2_PLACEMENT_3D('',#3689,#3690,#3691);
#3689 = CARTESIAN_POINT('',(174.41521239594,-226.5871127206,1.6));
#3690 = DIRECTION('',(0.,0.,-1.));
#3691 = DIRECTION('',(-5.181617803366E-02,-0.998656639538,-0.));
#3692 = ORIENTED_EDGE('',*,*,#3693,.F.);
#3693 = EDGE_CURVE('',#3694,#3685,#3696,.T.);
#3694 = VERTEX_POINT('',#3695);
#3695 = CARTESIAN_POINT('',(174.41722,-230.,1.6));
#3696 = LINE('',#3697,#3698);
#3697 = CARTESIAN_POINT('',(174.41722,-230.,1.6));
#3698 = VECTOR('',#3699,1.);
#3699 = DIRECTION('',(-0.999920279573,1.262673747055E-02,0.));
#3700 = ORIENTED_EDGE('',*,*,#3701,.F.);
#3701 = EDGE_CURVE('',#3702,#3694,#3704,.T.);
#3702 = VERTEX_POINT('',#3703);
#3703 = CARTESIAN_POINT('',(239.6,-230.,1.6));
#3704 = LINE('',#3705,#3706);
#3705 = CARTESIAN_POINT('',(239.6,-230.,1.6));
#3706 = VECTOR('',#3707,1.);
#3707 = DIRECTION('',(-1.,0.,0.));
#3708 = ORIENTED_EDGE('',*,*,#3709,.F.);
#3709 = EDGE_CURVE('',#3710,#3702,#3712,.T.);
#3710 = VERTEX_POINT('',#3711);
#3711 = CARTESIAN_POINT('',(243.01496,-226.761751,1.6));
#3712 = CIRCLE('',#3713,3.415196233575);
#3713 = AXIS2_PLACEMENT_3D('',#3714,#3715,#3716);
#3714 = CARTESIAN_POINT('',(239.60435067451,-226.5848065376,1.6));
#3715 = DIRECTION('',(0.,0.,-1.));
#3716 = DIRECTION('',(0.998656912288,-5.181092103486E-02,0.));
#3717 = ORIENTED_EDGE('',*,*,#3718,.F.);
#3718 = EDGE_CURVE('',#3074,#3710,#3719,.T.);
#3719 = LINE('',#3720,#3721);
#3720 = CARTESIAN_POINT('',(243.01722,-226.58278,1.6));
#3721 = VECTOR('',#3722,1.);
#3722 = DIRECTION('',(-1.262673747055E-02,-0.999920279573,0.));
#3723 = ORIENTED_EDGE('',*,*,#3073,.F.);
#3724 = FACE_BOUND('',#3725,.T.);
#3725 = EDGE_LOOP('',(#3726));
#3726 = ORIENTED_EDGE('',*,*,#3727,.T.);
#3727 = EDGE_CURVE('',#3728,#3728,#3730,.T.);
#3728 = VERTEX_POINT('',#3729);
#3729 = CARTESIAN_POINT('',(176.,-227.15,1.6));
#3730 = CIRCLE('',#3731,2.15);
#3731 = AXIS2_PLACEMENT_3D('',#3732,#3733,#3734);
#3732 = CARTESIAN_POINT('',(176.,-225.,1.6));
#3733 = DIRECTION('',(-0.,0.,-1.));
#3734 = DIRECTION('',(-0.,-1.,0.));
#3735 = FACE_BOUND('',#3736,.T.);
#3736 = EDGE_LOOP('',(#3737));
#3737 = ORIENTED_EDGE('',*,*,#3738,.T.);
#3738 = EDGE_CURVE('',#3739,#3739,#3741,.T.);
#3739 = VERTEX_POINT('',#3740);
#3740 = CARTESIAN_POINT('',(174.254,-209.896,1.6));
#3741 = CIRCLE('',#3742,0.6);
#3742 = AXIS2_PLACEMENT_3D('',#3743,#3744,#3745);
#3743 = CARTESIAN_POINT('',(174.254,-209.296,1.6));
#3744 = DIRECTION('',(-0.,0.,-1.));
#3745 = DIRECTION('',(-4.736951571734E-14,-1.,0.));
#3746 = FACE_BOUND('',#3747,.T.);
#3747 = EDGE_LOOP('',(#3748));
#3748 = ORIENTED_EDGE('',*,*,#3749,.T.);
#3749 = EDGE_CURVE('',#3750,#3750,#3752,.T.);
#3750 = VERTEX_POINT('',#3751);
#3751 = CARTESIAN_POINT('',(174.254,-202.53,1.6));
#3752 = CIRCLE('',#3753,0.6);
#3753 = AXIS2_PLACEMENT_3D('',#3754,#3755,#3756);
#3754 = CARTESIAN_POINT('',(174.254,-201.93,1.6));
#3755 = DIRECTION('',(-0.,0.,-1.));
#3756 = DIRECTION('',(-4.736951571734E-14,-1.,0.));
#3757 = FACE_BOUND('',#3758,.T.);
#3758 = EDGE_LOOP('',(#3759));
#3759 = ORIENTED_EDGE('',*,*,#3760,.T.);
#3760 = EDGE_CURVE('',#3761,#3761,#3763,.T.);
#3761 = VERTEX_POINT('',#3762);
#3762 = CARTESIAN_POINT('',(174.254,-194.91,1.6));
#3763 = CIRCLE('',#3764,0.6);
#3764 = AXIS2_PLACEMENT_3D('',#3765,#3766,#3767);
#3765 = CARTESIAN_POINT('',(174.254,-194.31,1.6));
#3766 = DIRECTION('',(-0.,0.,-1.));
#3767 = DIRECTION('',(-4.736951571734E-14,-1.,0.));
#3768 = FACE_BOUND('',#3769,.T.);
#3769 = EDGE_LOOP('',(#3770));
#3770 = ORIENTED_EDGE('',*,*,#3771,.T.);
#3771 = EDGE_CURVE('',#3772,#3772,#3774,.T.);
#3772 = VERTEX_POINT('',#3773);
#3773 = CARTESIAN_POINT('',(174.254,-187.544,1.6));
#3774 = CIRCLE('',#3775,0.6);
#3775 = AXIS2_PLACEMENT_3D('',#3776,#3777,#3778);
#3776 = CARTESIAN_POINT('',(174.254,-186.944,1.6));
#3777 = DIRECTION('',(-0.,0.,-1.));
#3778 = DIRECTION('',(-4.736951571734E-14,-1.,0.));
#3779 = FACE_BOUND('',#3780,.T.);
#3780 = EDGE_LOOP('',(#3781));
#3781 = ORIENTED_EDGE('',*,*,#3782,.T.);
#3782 = EDGE_CURVE('',#3783,#3783,#3785,.T.);
#3783 = VERTEX_POINT('',#3784);
#3784 = CARTESIAN_POINT('',(174.254,-179.924,1.6));
#3785 = CIRCLE('',#3786,0.6);
#3786 = AXIS2_PLACEMENT_3D('',#3787,#3788,#3789);
#3787 = CARTESIAN_POINT('',(174.254,-179.324,1.6));
#3788 = DIRECTION('',(-0.,0.,-1.));
#3789 = DIRECTION('',(-4.736951571734E-14,-1.,0.));
#3790 = FACE_BOUND('',#3791,.T.);
#3791 = EDGE_LOOP('',(#3792));
#3792 = ORIENTED_EDGE('',*,*,#3793,.T.);
#3793 = EDGE_CURVE('',#3794,#3794,#3796,.T.);
#3794 = VERTEX_POINT('',#3795);
#3795 = CARTESIAN_POINT('',(174.254,-172.558,1.6));
#3796 = CIRCLE('',#3797,0.6);
#3797 = AXIS2_PLACEMENT_3D('',#3798,#3799,#3800);
#3798 = CARTESIAN_POINT('',(174.254,-171.958,1.6));
#3799 = DIRECTION('',(-0.,0.,-1.));
#3800 = DIRECTION('',(-4.736951571734E-14,-1.,0.));
#3801 = FACE_BOUND('',#3802,.T.);
#3802 = EDGE_LOOP('',(#3803));
#3803 = ORIENTED_EDGE('',*,*,#3804,.T.);
#3804 = EDGE_CURVE('',#3805,#3805,#3807,.T.);
#3805 = VERTEX_POINT('',#3806);
#3806 = CARTESIAN_POINT('',(174.249,-164.938,1.6));
#3807 = CIRCLE('',#3808,0.6);
#3808 = AXIS2_PLACEMENT_3D('',#3809,#3810,#3811);
#3809 = CARTESIAN_POINT('',(174.249,-164.338,1.6));
#3810 = DIRECTION('',(-0.,0.,-1.));
#3811 = DIRECTION('',(-0.,-1.,0.));
#3812 = FACE_BOUND('',#3813,.T.);
#3813 = EDGE_LOOP('',(#3814));
#3814 = ORIENTED_EDGE('',*,*,#3815,.T.);
#3815 = EDGE_CURVE('',#3816,#3816,#3818,.T.);
#3816 = VERTEX_POINT('',#3817);
#3817 = CARTESIAN_POINT('',(174.254,-157.572,1.6));
#3818 = CIRCLE('',#3819,0.6);
#3819 = AXIS2_PLACEMENT_3D('',#3820,#3821,#3822);
#3820 = CARTESIAN_POINT('',(174.254,-156.972,1.6));
#3821 = DIRECTION('',(-0.,0.,-1.));
#3822 = DIRECTION('',(-4.736951571734E-14,-1.,0.));
#3823 = FACE_BOUND('',#3824,.T.);
#3824 = EDGE_LOOP('',(#3825));
#3825 = ORIENTED_EDGE('',*,*,#3826,.T.);
#3826 = EDGE_CURVE('',#3827,#3827,#3829,.T.);
#3827 = VERTEX_POINT('',#3828);
#3828 = CARTESIAN_POINT('',(174.249,-149.952,1.6));
#3829 = CIRCLE('',#3830,0.6);
#3830 = AXIS2_PLACEMENT_3D('',#3831,#3832,#3833);
#3831 = CARTESIAN_POINT('',(174.249,-149.352,1.6));
#3832 = DIRECTION('',(-0.,0.,-1.));
#3833 = DIRECTION('',(-0.,-1.,0.));
#3834 = FACE_BOUND('',#3835,.T.);
#3835 = EDGE_LOOP('',(#3836));
#3836 = ORIENTED_EDGE('',*,*,#3837,.T.);
#3837 = EDGE_CURVE('',#3838,#3838,#3840,.T.);
#3838 = VERTEX_POINT('',#3839);
#3839 = CARTESIAN_POINT('',(238.,-227.15,1.6));
#3840 = CIRCLE('',#3841,2.15);
#3841 = AXIS2_PLACEMENT_3D('',#3842,#3843,#3844);
#3842 = CARTESIAN_POINT('',(238.,-225.,1.6));
#3843 = DIRECTION('',(-0.,0.,-1.));
#3844 = DIRECTION('',(-0.,-1.,0.));
#3845 = FACE_BOUND('',#3846,.T.);
#3846 = EDGE_LOOP('',(#3847));
#3847 = ORIENTED_EDGE('',*,*,#3848,.T.);
#3848 = EDGE_CURVE('',#3849,#3849,#3851,.T.);
#3849 = VERTEX_POINT('',#3850);
#3850 = CARTESIAN_POINT('',(240.294,-209.896,1.6));
#3851 = CIRCLE('',#3852,0.6);
#3852 = AXIS2_PLACEMENT_3D('',#3853,#3854,#3855);
#3853 = CARTESIAN_POINT('',(240.294,-209.296,1.6));
#3854 = DIRECTION('',(-0.,0.,-1.));
#3855 = DIRECTION('',(4.736951571734E-14,-1.,-0.));
#3856 = FACE_BOUND('',#3857,.T.);
#3857 = EDGE_LOOP('',(#3858));
#3858 = ORIENTED_EDGE('',*,*,#3859,.T.);
#3859 = EDGE_CURVE('',#3860,#3860,#3862,.T.);
#3860 = VERTEX_POINT('',#3861);
#3861 = CARTESIAN_POINT('',(240.294,-202.53,1.6));
#3862 = CIRCLE('',#3863,0.6);
#3863 = AXIS2_PLACEMENT_3D('',#3864,#3865,#3866);
#3864 = CARTESIAN_POINT('',(240.294,-201.93,1.6));
#3865 = DIRECTION('',(-0.,0.,-1.));
#3866 = DIRECTION('',(4.736951571734E-14,-1.,-0.));
#3867 = FACE_BOUND('',#3868,.T.);
#3868 = EDGE_LOOP('',(#3869));
#3869 = ORIENTED_EDGE('',*,*,#3870,.T.);
#3870 = EDGE_CURVE('',#3871,#3871,#3873,.T.);
#3871 = VERTEX_POINT('',#3872);
#3872 = CARTESIAN_POINT('',(240.294,-194.91,1.6));
#3873 = CIRCLE('',#3874,0.6);
#3874 = AXIS2_PLACEMENT_3D('',#3875,#3876,#3877);
#3875 = CARTESIAN_POINT('',(240.294,-194.31,1.6));
#3876 = DIRECTION('',(-0.,0.,-1.));
#3877 = DIRECTION('',(4.736951571734E-14,-1.,-0.));
#3878 = FACE_BOUND('',#3879,.T.);
#3879 = EDGE_LOOP('',(#3880));
#3880 = ORIENTED_EDGE('',*,*,#3881,.T.);
#3881 = EDGE_CURVE('',#3882,#3882,#3884,.T.);
#3882 = VERTEX_POINT('',#3883);
#3883 = CARTESIAN_POINT('',(240.294,-187.544,1.6));
#3884 = CIRCLE('',#3885,0.6);
#3885 = AXIS2_PLACEMENT_3D('',#3886,#3887,#3888);
#3886 = CARTESIAN_POINT('',(240.294,-186.944,1.6));
#3887 = DIRECTION('',(-0.,0.,-1.));
#3888 = DIRECTION('',(4.736951571734E-14,-1.,-0.));
#3889 = FACE_BOUND('',#3890,.T.);
#3890 = EDGE_LOOP('',(#3891));
#3891 = ORIENTED_EDGE('',*,*,#3892,.T.);
#3892 = EDGE_CURVE('',#3893,#3893,#3895,.T.);
#3893 = VERTEX_POINT('',#3894);
#3894 = CARTESIAN_POINT('',(240.294,-179.924,1.6));
#3895 = CIRCLE('',#3896,0.6);
#3896 = AXIS2_PLACEMENT_3D('',#3897,#3898,#3899);
#3897 = CARTESIAN_POINT('',(240.294,-179.324,1.6));
#3898 = DIRECTION('',(-0.,0.,-1.));
#3899 = DIRECTION('',(4.736951571734E-14,-1.,-0.));
#3900 = FACE_BOUND('',#3901,.T.);
#3901 = EDGE_LOOP('',(#3902));
#3902 = ORIENTED_EDGE('',*,*,#3903,.T.);
#3903 = EDGE_CURVE('',#3904,#3904,#3906,.T.);
#3904 = VERTEX_POINT('',#3905);
#3905 = CARTESIAN_POINT('',(240.294,-172.558,1.6));
#3906 = CIRCLE('',#3907,0.6);
#3907 = AXIS2_PLACEMENT_3D('',#3908,#3909,#3910);
#3908 = CARTESIAN_POINT('',(240.294,-171.958,1.6));
#3909 = DIRECTION('',(-0.,0.,-1.));
#3910 = DIRECTION('',(4.736951571734E-14,-1.,-0.));
#3911 = FACE_BOUND('',#3912,.T.);
#3912 = EDGE_LOOP('',(#3913));
#3913 = ORIENTED_EDGE('',*,*,#3914,.T.);
#3914 = EDGE_CURVE('',#3915,#3915,#3917,.T.);
#3915 = VERTEX_POINT('',#3916);
#3916 = CARTESIAN_POINT('',(240.289,-164.938,1.6));
#3917 = CIRCLE('',#3918,0.6);
#3918 = AXIS2_PLACEMENT_3D('',#3919,#3920,#3921);
#3919 = CARTESIAN_POINT('',(240.289,-164.338,1.6));
#3920 = DIRECTION('',(-0.,0.,-1.));
#3921 = DIRECTION('',(-0.,-1.,0.));
#3922 = FACE_BOUND('',#3923,.T.);
#3923 = EDGE_LOOP('',(#3924));
#3924 = ORIENTED_EDGE('',*,*,#3925,.T.);
#3925 = EDGE_CURVE('',#3926,#3926,#3928,.T.);
#3926 = VERTEX_POINT('',#3927);
#3927 = CARTESIAN_POINT('',(240.294,-157.572,1.6));
#3928 = CIRCLE('',#3929,0.6);
#3929 = AXIS2_PLACEMENT_3D('',#3930,#3931,#3932);
#3930 = CARTESIAN_POINT('',(240.294,-156.972,1.6));
#3931 = DIRECTION('',(-0.,0.,-1.));
#3932 = DIRECTION('',(4.736951571734E-14,-1.,-0.));
#3933 = FACE_BOUND('',#3934,.T.);
#3934 = EDGE_LOOP('',(#3935));
#3935 = ORIENTED_EDGE('',*,*,#3936,.T.);
#3936 = EDGE_CURVE('',#3937,#3937,#3939,.T.);
#3937 = VERTEX_POINT('',#3938);
#3938 = CARTESIAN_POINT('',(240.289,-149.952,1.6));
#3939 = CIRCLE('',#3940,0.6);
#3940 = AXIS2_PLACEMENT_3D('',#3941,#3942,#3943);
#3941 = CARTESIAN_POINT('',(240.289,-149.352,1.6));
#3942 = DIRECTION('',(-0.,0.,-1.));
#3943 = DIRECTION('',(-0.,-1.,0.));
#3944 = FACE_BOUND('',#3945,.T.);
#3945 = EDGE_LOOP('',(#3946));
#3946 = ORIENTED_EDGE('',*,*,#3947,.T.);
#3947 = EDGE_CURVE('',#3948,#3948,#3950,.T.);
#3948 = VERTEX_POINT('',#3949);
#3949 = CARTESIAN_POINT('',(174.249,-142.586,1.6));
#3950 = CIRCLE('',#3951,0.6);
#3951 = AXIS2_PLACEMENT_3D('',#3952,#3953,#3954);
#3952 = CARTESIAN_POINT('',(174.249,-141.986,1.6));
#3953 = DIRECTION('',(-0.,0.,-1.));
#3954 = DIRECTION('',(-0.,-1.,0.));
#3955 = FACE_BOUND('',#3956,.T.);
#3956 = EDGE_LOOP('',(#3957));
#3957 = ORIENTED_EDGE('',*,*,#3958,.T.);
#3958 = EDGE_CURVE('',#3959,#3959,#3961,.T.);
#3959 = VERTEX_POINT('',#3960);
#3960 = CARTESIAN_POINT('',(174.249,-134.966,1.6));
#3961 = CIRCLE('',#3962,0.6);
#3962 = AXIS2_PLACEMENT_3D('',#3963,#3964,#3965);
#3963 = CARTESIAN_POINT('',(174.249,-134.366,1.6));
#3964 = DIRECTION('',(-0.,0.,-1.));
#3965 = DIRECTION('',(-0.,-1.,0.));
#3966 = FACE_BOUND('',#3967,.T.);
#3967 = EDGE_LOOP('',(#3968));
#3968 = ORIENTED_EDGE('',*,*,#3969,.T.);
#3969 = EDGE_CURVE('',#3970,#3970,#3972,.T.);
#3970 = VERTEX_POINT('',#3971);
#3971 = CARTESIAN_POINT('',(174.249,-127.6,1.6));
#3972 = CIRCLE('',#3973,0.6);
#3973 = AXIS2_PLACEMENT_3D('',#3974,#3975,#3976);
#3974 = CARTESIAN_POINT('',(174.249,-127.,1.6));
#3975 = DIRECTION('',(-0.,0.,-1.));
#3976 = DIRECTION('',(-0.,-1.,0.));
#3977 = FACE_BOUND('',#3978,.T.);
#3978 = EDGE_LOOP('',(#3979));
#3979 = ORIENTED_EDGE('',*,*,#3980,.T.);
#3980 = EDGE_CURVE('',#3981,#3981,#3983,.T.);
#3981 = VERTEX_POINT('',#3982);
#3982 = CARTESIAN_POINT('',(174.249,-119.98,1.6));
#3983 = CIRCLE('',#3984,0.6);
#3984 = AXIS2_PLACEMENT_3D('',#3985,#3986,#3987);
#3985 = CARTESIAN_POINT('',(174.249,-119.38,1.6));
#3986 = DIRECTION('',(-0.,0.,-1.));
#3987 = DIRECTION('',(-0.,-1.,0.));
#3988 = FACE_BOUND('',#3989,.T.);
#3989 = EDGE_LOOP('',(#3990));
#3990 = ORIENTED_EDGE('',*,*,#3991,.T.);
#3991 = EDGE_CURVE('',#3992,#3992,#3994,.T.);
#3992 = VERTEX_POINT('',#3993);
#3993 = CARTESIAN_POINT('',(174.244,-112.614,1.6));
#3994 = CIRCLE('',#3995,0.6);
#3995 = AXIS2_PLACEMENT_3D('',#3996,#3997,#3998);
#3996 = CARTESIAN_POINT('',(174.244,-112.014,1.6));
#3997 = DIRECTION('',(-0.,0.,-1.));
#3998 = DIRECTION('',(-0.,-1.,0.));
#3999 = FACE_BOUND('',#4000,.T.);
#4000 = EDGE_LOOP('',(#4001));
#4001 = ORIENTED_EDGE('',*,*,#4002,.T.);
#4002 = EDGE_CURVE('',#4003,#4003,#4005,.T.);
#4003 = VERTEX_POINT('',#4004);
#4004 = CARTESIAN_POINT('',(174.249,-104.994,1.6));
#4005 = CIRCLE('',#4006,0.6);
#4006 = AXIS2_PLACEMENT_3D('',#4007,#4008,#4009);
#4007 = CARTESIAN_POINT('',(174.249,-104.394,1.6));
#4008 = DIRECTION('',(-0.,0.,-1.));
#4009 = DIRECTION('',(-0.,-1.,0.));
#4010 = FACE_BOUND('',#4011,.T.);
#4011 = EDGE_LOOP('',(#4012));
#4012 = ORIENTED_EDGE('',*,*,#4013,.T.);
#4013 = EDGE_CURVE('',#4014,#4014,#4016,.T.);
#4014 = VERTEX_POINT('',#4015);
#4015 = CARTESIAN_POINT('',(174.244,-97.628,1.6));
#4016 = CIRCLE('',#4017,0.6);
#4017 = AXIS2_PLACEMENT_3D('',#4018,#4019,#4020);
#4018 = CARTESIAN_POINT('',(174.244,-97.028,1.6));
#4019 = DIRECTION('',(-0.,0.,-1.));
#4020 = DIRECTION('',(-0.,-1.,0.));
#4021 = FACE_BOUND('',#4022,.T.);
#4022 = EDGE_LOOP('',(#4023));
#4023 = ORIENTED_EDGE('',*,*,#4024,.T.);
#4024 = EDGE_CURVE('',#4025,#4025,#4027,.T.);
#4025 = VERTEX_POINT('',#4026);
#4026 = CARTESIAN_POINT('',(176.,-72.15,1.6));
#4027 = CIRCLE('',#4028,2.15);
#4028 = AXIS2_PLACEMENT_3D('',#4029,#4030,#4031);
#4029 = CARTESIAN_POINT('',(176.,-70.,1.6));
#4030 = DIRECTION('',(-0.,0.,-1.));
#4031 = DIRECTION('',(-0.,-1.,0.));
#4032 = FACE_BOUND('',#4033,.T.);
#4033 = EDGE_LOOP('',(#4034));
#4034 = ORIENTED_EDGE('',*,*,#4035,.T.);
#4035 = EDGE_CURVE('',#4036,#4036,#4038,.T.);
#4036 = VERTEX_POINT('',#4037);
#4037 = CARTESIAN_POINT('',(193.976,-78.142,1.6));
#4038 = CIRCLE('',#4039,0.7);
#4039 = AXIS2_PLACEMENT_3D('',#4040,#4041,#4042);
#4040 = CARTESIAN_POINT('',(193.976,-77.442,1.6));
#4041 = DIRECTION('',(-0.,0.,-1.));
#4042 = DIRECTION('',(-0.,-1.,0.));
#4043 = FACE_BOUND('',#4044,.T.);
#4044 = EDGE_LOOP('',(#4045));
#4045 = ORIENTED_EDGE('',*,*,#4046,.T.);
#4046 = EDGE_CURVE('',#4047,#4047,#4049,.T.);
#4047 = VERTEX_POINT('',#4048);
#4048 = CARTESIAN_POINT('',(193.976,-72.642,1.6));
#4049 = CIRCLE('',#4050,0.7);
#4050 = AXIS2_PLACEMENT_3D('',#4051,#4052,#4053);
#4051 = CARTESIAN_POINT('',(193.976,-71.942,1.6));
#4052 = DIRECTION('',(-0.,0.,-1.));
#4053 = DIRECTION('',(-0.,-1.,0.));
#4054 = FACE_BOUND('',#4055,.T.);
#4055 = EDGE_LOOP('',(#4056));
#4056 = ORIENTED_EDGE('',*,*,#4057,.T.);
#4057 = EDGE_CURVE('',#4058,#4058,#4060,.T.);
#4058 = VERTEX_POINT('',#4059);
#4059 = CARTESIAN_POINT('',(240.289,-142.586,1.6));
#4060 = CIRCLE('',#4061,0.6);
#4061 = AXIS2_PLACEMENT_3D('',#4062,#4063,#4064);
#4062 = CARTESIAN_POINT('',(240.289,-141.986,1.6));
#4063 = DIRECTION('',(-0.,0.,-1.));
#4064 = DIRECTION('',(-0.,-1.,0.));
#4065 = FACE_BOUND('',#4066,.T.);
#4066 = EDGE_LOOP('',(#4067));
#4067 = ORIENTED_EDGE('',*,*,#4068,.T.);
#4068 = EDGE_CURVE('',#4069,#4069,#4071,.T.);
#4069 = VERTEX_POINT('',#4070);
#4070 = CARTESIAN_POINT('',(240.289,-134.966,1.6));
#4071 = CIRCLE('',#4072,0.6);
#4072 = AXIS2_PLACEMENT_3D('',#4073,#4074,#4075);
#4073 = CARTESIAN_POINT('',(240.289,-134.366,1.6));
#4074 = DIRECTION('',(-0.,0.,-1.));
#4075 = DIRECTION('',(-0.,-1.,0.));
#4076 = FACE_BOUND('',#4077,.T.);
#4077 = EDGE_LOOP('',(#4078));
#4078 = ORIENTED_EDGE('',*,*,#4079,.T.);
#4079 = EDGE_CURVE('',#4080,#4080,#4082,.T.);
#4080 = VERTEX_POINT('',#4081);
#4081 = CARTESIAN_POINT('',(240.289,-127.6,1.6));
#4082 = CIRCLE('',#4083,0.6);
#4083 = AXIS2_PLACEMENT_3D('',#4084,#4085,#4086);
#4084 = CARTESIAN_POINT('',(240.289,-127.,1.6));
#4085 = DIRECTION('',(-0.,0.,-1.));
#4086 = DIRECTION('',(-0.,-1.,0.));
#4087 = FACE_BOUND('',#4088,.T.);
#4088 = EDGE_LOOP('',(#4089));
#4089 = ORIENTED_EDGE('',*,*,#4090,.T.);
#4090 = EDGE_CURVE('',#4091,#4091,#4093,.T.);
#4091 = VERTEX_POINT('',#4092);
#4092 = CARTESIAN_POINT('',(240.289,-119.98,1.6));
#4093 = CIRCLE('',#4094,0.6);
#4094 = AXIS2_PLACEMENT_3D('',#4095,#4096,#4097);
#4095 = CARTESIAN_POINT('',(240.289,-119.38,1.6));
#4096 = DIRECTION('',(-0.,0.,-1.));
#4097 = DIRECTION('',(-0.,-1.,0.));
#4098 = FACE_BOUND('',#4099,.T.);
#4099 = EDGE_LOOP('',(#4100));
#4100 = ORIENTED_EDGE('',*,*,#4101,.T.);
#4101 = EDGE_CURVE('',#4102,#4102,#4104,.T.);
#4102 = VERTEX_POINT('',#4103);
#4103 = CARTESIAN_POINT('',(240.284,-112.614,1.6));
#4104 = CIRCLE('',#4105,0.6);
#4105 = AXIS2_PLACEMENT_3D('',#4106,#4107,#4108);
#4106 = CARTESIAN_POINT('',(240.284,-112.014,1.6));
#4107 = DIRECTION('',(-0.,0.,-1.));
#4108 = DIRECTION('',(-0.,-1.,0.));
#4109 = FACE_BOUND('',#4110,.T.);
#4110 = EDGE_LOOP('',(#4111));
#4111 = ORIENTED_EDGE('',*,*,#4112,.T.);
#4112 = EDGE_CURVE('',#4113,#4113,#4115,.T.);
#4113 = VERTEX_POINT('',#4114);
#4114 = CARTESIAN_POINT('',(213.976,-78.142,1.6));
#4115 = CIRCLE('',#4116,0.7);
#4116 = AXIS2_PLACEMENT_3D('',#4117,#4118,#4119);
#4117 = CARTESIAN_POINT('',(213.976,-77.442,1.6));
#4118 = DIRECTION('',(-0.,0.,-1.));
#4119 = DIRECTION('',(-0.,-1.,0.));
#4120 = FACE_BOUND('',#4121,.T.);
#4121 = EDGE_LOOP('',(#4122));
#4122 = ORIENTED_EDGE('',*,*,#4123,.T.);
#4123 = EDGE_CURVE('',#4124,#4124,#4126,.T.);
#4124 = VERTEX_POINT('',#4125);
#4125 = CARTESIAN_POINT('',(213.976,-72.642,1.6));
#4126 = CIRCLE('',#4127,0.7);
#4127 = AXIS2_PLACEMENT_3D('',#4128,#4129,#4130);
#4128 = CARTESIAN_POINT('',(213.976,-71.942,1.6));
#4129 = DIRECTION('',(-0.,0.,-1.));
#4130 = DIRECTION('',(-0.,-1.,0.));
#4131 = FACE_BOUND('',#4132,.T.);
#4132 = EDGE_LOOP('',(#4133));
#4133 = ORIENTED_EDGE('',*,*,#4134,.T.);
#4134 = EDGE_CURVE('',#4135,#4135,#4137,.T.);
#4135 = VERTEX_POINT('',#4136);
#4136 = CARTESIAN_POINT('',(223.976,-78.142,1.6));
#4137 = CIRCLE('',#4138,0.7);
#4138 = AXIS2_PLACEMENT_3D('',#4139,#4140,#4141);
#4139 = CARTESIAN_POINT('',(223.976,-77.442,1.6));
#4140 = DIRECTION('',(-0.,0.,-1.));
#4141 = DIRECTION('',(-0.,-1.,0.));
#4142 = FACE_BOUND('',#4143,.T.);
#4143 = EDGE_LOOP('',(#4144));
#4144 = ORIENTED_EDGE('',*,*,#4145,.T.);
#4145 = EDGE_CURVE('',#4146,#4146,#4148,.T.);
#4146 = VERTEX_POINT('',#4147);
#4147 = CARTESIAN_POINT('',(223.976,-72.642,1.6));
#4148 = CIRCLE('',#4149,0.7);
#4149 = AXIS2_PLACEMENT_3D('',#4150,#4151,#4152);
#4150 = CARTESIAN_POINT('',(223.976,-71.942,1.6));
#4151 = DIRECTION('',(-0.,0.,-1.));
#4152 = DIRECTION('',(-0.,-1.,0.));
#4153 = FACE_BOUND('',#4154,.T.);
#4154 = EDGE_LOOP('',(#4155));
#4155 = ORIENTED_EDGE('',*,*,#4156,.T.);
#4156 = EDGE_CURVE('',#4157,#4157,#4159,.T.);
#4157 = VERTEX_POINT('',#4158);
#4158 = CARTESIAN_POINT('',(240.289,-104.994,1.6));
#4159 = CIRCLE('',#4160,0.6);
#4160 = AXIS2_PLACEMENT_3D('',#4161,#4162,#4163);
#4161 = CARTESIAN_POINT('',(240.289,-104.394,1.6));
#4162 = DIRECTION('',(-0.,0.,-1.));
#4163 = DIRECTION('',(-0.,-1.,0.));
#4164 = FACE_BOUND('',#4165,.T.);
#4165 = EDGE_LOOP('',(#4166));
#4166 = ORIENTED_EDGE('',*,*,#4167,.T.);
#4167 = EDGE_CURVE('',#4168,#4168,#4170,.T.);
#4168 = VERTEX_POINT('',#4169);
#4169 = CARTESIAN_POINT('',(240.284,-97.628,1.6));
#4170 = CIRCLE('',#4171,0.6);
#4171 = AXIS2_PLACEMENT_3D('',#4172,#4173,#4174);
#4172 = CARTESIAN_POINT('',(240.284,-97.028,1.6));
#4173 = DIRECTION('',(-0.,0.,-1.));
#4174 = DIRECTION('',(-0.,-1.,0.));
#4175 = FACE_BOUND('',#4176,.T.);
#4176 = EDGE_LOOP('',(#4177));
#4177 = ORIENTED_EDGE('',*,*,#4178,.T.);
#4178 = EDGE_CURVE('',#4179,#4179,#4181,.T.);
#4179 = VERTEX_POINT('',#4180);
#4180 = CARTESIAN_POINT('',(238.,-72.15,1.6));
#4181 = CIRCLE('',#4182,2.15);
#4182 = AXIS2_PLACEMENT_3D('',#4183,#4184,#4185);
#4183 = CARTESIAN_POINT('',(238.,-70.,1.6));
#4184 = DIRECTION('',(-0.,0.,-1.));
#4185 = DIRECTION('',(-0.,-1.,0.));
#4186 = PLANE('',#4187);
#4187 = AXIS2_PLACEMENT_3D('',#4188,#4189,#4190);
#4188 = CARTESIAN_POINT('',(0.,0.,1.6));
#4189 = DIRECTION('',(0.,0.,1.));
#4190 = DIRECTION('',(1.,0.,-0.));
#4191 = ADVANCED_FACE('',(#4192),#4203,.T.);
#4192 = FACE_BOUND('',#4193,.T.);
#4193 = EDGE_LOOP('',(#4194,#4200,#4201,#4202));
#4194 = ORIENTED_EDGE('',*,*,#4195,.T.);
#4195 = EDGE_CURVE('',#3106,#3652,#4196,.T.);
#4196 = LINE('',#4197,#4198);
#4197 = CARTESIAN_POINT('',(174.41722,-64.78278,0.));
#4198 = VECTOR('',#4199,1.);
#4199 = DIRECTION('',(0.,0.,1.));
#4200 = ORIENTED_EDGE('',*,*,#3651,.T.);
#4201 = ORIENTED_EDGE('',*,*,#3041,.F.);
#4202 = ORIENTED_EDGE('',*,*,#3105,.F.);
#4203 = PLANE('',#4204);
#4204 = AXIS2_PLACEMENT_3D('',#4205,#4206,#4207);
#4205 = CARTESIAN_POINT('',(174.41722,-64.78278,0.));
#4206 = DIRECTION('',(0.,1.,0.));
#4207 = DIRECTION('',(1.,0.,0.));
#4208 = ADVANCED_FACE('',(#4209),#4220,.T.);
#4209 = FACE_BOUND('',#4210,.T.);
#4210 = EDGE_LOOP('',(#4211,#4212,#4213,#4219));
#4211 = ORIENTED_EDGE('',*,*,#3081,.T.);
#4212 = ORIENTED_EDGE('',*,*,#3718,.T.);
#4213 = ORIENTED_EDGE('',*,*,#4214,.F.);
#4214 = EDGE_CURVE('',#3164,#3710,#4215,.T.);
#4215 = LINE('',#4216,#4217);
#4216 = CARTESIAN_POINT('',(243.01496,-226.761751,0.));
#4217 = VECTOR('',#4218,1.);
#4218 = DIRECTION('',(0.,0.,1.));
#4219 = ORIENTED_EDGE('',*,*,#3172,.F.);
#4220 = PLANE('',#4221);
#4221 = AXIS2_PLACEMENT_3D('',#4222,#4223,#4224);
#4222 = CARTESIAN_POINT('',(243.01722,-226.58278,0.));
#4223 = DIRECTION('',(0.999920279573,-1.262673747055E-02,0.));
#4224 = DIRECTION('',(-1.262673747055E-02,-0.999920279573,0.));
#4225 = ADVANCED_FACE('',(#4226),#4237,.T.);
#4226 = FACE_BOUND('',#4227,.T.);
#4227 = EDGE_LOOP('',(#4228,#4234,#4235,#4236));
#4228 = ORIENTED_EDGE('',*,*,#4229,.T.);
#4229 = EDGE_CURVE('',#3114,#3660,#4230,.T.);
#4230 = LINE('',#4231,#4232);
#4231 = CARTESIAN_POINT('',(171.002262,-68.02103,0.));
#4232 = VECTOR('',#4233,1.);
#4233 = DIRECTION('',(0.,0.,1.));
#4234 = ORIENTED_EDGE('',*,*,#3659,.T.);
#4235 = ORIENTED_EDGE('',*,*,#4195,.F.);
#4236 = ORIENTED_EDGE('',*,*,#3113,.F.);
#4237 = CYLINDRICAL_SURFACE('',#4238,3.415250857606);
#4238 = AXIS2_PLACEMENT_3D('',#4239,#4240,#4241);
#4239 = CARTESIAN_POINT('',(174.412923237,-68.1980281547,0.));
#4240 = DIRECTION('',(0.,0.,-1.));
#4241 = DIRECTION('',(-0.998656139536,5.182581370556E-02,0.));
#4242 = ADVANCED_FACE('',(#4243),#4254,.T.);
#4243 = FACE_BOUND('',#4244,.T.);
#4244 = EDGE_LOOP('',(#4245,#4246,#4247,#4253));
#4245 = ORIENTED_EDGE('',*,*,#4214,.T.);
#4246 = ORIENTED_EDGE('',*,*,#3709,.T.);
#4247 = ORIENTED_EDGE('',*,*,#4248,.F.);
#4248 = EDGE_CURVE('',#3156,#3702,#4249,.T.);
#4249 = LINE('',#4250,#4251);
#4250 = CARTESIAN_POINT('',(239.6,-230.,0.));
#4251 = VECTOR('',#4252,1.);
#4252 = DIRECTION('',(0.,0.,1.));
#4253 = ORIENTED_EDGE('',*,*,#3163,.F.);
#4254 = CYLINDRICAL_SURFACE('',#4255,3.415196233575);
#4255 = AXIS2_PLACEMENT_3D('',#4256,#4257,#4258);
#4256 = CARTESIAN_POINT('',(239.60435067451,-226.5848065376,0.));
#4257 = DIRECTION('',(0.,0.,-1.));
#4258 = DIRECTION('',(0.998656912288,-5.181092103486E-02,0.));
#4259 = ADVANCED_FACE('',(#4260),#4271,.T.);
#4260 = FACE_BOUND('',#4261,.T.);
#4261 = EDGE_LOOP('',(#4262,#4268,#4269,#4270));
#4262 = ORIENTED_EDGE('',*,*,#4263,.T.);
#4263 = EDGE_CURVE('',#3123,#3669,#4264,.T.);
#4264 = LINE('',#4265,#4266);
#4265 = CARTESIAN_POINT('',(171.,-68.2,0.));
#4266 = VECTOR('',#4267,1.);
#4267 = DIRECTION('',(0.,0.,1.));
#4268 = ORIENTED_EDGE('',*,*,#3668,.T.);
#4269 = ORIENTED_EDGE('',*,*,#4229,.F.);
#4270 = ORIENTED_EDGE('',*,*,#3122,.F.);
#4271 = PLANE('',#4272);
#4272 = AXIS2_PLACEMENT_3D('',#4273,#4274,#4275);
#4273 = CARTESIAN_POINT('',(171.,-68.2,0.));
#4274 = DIRECTION('',(-0.999920137537,1.263798039398E-02,0.));
#4275 = DIRECTION('',(1.263798039398E-02,0.999920137537,0.));
#4276 = ADVANCED_FACE('',(#4277),#4288,.T.);
#4277 = FACE_BOUND('',#4278,.T.);
#4278 = EDGE_LOOP('',(#4279,#4280,#4281,#4287));
#4279 = ORIENTED_EDGE('',*,*,#4248,.T.);
#4280 = ORIENTED_EDGE('',*,*,#3701,.T.);
#4281 = ORIENTED_EDGE('',*,*,#4282,.F.);
#4282 = EDGE_CURVE('',#3148,#3694,#4283,.T.);
#4283 = LINE('',#4284,#4285);
#4284 = CARTESIAN_POINT('',(174.41722,-230.,0.));
#4285 = VECTOR('',#4286,1.);
#4286 = DIRECTION('',(0.,0.,1.));
#4287 = ORIENTED_EDGE('',*,*,#3155,.F.);
#4288 = PLANE('',#4289);
#4289 = AXIS2_PLACEMENT_3D('',#4290,#4291,#4292);
#4290 = CARTESIAN_POINT('',(239.6,-230.,0.));
#4291 = DIRECTION('',(0.,-1.,0.));
#4292 = DIRECTION('',(-1.,0.,0.));
#4293 = ADVANCED_FACE('',(#4294),#4305,.T.);
#4294 = FACE_BOUND('',#4295,.T.);
#4295 = EDGE_LOOP('',(#4296,#4302,#4303,#4304));
#4296 = ORIENTED_EDGE('',*,*,#4297,.T.);
#4297 = EDGE_CURVE('',#3131,#3677,#4298,.T.);
#4298 = LINE('',#4299,#4300);
#4299 = CARTESIAN_POINT('',(171.,-226.58278,0.));
#4300 = VECTOR('',#4301,1.);
#4301 = DIRECTION('',(0.,0.,1.));
#4302 = ORIENTED_EDGE('',*,*,#3676,.T.);
#4303 = ORIENTED_EDGE('',*,*,#4263,.F.);
#4304 = ORIENTED_EDGE('',*,*,#3130,.F.);
#4305 = PLANE('',#4306);
#4306 = AXIS2_PLACEMENT_3D('',#4307,#4308,#4309);
#4307 = CARTESIAN_POINT('',(171.,-226.58278,0.));
#4308 = DIRECTION('',(-1.,0.,0.));
#4309 = DIRECTION('',(0.,1.,0.));
#4310 = ADVANCED_FACE('',(#4311),#4322,.T.);
#4311 = FACE_BOUND('',#4312,.T.);
#4312 = EDGE_LOOP('',(#4313,#4314,#4315,#4321));
#4313 = ORIENTED_EDGE('',*,*,#4282,.T.);
#4314 = ORIENTED_EDGE('',*,*,#3693,.T.);
#4315 = ORIENTED_EDGE('',*,*,#4316,.F.);
#4316 = EDGE_CURVE('',#3139,#3685,#4317,.T.);
#4317 = LINE('',#4318,#4319);
#4318 = CARTESIAN_POINT('',(174.238249,-229.99774,0.));
#4319 = VECTOR('',#4320,1.);
#4320 = DIRECTION('',(0.,0.,1.));
#4321 = ORIENTED_EDGE('',*,*,#3147,.F.);
#4322 = PLANE('',#4323);
#4323 = AXIS2_PLACEMENT_3D('',#4324,#4325,#4326);
#4324 = CARTESIAN_POINT('',(174.41722,-230.,0.));
#4325 = DIRECTION('',(-1.262673747055E-02,-0.999920279573,0.));
#4326 = DIRECTION('',(-0.999920279573,1.262673747055E-02,0.));
#4327 = ADVANCED_FACE('',(#4328),#4334,.T.);
#4328 = FACE_BOUND('',#4329,.T.);
#4329 = EDGE_LOOP('',(#4330,#4331,#4332,#4333));
#4330 = ORIENTED_EDGE('',*,*,#4316,.T.);
#4331 = ORIENTED_EDGE('',*,*,#3684,.T.);
#4332 = ORIENTED_EDGE('',*,*,#4297,.F.);
#4333 = ORIENTED_EDGE('',*,*,#3138,.F.);
#4334 = CYLINDRICAL_SURFACE('',#4335,3.4152151443);
#4335 = AXIS2_PLACEMENT_3D('',#4336,#4337,#4338);
#4336 = CARTESIAN_POINT('',(174.41521239594,-226.5871127206,0.));
#4337 = DIRECTION('',(0.,0.,-1.));
#4338 = DIRECTION('',(-5.181617803366E-02,-0.998656639538,-0.));
#4339 = ADVANCED_FACE('',(#4340),#4351,.F.);
#4340 = FACE_BOUND('',#4341,.T.);
#4341 = EDGE_LOOP('',(#4342,#4343,#4349,#4350));
#4342 = ORIENTED_EDGE('',*,*,#3181,.T.);
#4343 = ORIENTED_EDGE('',*,*,#4344,.T.);
#4344 = EDGE_CURVE('',#3182,#3728,#4345,.T.);
#4345 = LINE('',#4346,#4347);
#4346 = CARTESIAN_POINT('',(176.,-227.15,-4.5E-02));
#4347 = VECTOR('',#4348,1.);
#4348 = DIRECTION('',(0.,0.,1.));
#4349 = ORIENTED_EDGE('',*,*,#3727,.F.);
#4350 = ORIENTED_EDGE('',*,*,#4344,.F.);
#4351 = CYLINDRICAL_SURFACE('',#4352,2.15);
#4352 = AXIS2_PLACEMENT_3D('',#4353,#4354,#4355);
#4353 = CARTESIAN_POINT('',(176.,-225.,-4.5E-02));
#4354 = DIRECTION('',(-0.,-0.,-1.));
#4355 = DIRECTION('',(-0.,-1.,0.));
#4356 = ADVANCED_FACE('',(#4357),#4368,.F.);
#4357 = FACE_BOUND('',#4358,.T.);
#4358 = EDGE_LOOP('',(#4359,#4360,#4366,#4367));
#4359 = ORIENTED_EDGE('',*,*,#3192,.T.);
#4360 = ORIENTED_EDGE('',*,*,#4361,.T.);
#4361 = EDGE_CURVE('',#3193,#3739,#4362,.T.);
#4362 = LINE('',#4363,#4364);
#4363 = CARTESIAN_POINT('',(174.254,-209.896,-4.5E-02));
#4364 = VECTOR('',#4365,1.);
#4365 = DIRECTION('',(0.,0.,1.));
#4366 = ORIENTED_EDGE('',*,*,#3738,.F.);
#4367 = ORIENTED_EDGE('',*,*,#4361,.F.);
#4368 = CYLINDRICAL_SURFACE('',#4369,0.6);
#4369 = AXIS2_PLACEMENT_3D('',#4370,#4371,#4372);
#4370 = CARTESIAN_POINT('',(174.254,-209.296,-4.5E-02));
#4371 = DIRECTION('',(-0.,-0.,-1.));
#4372 = DIRECTION('',(-4.736951571734E-14,-1.,0.));
#4373 = ADVANCED_FACE('',(#4374),#4385,.F.);
#4374 = FACE_BOUND('',#4375,.T.);
#4375 = EDGE_LOOP('',(#4376,#4377,#4383,#4384));
#4376 = ORIENTED_EDGE('',*,*,#3203,.T.);
#4377 = ORIENTED_EDGE('',*,*,#4378,.T.);
#4378 = EDGE_CURVE('',#3204,#3750,#4379,.T.);
#4379 = LINE('',#4380,#4381);
#4380 = CARTESIAN_POINT('',(174.254,-202.53,-4.5E-02));
#4381 = VECTOR('',#4382,1.);
#4382 = DIRECTION('',(0.,0.,1.));
#4383 = ORIENTED_EDGE('',*,*,#3749,.F.);
#4384 = ORIENTED_EDGE('',*,*,#4378,.F.);
#4385 = CYLINDRICAL_SURFACE('',#4386,0.6);
#4386 = AXIS2_PLACEMENT_3D('',#4387,#4388,#4389);
#4387 = CARTESIAN_POINT('',(174.254,-201.93,-4.5E-02));
#4388 = DIRECTION('',(-0.,-0.,-1.));
#4389 = DIRECTION('',(-4.736951571734E-14,-1.,0.));
#4390 = ADVANCED_FACE('',(#4391),#4402,.F.);
#4391 = FACE_BOUND('',#4392,.T.);
#4392 = EDGE_LOOP('',(#4393,#4394,#4400,#4401));
#4393 = ORIENTED_EDGE('',*,*,#3214,.T.);
#4394 = ORIENTED_EDGE('',*,*,#4395,.T.);
#4395 = EDGE_CURVE('',#3215,#3761,#4396,.T.);
#4396 = LINE('',#4397,#4398);
#4397 = CARTESIAN_POINT('',(174.254,-194.91,-4.5E-02));
#4398 = VECTOR('',#4399,1.);
#4399 = DIRECTION('',(0.,0.,1.));
#4400 = ORIENTED_EDGE('',*,*,#3760,.F.);
#4401 = ORIENTED_EDGE('',*,*,#4395,.F.);
#4402 = CYLINDRICAL_SURFACE('',#4403,0.6);
#4403 = AXIS2_PLACEMENT_3D('',#4404,#4405,#4406);
#4404 = CARTESIAN_POINT('',(174.254,-194.31,-4.5E-02));
#4405 = DIRECTION('',(-0.,-0.,-1.));
#4406 = DIRECTION('',(-4.736951571734E-14,-1.,0.));
#4407 = ADVANCED_FACE('',(#4408),#4419,.F.);
#4408 = FACE_BOUND('',#4409,.T.);
#4409 = EDGE_LOOP('',(#4410,#4411,#4417,#4418));
#4410 = ORIENTED_EDGE('',*,*,#3225,.T.);
#4411 = ORIENTED_EDGE('',*,*,#4412,.T.);
#4412 = EDGE_CURVE('',#3226,#3772,#4413,.T.);
#4413 = LINE('',#4414,#4415);
#4414 = CARTESIAN_POINT('',(174.254,-187.544,-4.5E-02));
#4415 = VECTOR('',#4416,1.);
#4416 = DIRECTION('',(0.,0.,1.));
#4417 = ORIENTED_EDGE('',*,*,#3771,.F.);
#4418 = ORIENTED_EDGE('',*,*,#4412,.F.);
#4419 = CYLINDRICAL_SURFACE('',#4420,0.6);
#4420 = AXIS2_PLACEMENT_3D('',#4421,#4422,#4423);
#4421 = CARTESIAN_POINT('',(174.254,-186.944,-4.5E-02));
#4422 = DIRECTION('',(-0.,-0.,-1.));
#4423 = DIRECTION('',(-4.736951571734E-14,-1.,0.));
#4424 = ADVANCED_FACE('',(#4425),#4436,.F.);
#4425 = FACE_BOUND('',#4426,.T.);
#4426 = EDGE_LOOP('',(#4427,#4428,#4434,#4435));
#4427 = ORIENTED_EDGE('',*,*,#3236,.T.);
#4428 = ORIENTED_EDGE('',*,*,#4429,.T.);
#4429 = EDGE_CURVE('',#3237,#3783,#4430,.T.);
#4430 = LINE('',#4431,#4432);
#4431 = CARTESIAN_POINT('',(174.254,-179.924,-4.5E-02));
#4432 = VECTOR('',#4433,1.);
#4433 = DIRECTION('',(0.,0.,1.));
#4434 = ORIENTED_EDGE('',*,*,#3782,.F.);
#4435 = ORIENTED_EDGE('',*,*,#4429,.F.);
#4436 = CYLINDRICAL_SURFACE('',#4437,0.6);
#4437 = AXIS2_PLACEMENT_3D('',#4438,#4439,#4440);
#4438 = CARTESIAN_POINT('',(174.254,-179.324,-4.5E-02));
#4439 = DIRECTION('',(-0.,-0.,-1.));
#4440 = DIRECTION('',(-4.736951571734E-14,-1.,0.));
#4441 = ADVANCED_FACE('',(#4442),#4453,.F.);
#4442 = FACE_BOUND('',#4443,.T.);
#4443 = EDGE_LOOP('',(#4444,#4445,#4451,#4452));
#4444 = ORIENTED_EDGE('',*,*,#3247,.T.);
#4445 = ORIENTED_EDGE('',*,*,#4446,.T.);
#4446 = EDGE_CURVE('',#3248,#3794,#4447,.T.);
#4447 = LINE('',#4448,#4449);
#4448 = CARTESIAN_POINT('',(174.254,-172.558,-4.5E-02));
#4449 = VECTOR('',#4450,1.);
#4450 = DIRECTION('',(0.,0.,1.));
#4451 = ORIENTED_EDGE('',*,*,#3793,.F.);
#4452 = ORIENTED_EDGE('',*,*,#4446,.F.);
#4453 = CYLINDRICAL_SURFACE('',#4454,0.6);
#4454 = AXIS2_PLACEMENT_3D('',#4455,#4456,#4457);
#4455 = CARTESIAN_POINT('',(174.254,-171.958,-4.5E-02));
#4456 = DIRECTION('',(-0.,-0.,-1.));
#4457 = DIRECTION('',(-4.736951571734E-14,-1.,0.));
#4458 = ADVANCED_FACE('',(#4459),#4470,.F.);
#4459 = FACE_BOUND('',#4460,.T.);
#4460 = EDGE_LOOP('',(#4461,#4462,#4468,#4469));
#4461 = ORIENTED_EDGE('',*,*,#3258,.T.);
#4462 = ORIENTED_EDGE('',*,*,#4463,.T.);
#4463 = EDGE_CURVE('',#3259,#3805,#4464,.T.);
#4464 = LINE('',#4465,#4466);
#4465 = CARTESIAN_POINT('',(174.249,-164.938,-4.5E-02));
#4466 = VECTOR('',#4467,1.);
#4467 = DIRECTION('',(0.,0.,1.));
#4468 = ORIENTED_EDGE('',*,*,#3804,.F.);
#4469 = ORIENTED_EDGE('',*,*,#4463,.F.);
#4470 = CYLINDRICAL_SURFACE('',#4471,0.6);
#4471 = AXIS2_PLACEMENT_3D('',#4472,#4473,#4474);
#4472 = CARTESIAN_POINT('',(174.249,-164.338,-4.5E-02));
#4473 = DIRECTION('',(-0.,-0.,-1.));
#4474 = DIRECTION('',(-0.,-1.,0.));
#4475 = ADVANCED_FACE('',(#4476),#4487,.F.);
#4476 = FACE_BOUND('',#4477,.T.);
#4477 = EDGE_LOOP('',(#4478,#4479,#4485,#4486));
#4478 = ORIENTED_EDGE('',*,*,#3269,.T.);
#4479 = ORIENTED_EDGE('',*,*,#4480,.T.);
#4480 = EDGE_CURVE('',#3270,#3816,#4481,.T.);
#4481 = LINE('',#4482,#4483);
#4482 = CARTESIAN_POINT('',(174.254,-157.572,-4.5E-02));
#4483 = VECTOR('',#4484,1.);
#4484 = DIRECTION('',(0.,0.,1.));
#4485 = ORIENTED_EDGE('',*,*,#3815,.F.);
#4486 = ORIENTED_EDGE('',*,*,#4480,.F.);
#4487 = CYLINDRICAL_SURFACE('',#4488,0.6);
#4488 = AXIS2_PLACEMENT_3D('',#4489,#4490,#4491);
#4489 = CARTESIAN_POINT('',(174.254,-156.972,-4.5E-02));
#4490 = DIRECTION('',(-0.,-0.,-1.));
#4491 = DIRECTION('',(-4.736951571734E-14,-1.,0.));
#4492 = ADVANCED_FACE('',(#4493),#4504,.F.);
#4493 = FACE_BOUND('',#4494,.T.);
#4494 = EDGE_LOOP('',(#4495,#4496,#4502,#4503));
#4495 = ORIENTED_EDGE('',*,*,#3280,.T.);
#4496 = ORIENTED_EDGE('',*,*,#4497,.T.);
#4497 = EDGE_CURVE('',#3281,#3827,#4498,.T.);
#4498 = LINE('',#4499,#4500);
#4499 = CARTESIAN_POINT('',(174.249,-149.952,-4.5E-02));
#4500 = VECTOR('',#4501,1.);
#4501 = DIRECTION('',(0.,0.,1.));
#4502 = ORIENTED_EDGE('',*,*,#3826,.F.);
#4503 = ORIENTED_EDGE('',*,*,#4497,.F.);
#4504 = CYLINDRICAL_SURFACE('',#4505,0.6);
#4505 = AXIS2_PLACEMENT_3D('',#4506,#4507,#4508);
#4506 = CARTESIAN_POINT('',(174.249,-149.352,-4.5E-02));
#4507 = DIRECTION('',(-0.,-0.,-1.));
#4508 = DIRECTION('',(-0.,-1.,0.));
#4509 = ADVANCED_FACE('',(#4510),#4521,.F.);
#4510 = FACE_BOUND('',#4511,.T.);
#4511 = EDGE_LOOP('',(#4512,#4513,#4519,#4520));
#4512 = ORIENTED_EDGE('',*,*,#3291,.T.);
#4513 = ORIENTED_EDGE('',*,*,#4514,.T.);
#4514 = EDGE_CURVE('',#3292,#3838,#4515,.T.);
#4515 = LINE('',#4516,#4517);
#4516 = CARTESIAN_POINT('',(238.,-227.15,-4.5E-02));
#4517 = VECTOR('',#4518,1.);
#4518 = DIRECTION('',(0.,0.,1.));
#4519 = ORIENTED_EDGE('',*,*,#3837,.F.);
#4520 = ORIENTED_EDGE('',*,*,#4514,.F.);
#4521 = CYLINDRICAL_SURFACE('',#4522,2.15);
#4522 = AXIS2_PLACEMENT_3D('',#4523,#4524,#4525);
#4523 = CARTESIAN_POINT('',(238.,-225.,-4.5E-02));
#4524 = DIRECTION('',(-0.,-0.,-1.));
#4525 = DIRECTION('',(-0.,-1.,0.));
#4526 = ADVANCED_FACE('',(#4527),#4538,.F.);
#4527 = FACE_BOUND('',#4528,.T.);
#4528 = EDGE_LOOP('',(#4529,#4530,#4536,#4537));
#4529 = ORIENTED_EDGE('',*,*,#3302,.T.);
#4530 = ORIENTED_EDGE('',*,*,#4531,.T.);
#4531 = EDGE_CURVE('',#3303,#3849,#4532,.T.);
#4532 = LINE('',#4533,#4534);
#4533 = CARTESIAN_POINT('',(240.294,-209.896,-4.5E-02));
#4534 = VECTOR('',#4535,1.);
#4535 = DIRECTION('',(0.,0.,1.));
#4536 = ORIENTED_EDGE('',*,*,#3848,.F.);
#4537 = ORIENTED_EDGE('',*,*,#4531,.F.);
#4538 = CYLINDRICAL_SURFACE('',#4539,0.6);
#4539 = AXIS2_PLACEMENT_3D('',#4540,#4541,#4542);
#4540 = CARTESIAN_POINT('',(240.294,-209.296,-4.5E-02));
#4541 = DIRECTION('',(-0.,0.,-1.));
#4542 = DIRECTION('',(4.736951571734E-14,-1.,-0.));
#4543 = ADVANCED_FACE('',(#4544),#4555,.F.);
#4544 = FACE_BOUND('',#4545,.T.);
#4545 = EDGE_LOOP('',(#4546,#4547,#4553,#4554));
#4546 = ORIENTED_EDGE('',*,*,#3313,.T.);
#4547 = ORIENTED_EDGE('',*,*,#4548,.T.);
#4548 = EDGE_CURVE('',#3314,#3860,#4549,.T.);
#4549 = LINE('',#4550,#4551);
#4550 = CARTESIAN_POINT('',(240.294,-202.53,-4.5E-02));
#4551 = VECTOR('',#4552,1.);
#4552 = DIRECTION('',(0.,0.,1.));
#4553 = ORIENTED_EDGE('',*,*,#3859,.F.);
#4554 = ORIENTED_EDGE('',*,*,#4548,.F.);
#4555 = CYLINDRICAL_SURFACE('',#4556,0.6);
#4556 = AXIS2_PLACEMENT_3D('',#4557,#4558,#4559);
#4557 = CARTESIAN_POINT('',(240.294,-201.93,-4.5E-02));
#4558 = DIRECTION('',(-0.,0.,-1.));
#4559 = DIRECTION('',(4.736951571734E-14,-1.,-0.));
#4560 = ADVANCED_FACE('',(#4561),#4572,.F.);
#4561 = FACE_BOUND('',#4562,.T.);
#4562 = EDGE_LOOP('',(#4563,#4564,#4570,#4571));
#4563 = ORIENTED_EDGE('',*,*,#3324,.T.);
#4564 = ORIENTED_EDGE('',*,*,#4565,.T.);
#4565 = EDGE_CURVE('',#3325,#3871,#4566,.T.);
#4566 = LINE('',#4567,#4568);
#4567 = CARTESIAN_POINT('',(240.294,-194.91,-4.5E-02));
#4568 = VECTOR('',#4569,1.);
#4569 = DIRECTION('',(0.,0.,1.));
#4570 = ORIENTED_EDGE('',*,*,#3870,.F.);
#4571 = ORIENTED_EDGE('',*,*,#4565,.F.);
#4572 = CYLINDRICAL_SURFACE('',#4573,0.6);
#4573 = AXIS2_PLACEMENT_3D('',#4574,#4575,#4576);
#4574 = CARTESIAN_POINT('',(240.294,-194.31,-4.5E-02));
#4575 = DIRECTION('',(-0.,0.,-1.));
#4576 = DIRECTION('',(4.736951571734E-14,-1.,-0.));
#4577 = ADVANCED_FACE('',(#4578),#4589,.F.);
#4578 = FACE_BOUND('',#4579,.T.);
#4579 = EDGE_LOOP('',(#4580,#4581,#4587,#4588));
#4580 = ORIENTED_EDGE('',*,*,#3335,.T.);
#4581 = ORIENTED_EDGE('',*,*,#4582,.T.);
#4582 = EDGE_CURVE('',#3336,#3882,#4583,.T.);
#4583 = LINE('',#4584,#4585);
#4584 = CARTESIAN_POINT('',(240.294,-187.544,-4.5E-02));
#4585 = VECTOR('',#4586,1.);
#4586 = DIRECTION('',(0.,0.,1.));
#4587 = ORIENTED_EDGE('',*,*,#3881,.F.);
#4588 = ORIENTED_EDGE('',*,*,#4582,.F.);
#4589 = CYLINDRICAL_SURFACE('',#4590,0.6);
#4590 = AXIS2_PLACEMENT_3D('',#4591,#4592,#4593);
#4591 = CARTESIAN_POINT('',(240.294,-186.944,-4.5E-02));
#4592 = DIRECTION('',(-0.,0.,-1.));
#4593 = DIRECTION('',(4.736951571734E-14,-1.,-0.));
#4594 = ADVANCED_FACE('',(#4595),#4606,.F.);
#4595 = FACE_BOUND('',#4596,.T.);
#4596 = EDGE_LOOP('',(#4597,#4598,#4604,#4605));
#4597 = ORIENTED_EDGE('',*,*,#3346,.T.);
#4598 = ORIENTED_EDGE('',*,*,#4599,.T.);
#4599 = EDGE_CURVE('',#3347,#3893,#4600,.T.);
#4600 = LINE('',#4601,#4602);
#4601 = CARTESIAN_POINT('',(240.294,-179.924,-4.5E-02));
#4602 = VECTOR('',#4603,1.);
#4603 = DIRECTION('',(0.,0.,1.));
#4604 = ORIENTED_EDGE('',*,*,#3892,.F.);
#4605 = ORIENTED_EDGE('',*,*,#4599,.F.);
#4606 = CYLINDRICAL_SURFACE('',#4607,0.6);
#4607 = AXIS2_PLACEMENT_3D('',#4608,#4609,#4610);
#4608 = CARTESIAN_POINT('',(240.294,-179.324,-4.5E-02));
#4609 = DIRECTION('',(-0.,0.,-1.));
#4610 = DIRECTION('',(4.736951571734E-14,-1.,-0.));
#4611 = ADVANCED_FACE('',(#4612),#4623,.F.);
#4612 = FACE_BOUND('',#4613,.T.);
#4613 = EDGE_LOOP('',(#4614,#4615,#4621,#4622));
#4614 = ORIENTED_EDGE('',*,*,#3357,.T.);
#4615 = ORIENTED_EDGE('',*,*,#4616,.T.);
#4616 = EDGE_CURVE('',#3358,#3904,#4617,.T.);
#4617 = LINE('',#4618,#4619);
#4618 = CARTESIAN_POINT('',(240.294,-172.558,-4.5E-02));
#4619 = VECTOR('',#4620,1.);
#4620 = DIRECTION('',(0.,0.,1.));
#4621 = ORIENTED_EDGE('',*,*,#3903,.F.);
#4622 = ORIENTED_EDGE('',*,*,#4616,.F.);
#4623 = CYLINDRICAL_SURFACE('',#4624,0.6);
#4624 = AXIS2_PLACEMENT_3D('',#4625,#4626,#4627);
#4625 = CARTESIAN_POINT('',(240.294,-171.958,-4.5E-02));
#4626 = DIRECTION('',(-0.,0.,-1.));
#4627 = DIRECTION('',(4.736951571734E-14,-1.,-0.));
#4628 = ADVANCED_FACE('',(#4629),#4640,.F.);
#4629 = FACE_BOUND('',#4630,.T.);
#4630 = EDGE_LOOP('',(#4631,#4632,#4638,#4639));
#4631 = ORIENTED_EDGE('',*,*,#3368,.T.);
#4632 = ORIENTED_EDGE('',*,*,#4633,.T.);
#4633 = EDGE_CURVE('',#3369,#3915,#4634,.T.);
#4634 = LINE('',#4635,#4636);
#4635 = CARTESIAN_POINT('',(240.289,-164.938,-4.5E-02));
#4636 = VECTOR('',#4637,1.);
#4637 = DIRECTION('',(0.,0.,1.));
#4638 = ORIENTED_EDGE('',*,*,#3914,.F.);
#4639 = ORIENTED_EDGE('',*,*,#4633,.F.);
#4640 = CYLINDRICAL_SURFACE('',#4641,0.6);
#4641 = AXIS2_PLACEMENT_3D('',#4642,#4643,#4644);
#4642 = CARTESIAN_POINT('',(240.289,-164.338,-4.5E-02));
#4643 = DIRECTION('',(-0.,-0.,-1.));
#4644 = DIRECTION('',(-0.,-1.,0.));
#4645 = ADVANCED_FACE('',(#4646),#4657,.F.);
#4646 = FACE_BOUND('',#4647,.T.);
#4647 = EDGE_LOOP('',(#4648,#4649,#4655,#4656));
#4648 = ORIENTED_EDGE('',*,*,#3379,.T.);
#4649 = ORIENTED_EDGE('',*,*,#4650,.T.);
#4650 = EDGE_CURVE('',#3380,#3926,#4651,.T.);
#4651 = LINE('',#4652,#4653);
#4652 = CARTESIAN_POINT('',(240.294,-157.572,-4.5E-02));
#4653 = VECTOR('',#4654,1.);
#4654 = DIRECTION('',(0.,0.,1.));
#4655 = ORIENTED_EDGE('',*,*,#3925,.F.);
#4656 = ORIENTED_EDGE('',*,*,#4650,.F.);
#4657 = CYLINDRICAL_SURFACE('',#4658,0.6);
#4658 = AXIS2_PLACEMENT_3D('',#4659,#4660,#4661);
#4659 = CARTESIAN_POINT('',(240.294,-156.972,-4.5E-02));
#4660 = DIRECTION('',(-0.,0.,-1.));
#4661 = DIRECTION('',(4.736951571734E-14,-1.,-0.));
#4662 = ADVANCED_FACE('',(#4663),#4674,.F.);
#4663 = FACE_BOUND('',#4664,.T.);
#4664 = EDGE_LOOP('',(#4665,#4666,#4672,#4673));
#4665 = ORIENTED_EDGE('',*,*,#3390,.T.);
#4666 = ORIENTED_EDGE('',*,*,#4667,.T.);
#4667 = EDGE_CURVE('',#3391,#3937,#4668,.T.);
#4668 = LINE('',#4669,#4670);
#4669 = CARTESIAN_POINT('',(240.289,-149.952,-4.5E-02));
#4670 = VECTOR('',#4671,1.);
#4671 = DIRECTION('',(0.,0.,1.));
#4672 = ORIENTED_EDGE('',*,*,#3936,.F.);
#4673 = ORIENTED_EDGE('',*,*,#4667,.F.);
#4674 = CYLINDRICAL_SURFACE('',#4675,0.6);
#4675 = AXIS2_PLACEMENT_3D('',#4676,#4677,#4678);
#4676 = CARTESIAN_POINT('',(240.289,-149.352,-4.5E-02));
#4677 = DIRECTION('',(-0.,-0.,-1.));
#4678 = DIRECTION('',(-0.,-1.,0.));
#4679 = ADVANCED_FACE('',(#4680),#4691,.F.);
#4680 = FACE_BOUND('',#4681,.T.);
#4681 = EDGE_LOOP('',(#4682,#4683,#4689,#4690));
#4682 = ORIENTED_EDGE('',*,*,#3401,.T.);
#4683 = ORIENTED_EDGE('',*,*,#4684,.T.);
#4684 = EDGE_CURVE('',#3402,#3948,#4685,.T.);
#4685 = LINE('',#4686,#4687);
#4686 = CARTESIAN_POINT('',(174.249,-142.586,-4.5E-02));
#4687 = VECTOR('',#4688,1.);
#4688 = DIRECTION('',(0.,0.,1.));
#4689 = ORIENTED_EDGE('',*,*,#3947,.F.);
#4690 = ORIENTED_EDGE('',*,*,#4684,.F.);
#4691 = CYLINDRICAL_SURFACE('',#4692,0.6);
#4692 = AXIS2_PLACEMENT_3D('',#4693,#4694,#4695);
#4693 = CARTESIAN_POINT('',(174.249,-141.986,-4.5E-02));
#4694 = DIRECTION('',(-0.,-0.,-1.));
#4695 = DIRECTION('',(-0.,-1.,0.));
#4696 = ADVANCED_FACE('',(#4697),#4708,.F.);
#4697 = FACE_BOUND('',#4698,.T.);
#4698 = EDGE_LOOP('',(#4699,#4700,#4706,#4707));
#4699 = ORIENTED_EDGE('',*,*,#3412,.T.);
#4700 = ORIENTED_EDGE('',*,*,#4701,.T.);
#4701 = EDGE_CURVE('',#3413,#3959,#4702,.T.);
#4702 = LINE('',#4703,#4704);
#4703 = CARTESIAN_POINT('',(174.249,-134.966,-4.5E-02));
#4704 = VECTOR('',#4705,1.);
#4705 = DIRECTION('',(0.,0.,1.));
#4706 = ORIENTED_EDGE('',*,*,#3958,.F.);
#4707 = ORIENTED_EDGE('',*,*,#4701,.F.);
#4708 = CYLINDRICAL_SURFACE('',#4709,0.6);
#4709 = AXIS2_PLACEMENT_3D('',#4710,#4711,#4712);
#4710 = CARTESIAN_POINT('',(174.249,-134.366,-4.5E-02));
#4711 = DIRECTION('',(-0.,-0.,-1.));
#4712 = DIRECTION('',(-0.,-1.,0.));
#4713 = ADVANCED_FACE('',(#4714),#4725,.F.);
#4714 = FACE_BOUND('',#4715,.T.);
#4715 = EDGE_LOOP('',(#4716,#4717,#4723,#4724));
#4716 = ORIENTED_EDGE('',*,*,#3423,.T.);
#4717 = ORIENTED_EDGE('',*,*,#4718,.T.);
#4718 = EDGE_CURVE('',#3424,#3970,#4719,.T.);
#4719 = LINE('',#4720,#4721);
#4720 = CARTESIAN_POINT('',(174.249,-127.6,-4.5E-02));
#4721 = VECTOR('',#4722,1.);
#4722 = DIRECTION('',(0.,0.,1.));
#4723 = ORIENTED_EDGE('',*,*,#3969,.F.);
#4724 = ORIENTED_EDGE('',*,*,#4718,.F.);
#4725 = CYLINDRICAL_SURFACE('',#4726,0.6);
#4726 = AXIS2_PLACEMENT_3D('',#4727,#4728,#4729);
#4727 = CARTESIAN_POINT('',(174.249,-127.,-4.5E-02));
#4728 = DIRECTION('',(-0.,-0.,-1.));
#4729 = DIRECTION('',(-0.,-1.,0.));
#4730 = ADVANCED_FACE('',(#4731),#4742,.F.);
#4731 = FACE_BOUND('',#4732,.T.);
#4732 = EDGE_LOOP('',(#4733,#4734,#4740,#4741));
#4733 = ORIENTED_EDGE('',*,*,#3434,.T.);
#4734 = ORIENTED_EDGE('',*,*,#4735,.T.);
#4735 = EDGE_CURVE('',#3435,#3981,#4736,.T.);
#4736 = LINE('',#4737,#4738);
#4737 = CARTESIAN_POINT('',(174.249,-119.98,-4.5E-02));
#4738 = VECTOR('',#4739,1.);
#4739 = DIRECTION('',(0.,0.,1.));
#4740 = ORIENTED_EDGE('',*,*,#3980,.F.);
#4741 = ORIENTED_EDGE('',*,*,#4735,.F.);
#4742 = CYLINDRICAL_SURFACE('',#4743,0.6);
#4743 = AXIS2_PLACEMENT_3D('',#4744,#4745,#4746);
#4744 = CARTESIAN_POINT('',(174.249,-119.38,-4.5E-02));
#4745 = DIRECTION('',(-0.,-0.,-1.));
#4746 = DIRECTION('',(-0.,-1.,0.));
#4747 = ADVANCED_FACE('',(#4748),#4759,.F.);
#4748 = FACE_BOUND('',#4749,.T.);
#4749 = EDGE_LOOP('',(#4750,#4751,#4757,#4758));
#4750 = ORIENTED_EDGE('',*,*,#3445,.T.);
#4751 = ORIENTED_EDGE('',*,*,#4752,.T.);
#4752 = EDGE_CURVE('',#3446,#3992,#4753,.T.);
#4753 = LINE('',#4754,#4755);
#4754 = CARTESIAN_POINT('',(174.244,-112.614,-4.5E-02));
#4755 = VECTOR('',#4756,1.);
#4756 = DIRECTION('',(0.,0.,1.));
#4757 = ORIENTED_EDGE('',*,*,#3991,.F.);
#4758 = ORIENTED_EDGE('',*,*,#4752,.F.);
#4759 = CYLINDRICAL_SURFACE('',#4760,0.6);
#4760 = AXIS2_PLACEMENT_3D('',#4761,#4762,#4763);
#4761 = CARTESIAN_POINT('',(174.244,-112.014,-4.5E-02));
#4762 = DIRECTION('',(-0.,-0.,-1.));
#4763 = DIRECTION('',(-0.,-1.,0.));
#4764 = ADVANCED_FACE('',(#4765),#4776,.F.);
#4765 = FACE_BOUND('',#4766,.T.);
#4766 = EDGE_LOOP('',(#4767,#4768,#4774,#4775));
#4767 = ORIENTED_EDGE('',*,*,#3456,.T.);
#4768 = ORIENTED_EDGE('',*,*,#4769,.T.);
#4769 = EDGE_CURVE('',#3457,#4003,#4770,.T.);
#4770 = LINE('',#4771,#4772);
#4771 = CARTESIAN_POINT('',(174.249,-104.994,-4.5E-02));
#4772 = VECTOR('',#4773,1.);
#4773 = DIRECTION('',(0.,0.,1.));
#4774 = ORIENTED_EDGE('',*,*,#4002,.F.);
#4775 = ORIENTED_EDGE('',*,*,#4769,.F.);
#4776 = CYLINDRICAL_SURFACE('',#4777,0.6);
#4777 = AXIS2_PLACEMENT_3D('',#4778,#4779,#4780);
#4778 = CARTESIAN_POINT('',(174.249,-104.394,-4.5E-02));
#4779 = DIRECTION('',(-0.,-0.,-1.));
#4780 = DIRECTION('',(-0.,-1.,0.));
#4781 = ADVANCED_FACE('',(#4782),#4793,.F.);
#4782 = FACE_BOUND('',#4783,.T.);
#4783 = EDGE_LOOP('',(#4784,#4785,#4791,#4792));
#4784 = ORIENTED_EDGE('',*,*,#3467,.T.);
#4785 = ORIENTED_EDGE('',*,*,#4786,.T.);
#4786 = EDGE_CURVE('',#3468,#4014,#4787,.T.);
#4787 = LINE('',#4788,#4789);
#4788 = CARTESIAN_POINT('',(174.244,-97.628,-4.5E-02));
#4789 = VECTOR('',#4790,1.);
#4790 = DIRECTION('',(0.,0.,1.));
#4791 = ORIENTED_EDGE('',*,*,#4013,.F.);
#4792 = ORIENTED_EDGE('',*,*,#4786,.F.);
#4793 = CYLINDRICAL_SURFACE('',#4794,0.6);
#4794 = AXIS2_PLACEMENT_3D('',#4795,#4796,#4797);
#4795 = CARTESIAN_POINT('',(174.244,-97.028,-4.5E-02));
#4796 = DIRECTION('',(-0.,-0.,-1.));
#4797 = DIRECTION('',(-0.,-1.,0.));
#4798 = ADVANCED_FACE('',(#4799),#4810,.F.);
#4799 = FACE_BOUND('',#4800,.T.);
#4800 = EDGE_LOOP('',(#4801,#4802,#4808,#4809));
#4801 = ORIENTED_EDGE('',*,*,#3478,.T.);
#4802 = ORIENTED_EDGE('',*,*,#4803,.T.);
#4803 = EDGE_CURVE('',#3479,#4025,#4804,.T.);
#4804 = LINE('',#4805,#4806);
#4805 = CARTESIAN_POINT('',(176.,-72.15,-4.5E-02));
#4806 = VECTOR('',#4807,1.);
#4807 = DIRECTION('',(0.,0.,1.));
#4808 = ORIENTED_EDGE('',*,*,#4024,.F.);
#4809 = ORIENTED_EDGE('',*,*,#4803,.F.);
#4810 = CYLINDRICAL_SURFACE('',#4811,2.15);
#4811 = AXIS2_PLACEMENT_3D('',#4812,#4813,#4814);
#4812 = CARTESIAN_POINT('',(176.,-70.,-4.5E-02));
#4813 = DIRECTION('',(-0.,-0.,-1.));
#4814 = DIRECTION('',(-0.,-1.,0.));
#4815 = ADVANCED_FACE('',(#4816),#4827,.F.);
#4816 = FACE_BOUND('',#4817,.T.);
#4817 = EDGE_LOOP('',(#4818,#4819,#4825,#4826));
#4818 = ORIENTED_EDGE('',*,*,#3489,.T.);
#4819 = ORIENTED_EDGE('',*,*,#4820,.T.);
#4820 = EDGE_CURVE('',#3490,#4036,#4821,.T.);
#4821 = LINE('',#4822,#4823);
#4822 = CARTESIAN_POINT('',(193.976,-78.142,-4.5E-02));
#4823 = VECTOR('',#4824,1.);
#4824 = DIRECTION('',(0.,0.,1.));
#4825 = ORIENTED_EDGE('',*,*,#4035,.F.);
#4826 = ORIENTED_EDGE('',*,*,#4820,.F.);
#4827 = CYLINDRICAL_SURFACE('',#4828,0.7);
#4828 = AXIS2_PLACEMENT_3D('',#4829,#4830,#4831);
#4829 = CARTESIAN_POINT('',(193.976,-77.442,-4.5E-02));
#4830 = DIRECTION('',(-0.,-0.,-1.));
#4831 = DIRECTION('',(-0.,-1.,0.));
#4832 = ADVANCED_FACE('',(#4833),#4844,.F.);
#4833 = FACE_BOUND('',#4834,.T.);
#4834 = EDGE_LOOP('',(#4835,#4836,#4842,#4843));
#4835 = ORIENTED_EDGE('',*,*,#3500,.T.);
#4836 = ORIENTED_EDGE('',*,*,#4837,.T.);
#4837 = EDGE_CURVE('',#3501,#4047,#4838,.T.);
#4838 = LINE('',#4839,#4840);
#4839 = CARTESIAN_POINT('',(193.976,-72.642,-4.5E-02));
#4840 = VECTOR('',#4841,1.);
#4841 = DIRECTION('',(0.,0.,1.));
#4842 = ORIENTED_EDGE('',*,*,#4046,.F.);
#4843 = ORIENTED_EDGE('',*,*,#4837,.F.);
#4844 = CYLINDRICAL_SURFACE('',#4845,0.7);
#4845 = AXIS2_PLACEMENT_3D('',#4846,#4847,#4848);
#4846 = CARTESIAN_POINT('',(193.976,-71.942,-4.5E-02));
#4847 = DIRECTION('',(-0.,-0.,-1.));
#4848 = DIRECTION('',(-0.,-1.,0.));
#4849 = ADVANCED_FACE('',(#4850),#4861,.F.);
#4850 = FACE_BOUND('',#4851,.T.);
#4851 = EDGE_LOOP('',(#4852,#4853,#4859,#4860));
#4852 = ORIENTED_EDGE('',*,*,#3511,.T.);
#4853 = ORIENTED_EDGE('',*,*,#4854,.T.);
#4854 = EDGE_CURVE('',#3512,#4058,#4855,.T.);
#4855 = LINE('',#4856,#4857);
#4856 = CARTESIAN_POINT('',(240.289,-142.586,-4.5E-02));
#4857 = VECTOR('',#4858,1.);
#4858 = DIRECTION('',(0.,0.,1.));
#4859 = ORIENTED_EDGE('',*,*,#4057,.F.);
#4860 = ORIENTED_EDGE('',*,*,#4854,.F.);
#4861 = CYLINDRICAL_SURFACE('',#4862,0.6);
#4862 = AXIS2_PLACEMENT_3D('',#4863,#4864,#4865);
#4863 = CARTESIAN_POINT('',(240.289,-141.986,-4.5E-02));
#4864 = DIRECTION('',(-0.,-0.,-1.));
#4865 = DIRECTION('',(-0.,-1.,0.));
#4866 = ADVANCED_FACE('',(#4867),#4878,.F.);
#4867 = FACE_BOUND('',#4868,.T.);
#4868 = EDGE_LOOP('',(#4869,#4870,#4876,#4877));
#4869 = ORIENTED_EDGE('',*,*,#3522,.T.);
#4870 = ORIENTED_EDGE('',*,*,#4871,.T.);
#4871 = EDGE_CURVE('',#3523,#4069,#4872,.T.);
#4872 = LINE('',#4873,#4874);
#4873 = CARTESIAN_POINT('',(240.289,-134.966,-4.5E-02));
#4874 = VECTOR('',#4875,1.);
#4875 = DIRECTION('',(0.,0.,1.));
#4876 = ORIENTED_EDGE('',*,*,#4068,.F.);
#4877 = ORIENTED_EDGE('',*,*,#4871,.F.);
#4878 = CYLINDRICAL_SURFACE('',#4879,0.6);
#4879 = AXIS2_PLACEMENT_3D('',#4880,#4881,#4882);
#4880 = CARTESIAN_POINT('',(240.289,-134.366,-4.5E-02));
#4881 = DIRECTION('',(-0.,-0.,-1.));
#4882 = DIRECTION('',(-0.,-1.,0.));
#4883 = ADVANCED_FACE('',(#4884),#4895,.F.);
#4884 = FACE_BOUND('',#4885,.T.);
#4885 = EDGE_LOOP('',(#4886,#4887,#4893,#4894));
#4886 = ORIENTED_EDGE('',*,*,#3533,.T.);
#4887 = ORIENTED_EDGE('',*,*,#4888,.T.);
#4888 = EDGE_CURVE('',#3534,#4080,#4889,.T.);
#4889 = LINE('',#4890,#4891);
#4890 = CARTESIAN_POINT('',(240.289,-127.6,-4.5E-02));
#4891 = VECTOR('',#4892,1.);
#4892 = DIRECTION('',(0.,0.,1.));
#4893 = ORIENTED_EDGE('',*,*,#4079,.F.);
#4894 = ORIENTED_EDGE('',*,*,#4888,.F.);
#4895 = CYLINDRICAL_SURFACE('',#4896,0.6);
#4896 = AXIS2_PLACEMENT_3D('',#4897,#4898,#4899);
#4897 = CARTESIAN_POINT('',(240.289,-127.,-4.5E-02));
#4898 = DIRECTION('',(-0.,-0.,-1.));
#4899 = DIRECTION('',(-0.,-1.,0.));
#4900 = ADVANCED_FACE('',(#4901),#4912,.F.);
#4901 = FACE_BOUND('',#4902,.T.);
#4902 = EDGE_LOOP('',(#4903,#4904,#4910,#4911));
#4903 = ORIENTED_EDGE('',*,*,#3544,.T.);
#4904 = ORIENTED_EDGE('',*,*,#4905,.T.);
#4905 = EDGE_CURVE('',#3545,#4091,#4906,.T.);
#4906 = LINE('',#4907,#4908);
#4907 = CARTESIAN_POINT('',(240.289,-119.98,-4.5E-02));
#4908 = VECTOR('',#4909,1.);
#4909 = DIRECTION('',(0.,0.,1.));
#4910 = ORIENTED_EDGE('',*,*,#4090,.F.);
#4911 = ORIENTED_EDGE('',*,*,#4905,.F.);
#4912 = CYLINDRICAL_SURFACE('',#4913,0.6);
#4913 = AXIS2_PLACEMENT_3D('',#4914,#4915,#4916);
#4914 = CARTESIAN_POINT('',(240.289,-119.38,-4.5E-02));
#4915 = DIRECTION('',(-0.,-0.,-1.));
#4916 = DIRECTION('',(-0.,-1.,0.));
#4917 = ADVANCED_FACE('',(#4918),#4929,.F.);
#4918 = FACE_BOUND('',#4919,.T.);
#4919 = EDGE_LOOP('',(#4920,#4921,#4927,#4928));
#4920 = ORIENTED_EDGE('',*,*,#3555,.T.);
#4921 = ORIENTED_EDGE('',*,*,#4922,.T.);
#4922 = EDGE_CURVE('',#3556,#4102,#4923,.T.);
#4923 = LINE('',#4924,#4925);
#4924 = CARTESIAN_POINT('',(240.284,-112.614,-4.5E-02));
#4925 = VECTOR('',#4926,1.);
#4926 = DIRECTION('',(0.,0.,1.));
#4927 = ORIENTED_EDGE('',*,*,#4101,.F.);
#4928 = ORIENTED_EDGE('',*,*,#4922,.F.);
#4929 = CYLINDRICAL_SURFACE('',#4930,0.6);
#4930 = AXIS2_PLACEMENT_3D('',#4931,#4932,#4933);
#4931 = CARTESIAN_POINT('',(240.284,-112.014,-4.5E-02));
#4932 = DIRECTION('',(-0.,-0.,-1.));
#4933 = DIRECTION('',(-0.,-1.,0.));
#4934 = ADVANCED_FACE('',(#4935),#4946,.F.);
#4935 = FACE_BOUND('',#4936,.T.);
#4936 = EDGE_LOOP('',(#4937,#4938,#4944,#4945));
#4937 = ORIENTED_EDGE('',*,*,#3566,.T.);
#4938 = ORIENTED_EDGE('',*,*,#4939,.T.);
#4939 = EDGE_CURVE('',#3567,#4113,#4940,.T.);
#4940 = LINE('',#4941,#4942);
#4941 = CARTESIAN_POINT('',(213.976,-78.142,-4.5E-02));
#4942 = VECTOR('',#4943,1.);
#4943 = DIRECTION('',(0.,0.,1.));
#4944 = ORIENTED_EDGE('',*,*,#4112,.F.);
#4945 = ORIENTED_EDGE('',*,*,#4939,.F.);
#4946 = CYLINDRICAL_SURFACE('',#4947,0.7);
#4947 = AXIS2_PLACEMENT_3D('',#4948,#4949,#4950);
#4948 = CARTESIAN_POINT('',(213.976,-77.442,-4.5E-02));
#4949 = DIRECTION('',(-0.,-0.,-1.));
#4950 = DIRECTION('',(-0.,-1.,0.));
#4951 = ADVANCED_FACE('',(#4952),#4963,.F.);
#4952 = FACE_BOUND('',#4953,.T.);
#4953 = EDGE_LOOP('',(#4954,#4955,#4961,#4962));
#4954 = ORIENTED_EDGE('',*,*,#3577,.T.);
#4955 = ORIENTED_EDGE('',*,*,#4956,.T.);
#4956 = EDGE_CURVE('',#3578,#4124,#4957,.T.);
#4957 = LINE('',#4958,#4959);
#4958 = CARTESIAN_POINT('',(213.976,-72.642,-4.5E-02));
#4959 = VECTOR('',#4960,1.);
#4960 = DIRECTION('',(0.,0.,1.));
#4961 = ORIENTED_EDGE('',*,*,#4123,.F.);
#4962 = ORIENTED_EDGE('',*,*,#4956,.F.);
#4963 = CYLINDRICAL_SURFACE('',#4964,0.7);
#4964 = AXIS2_PLACEMENT_3D('',#4965,#4966,#4967);
#4965 = CARTESIAN_POINT('',(213.976,-71.942,-4.5E-02));
#4966 = DIRECTION('',(-0.,-0.,-1.));
#4967 = DIRECTION('',(-0.,-1.,0.));
#4968 = ADVANCED_FACE('',(#4969),#4980,.F.);
#4969 = FACE_BOUND('',#4970,.T.);
#4970 = EDGE_LOOP('',(#4971,#4972,#4978,#4979));
#4971 = ORIENTED_EDGE('',*,*,#3588,.T.);
#4972 = ORIENTED_EDGE('',*,*,#4973,.T.);
#4973 = EDGE_CURVE('',#3589,#4135,#4974,.T.);
#4974 = LINE('',#4975,#4976);
#4975 = CARTESIAN_POINT('',(223.976,-78.142,-4.5E-02));
#4976 = VECTOR('',#4977,1.);
#4977 = DIRECTION('',(0.,0.,1.));
#4978 = ORIENTED_EDGE('',*,*,#4134,.F.);
#4979 = ORIENTED_EDGE('',*,*,#4973,.F.);
#4980 = CYLINDRICAL_SURFACE('',#4981,0.7);
#4981 = AXIS2_PLACEMENT_3D('',#4982,#4983,#4984);
#4982 = CARTESIAN_POINT('',(223.976,-77.442,-4.5E-02));
#4983 = DIRECTION('',(-0.,-0.,-1.));
#4984 = DIRECTION('',(-0.,-1.,0.));
#4985 = ADVANCED_FACE('',(#4986),#4997,.F.);
#4986 = FACE_BOUND('',#4987,.T.);
#4987 = EDGE_LOOP('',(#4988,#4989,#4995,#4996));
#4988 = ORIENTED_EDGE('',*,*,#3599,.T.);
#4989 = ORIENTED_EDGE('',*,*,#4990,.T.);
#4990 = EDGE_CURVE('',#3600,#4146,#4991,.T.);
#4991 = LINE('',#4992,#4993);
#4992 = CARTESIAN_POINT('',(223.976,-72.642,-4.5E-02));
#4993 = VECTOR('',#4994,1.);
#4994 = DIRECTION('',(0.,0.,1.));
#4995 = ORIENTED_EDGE('',*,*,#4145,.F.);
#4996 = ORIENTED_EDGE('',*,*,#4990,.F.);
#4997 = CYLINDRICAL_SURFACE('',#4998,0.7);
#4998 = AXIS2_PLACEMENT_3D('',#4999,#5000,#5001);
#4999 = CARTESIAN_POINT('',(223.976,-71.942,-4.5E-02));
#5000 = DIRECTION('',(-0.,-0.,-1.));
#5001 = DIRECTION('',(-0.,-1.,0.));
#5002 = ADVANCED_FACE('',(#5003),#5014,.F.);
#5003 = FACE_BOUND('',#5004,.T.);
#5004 = EDGE_LOOP('',(#5005,#5006,#5012,#5013));
#5005 = ORIENTED_EDGE('',*,*,#3610,.T.);
#5006 = ORIENTED_EDGE('',*,*,#5007,.T.);
#5007 = EDGE_CURVE('',#3611,#4157,#5008,.T.);
#5008 = LINE('',#5009,#5010);
#5009 = CARTESIAN_POINT('',(240.289,-104.994,-4.5E-02));
#5010 = VECTOR('',#5011,1.);
#5011 = DIRECTION('',(0.,0.,1.));
#5012 = ORIENTED_EDGE('',*,*,#4156,.F.);
#5013 = ORIENTED_EDGE('',*,*,#5007,.F.);
#5014 = CYLINDRICAL_SURFACE('',#5015,0.6);
#5015 = AXIS2_PLACEMENT_3D('',#5016,#5017,#5018);
#5016 = CARTESIAN_POINT('',(240.289,-104.394,-4.5E-02));
#5017 = DIRECTION('',(-0.,-0.,-1.));
#5018 = DIRECTION('',(-0.,-1.,0.));
#5019 = ADVANCED_FACE('',(#5020),#5031,.F.);
#5020 = FACE_BOUND('',#5021,.T.);
#5021 = EDGE_LOOP('',(#5022,#5023,#5029,#5030));
#5022 = ORIENTED_EDGE('',*,*,#3621,.T.);
#5023 = ORIENTED_EDGE('',*,*,#5024,.T.);
#5024 = EDGE_CURVE('',#3622,#4168,#5025,.T.);
#5025 = LINE('',#5026,#5027);
#5026 = CARTESIAN_POINT('',(240.284,-97.628,-4.5E-02));
#5027 = VECTOR('',#5028,1.);
#5028 = DIRECTION('',(0.,0.,1.));
#5029 = ORIENTED_EDGE('',*,*,#4167,.F.);
#5030 = ORIENTED_EDGE('',*,*,#5024,.F.);
#5031 = CYLINDRICAL_SURFACE('',#5032,0.6);
#5032 = AXIS2_PLACEMENT_3D('',#5033,#5034,#5035);
#5033 = CARTESIAN_POINT('',(240.284,-97.028,-4.5E-02));
#5034 = DIRECTION('',(-0.,-0.,-1.));
#5035 = DIRECTION('',(-0.,-1.,0.));
#5036 = ADVANCED_FACE('',(#5037),#5048,.F.);
#5037 = FACE_BOUND('',#5038,.T.);
#5038 = EDGE_LOOP('',(#5039,#5040,#5046,#5047));
#5039 = ORIENTED_EDGE('',*,*,#3632,.T.);
#5040 = ORIENTED_EDGE('',*,*,#5041,.T.);
#5041 = EDGE_CURVE('',#3633,#4179,#5042,.T.);
#5042 = LINE('',#5043,#5044);
#5043 = CARTESIAN_POINT('',(238.,-72.15,-4.5E-02));
#5044 = VECTOR('',#5045,1.);
#5045 = DIRECTION('',(0.,0.,1.));
#5046 = ORIENTED_EDGE('',*,*,#4178,.F.);
#5047 = ORIENTED_EDGE('',*,*,#5041,.F.);
#5048 = CYLINDRICAL_SURFACE('',#5049,2.15);
#5049 = AXIS2_PLACEMENT_3D('',#5050,#5051,#5052);
#5050 = CARTESIAN_POINT('',(238.,-70.,-4.5E-02));
#5051 = DIRECTION('',(-0.,-0.,-1.));
#5052 = DIRECTION('',(-0.,-1.,0.));
#5053 = ( GEOMETRIC_REPRESENTATION_CONTEXT(3) 
GLOBAL_UNCERTAINTY_ASSIGNED_CONTEXT((#5057)) 
GLOBAL_UNIT_ASSIGNED_CONTEXT((#5054,#5055,#5056)) REPRESENTATION_CONTEXT
('Context #1','3D Context with UNIT and UNCERTAINTY') );
#5054 = ( LENGTH_UNIT() NAMED_UNIT(*) SI_UNIT(.MILLI.,.METRE.) );
#5055 = ( NAMED_UNIT(*) PLANE_ANGLE_UNIT() SI_UNIT($,.RADIAN.) );
#5056 = ( NAMED_UNIT(*) SI_UNIT($,.STERADIAN.) SOLID_ANGLE_UNIT() );
#5057 = UNCERTAINTY_MEASURE_WITH_UNIT(LENGTH_MEASURE(1.E-07),#5054,
  'distance_accuracy_value','confusion accuracy');
#5058 = CONTEXT_DEPENDENT_SHAPE_REPRESENTATION(#5059,#5061);
#5059 = ( REPRESENTATION_RELATIONSHIP('','',#2992,#10) 
REPRESENTATION_RELATIONSHIP_WITH_TRANSFORMATION(#5060) 
SHAPE_REPRESENTATION_RELATIONSHIP() );
#5060 = ITEM_DEFINED_TRANSFORMATION('','',#11,#91);
#5061 = PRODUCT_DEFINITION_SHAPE('Placement','Placement of an item',
  #5062);
#5062 = NEXT_ASSEMBLY_USAGE_OCCURRENCE('22','=>[0:1:1:6]','',#5,#2987,$
  );
#5063 = PRODUCT_RELATED_PRODUCT_CATEGORY('part',$,(#2989));
#5064 = MECHANICAL_DESIGN_GEOMETRIC_PRESENTATION_REPRESENTATION('',(
    #5065,#5073,#5080,#5087,#5094,#5101,#5108,#5116,#5123,#5130,#5137,
    #5144,#5151,#5158),#474);
#5065 = STYLED_ITEM('color',(#5066),#134);
#5066 = PRESENTATION_STYLE_ASSIGNMENT((#5067));
#5067 = SURFACE_STYLE_USAGE(.BOTH.,#5068);
#5068 = SURFACE_SIDE_STYLE('',(#5069));
#5069 = SURFACE_STYLE_FILL_AREA(#5070);
#5070 = FILL_AREA_STYLE('',(#5071));
#5071 = FILL_AREA_STYLE_COLOUR('',#5072);
#5072 = COLOUR_RGB('',0.894999966383,0.890999961016,0.813000030345);
#5073 = STYLED_ITEM('color',(#5074),#174);
#5074 = PRESENTATION_STYLE_ASSIGNMENT((#5075));
#5075 = SURFACE_STYLE_USAGE(.BOTH.,#5076);
#5076 = SURFACE_SIDE_STYLE('',(#5077));
#5077 = SURFACE_STYLE_FILL_AREA(#5078);
#5078 = FILL_AREA_STYLE('',(#5079));
#5079 = FILL_AREA_STYLE_COLOUR('',#5072);
#5080 = STYLED_ITEM('color',(#5081),#205);
#5081 = PRESENTATION_STYLE_ASSIGNMENT((#5082));
#5082 = SURFACE_STYLE_USAGE(.BOTH.,#5083);
#5083 = SURFACE_SIDE_STYLE('',(#5084));
#5084 = SURFACE_STYLE_FILL_AREA(#5085);
#5085 = FILL_AREA_STYLE('',(#5086));
#5086 = FILL_AREA_STYLE_COLOUR('',#5072);
#5087 = STYLED_ITEM('color',(#5088),#236);
#5088 = PRESENTATION_STYLE_ASSIGNMENT((#5089));
#5089 = SURFACE_STYLE_USAGE(.BOTH.,#5090);
#5090 = SURFACE_SIDE_STYLE('',(#5091));
#5091 = SURFACE_STYLE_FILL_AREA(#5092);
#5092 = FILL_AREA_STYLE('',(#5093));
#5093 = FILL_AREA_STYLE_COLOUR('',#5072);
#5094 = STYLED_ITEM('color',(#5095),#264);
#5095 = PRESENTATION_STYLE_ASSIGNMENT((#5096));
#5096 = SURFACE_STYLE_USAGE(.BOTH.,#5097);
#5097 = SURFACE_SIDE_STYLE('',(#5098));
#5098 = SURFACE_STYLE_FILL_AREA(#5099);
#5099 = FILL_AREA_STYLE('',(#5100));
#5100 = FILL_AREA_STYLE_COLOUR('',#5072);
#5101 = STYLED_ITEM('color',(#5102),#292);
#5102 = PRESENTATION_STYLE_ASSIGNMENT((#5103));
#5103 = SURFACE_STYLE_USAGE(.BOTH.,#5104);
#5104 = SURFACE_SIDE_STYLE('',(#5105));
#5105 = SURFACE_STYLE_FILL_AREA(#5106);
#5106 = FILL_AREA_STYLE('',(#5107));
#5107 = FILL_AREA_STYLE_COLOUR('',#5072);
#5108 = STYLED_ITEM('color',(#5109),#304);
#5109 = PRESENTATION_STYLE_ASSIGNMENT((#5110));
#5110 = SURFACE_STYLE_USAGE(.BOTH.,#5111);
#5111 = SURFACE_SIDE_STYLE('',(#5112));
#5112 = SURFACE_STYLE_FILL_AREA(#5113);
#5113 = FILL_AREA_STYLE('',(#5114));
#5114 = FILL_AREA_STYLE_COLOUR('',#5115);
#5115 = COLOUR_RGB('',0.823999987314,0.819999987296,0.781000009244);
#5116 = STYLED_ITEM('color',(#5117),#329);
#5117 = PRESENTATION_STYLE_ASSIGNMENT((#5118));
#5118 = SURFACE_STYLE_USAGE(.BOTH.,#5119);
#5119 = SURFACE_SIDE_STYLE('',(#5120));
#5120 = SURFACE_STYLE_FILL_AREA(#5121);
#5121 = FILL_AREA_STYLE('',(#5122));
#5122 = FILL_AREA_STYLE_COLOUR('',#5115);
#5123 = STYLED_ITEM('color',(#5124),#354);
#5124 = PRESENTATION_STYLE_ASSIGNMENT((#5125));
#5125 = SURFACE_STYLE_USAGE(.BOTH.,#5126);
#5126 = SURFACE_SIDE_STYLE('',(#5127));
#5127 = SURFACE_STYLE_FILL_AREA(#5128);
#5128 = FILL_AREA_STYLE('',(#5129));
#5129 = FILL_AREA_STYLE_COLOUR('',#5115);
#5130 = STYLED_ITEM('color',(#5131),#380);
#5131 = PRESENTATION_STYLE_ASSIGNMENT((#5132));
#5132 = SURFACE_STYLE_USAGE(.BOTH.,#5133);
#5133 = SURFACE_SIDE_STYLE('',(#5134));
#5134 = SURFACE_STYLE_FILL_AREA(#5135);
#5135 = FILL_AREA_STYLE('',(#5136));
#5136 = FILL_AREA_STYLE_COLOUR('',#5115);
#5137 = STYLED_ITEM('color',(#5138),#406);
#5138 = PRESENTATION_STYLE_ASSIGNMENT((#5139));
#5139 = SURFACE_STYLE_USAGE(.BOTH.,#5140);
#5140 = SURFACE_SIDE_STYLE('',(#5141));
#5141 = SURFACE_STYLE_FILL_AREA(#5142);
#5142 = FILL_AREA_STYLE('',(#5143));
#5143 = FILL_AREA_STYLE_COLOUR('',#5115);
#5144 = STYLED_ITEM('color',(#5145),#431);
#5145 = PRESENTATION_STYLE_ASSIGNMENT((#5146));
#5146 = SURFACE_STYLE_USAGE(.BOTH.,#5147);
#5147 = SURFACE_SIDE_STYLE('',(#5148));
#5148 = SURFACE_STYLE_FILL_AREA(#5149);
#5149 = FILL_AREA_STYLE('',(#5150));
#5150 = FILL_AREA_STYLE_COLOUR('',#5115);
#5151 = STYLED_ITEM('color',(#5152),#456);
#5152 = PRESENTATION_STYLE_ASSIGNMENT((#5153));
#5153 = SURFACE_STYLE_USAGE(.BOTH.,#5154);
#5154 = SURFACE_SIDE_STYLE('',(#5155));
#5155 = SURFACE_STYLE_FILL_AREA(#5156);
#5156 = FILL_AREA_STYLE('',(#5157));
#5157 = FILL_AREA_STYLE_COLOUR('',#5115);
#5158 = STYLED_ITEM('color',(#5159),#465);
#5159 = PRESENTATION_STYLE_ASSIGNMENT((#5160));
#5160 = SURFACE_STYLE_USAGE(.BOTH.,#5161);
#5161 = SURFACE_SIDE_STYLE('',(#5162));
#5162 = SURFACE_STYLE_FILL_AREA(#5163);
#5163 = FILL_AREA_STYLE('',(#5164));
#5164 = FILL_AREA_STYLE_COLOUR('',#5115);
#5165 = MECHANICAL_DESIGN_GEOMETRIC_PRESENTATION_REPRESENTATION('',(
    #5166),#5053);
#5166 = STYLED_ITEM('color',(#5167),#2993);
#5167 = PRESENTATION_STYLE_ASSIGNMENT((#5168));
#5168 = SURFACE_STYLE_USAGE(.BOTH.,#5169);
#5169 = SURFACE_SIDE_STYLE('',(#5170));
#5170 = SURFACE_STYLE_FILL_AREA(#5171);
#5171 = FILL_AREA_STYLE('',(#5172));
#5172 = FILL_AREA_STYLE_COLOUR('',#5173);
#5173 = COLOUR_RGB('',0.313304153717,0.484529207832,0.410020903123);
ENDSEC;
END-ISO-10303-21;
